CONFIGURED MODEL: RT-AC66U
SPECIFIED  MODEL: RT-AC66U
----------------------------------------------------------------------------
Clean old model configuration
Update model configuration

make bin
make[1]: Entering directory '/home/jamie/asuswrt-merlin/release/src-rt-6.x'
# prepare config_base
# prepare prebuilt kernel binary
make[2]: Entering directory '/home/jamie/asuswrt-merlin/release/src-rt-6.x'

Using  profile,  build config.

make -C router oldconfig
make[3]: Entering directory '/home/jamie/asuswrt-merlin/release/src/router'
"CLM In /wl/clm/src/ NOT CREATING new clm_blob ..."
make -C /home/jamie/asuswrt-merlin/release/src-rt-6.x/linux/linux-2.6 oldconfig
make[4]: Entering directory '/home/jamie/asuswrt-merlin/release/src-rt/linux/linux-2.6'
scripts/kconfig/conf -o arch/mips/Kconfig
.config:42:warning: trying to assign nonexistent symbol SIBYTE_PTSWARM
.config:393:warning: trying to assign nonexistent symbol IP_NF_MATCH_ACCOUNT_DEBUG
.config:479:warning: trying to reassign symbol IP_NF_MATCH_ACCOUNT
.config:1289:warning: trying to assign nonexistent symbol USB_EHCI_SPLIT_ISO
.config:1399:warning: trying to assign nonexistent symbol USB_BERRY_CHARGE
.config:1809:warning: trying to reassign symbol AF_RXRPC
.config:1817:warning: trying to assign nonexistent symbol RALINK_TIMER_DFS
.config:1818:warning: trying to assign nonexistent symbol RT2860V2_AP_DFS
.config:1819:warning: trying to assign nonexistent symbol RT2860V2_AP_CARRIER
.config:1820:warning: trying to assign nonexistent symbol RTPCI_AP_CARRIER
.config:1839:warning: trying to assign nonexistent symbol WL_USE_HIGH
.config:1844:warning: trying to assign nonexistent symbol LOCALE2012
.config:1845:warning: trying to assign nonexistent symbol N56U_SR2
.config:1846:warning: trying to assign nonexistent symbol EXT4_FS
.config:1857:warning: trying to assign nonexistent symbol IP_MROUTE_MULTIPLE_TABLES
.config:1862:warning: trying to assign nonexistent symbol XFRM_STATISTICS
.config:1880:warning: trying to reassign symbol DUMP_PREV_OOPS_MSG
.config:1883:warning: trying to assign nonexistent symbol RTAC3200
.config:1884:warning: trying to assign nonexistent symbol RTAC87U
.config:1885:warning: trying to assign nonexistent symbol RTAC88U
.config:1886:warning: trying to assign nonexistent symbol BCM_GMAC3
.config:1887:warning: trying to assign nonexistent symbol BCM_FA
.config:1888:warning: trying to assign nonexistent symbol DHDAP
.config:1889:warning: trying to assign nonexistent symbol LINUX_MTD
.config:1891:warning: trying to assign nonexistent symbol RTL8365MB
.config:1892:warning: trying to assign nonexistent symbol RTL8370MB
.config:1893:warning: trying to assign nonexistent symbol BCM_RECVFILE
.config:1894:warning: trying to assign nonexistent symbol RGMII_BCM_FA
.config:1901:warning: trying to assign nonexistent symbol MTD_NAND_DENALI
.config:1902:warning: trying to assign nonexistent symbol MTD_NAND_RICOH
.config:1907:warning: trying to assign nonexistent symbol MTD_NAND_ONENAND
*
* Linux Kernel Configuration
*
*
* Machine selection
*
System type
> 1. Broadcom MIPS based platforms (MIPS_BRCM)
  2. Alchemy processor based machines (MACH_ALCHEMY)
  3. Basler eXcite smart camera (BASLER_EXCITE)
  4. Cobalt Server (MIPS_COBALT)
  5. DECstations (MACH_DECSTATION)
  6. Galileo EV64120 Evaluation board (EXPERIMENTAL) (MIPS_EV64120)
  7. Jazz family of machines (MACH_JAZZ)
  8. LASAT Networks platforms (LASAT)
  9. MIPS Atlas board (MIPS_ATLAS)
  10. MIPS Malta board (MIPS_MALTA)
  11. MIPS SEAD board (EXPERIMENTAL) (MIPS_SEAD)
  12. Wind River PPMC board (WR_PPMC)
  13. MIPS simulator (MIPSsim) (MIPS_SIM)
  14. Momentum Ocelot board (MOMENCO_OCELOT)
  15. Momentum Ocelot-3 board (MOMENCO_OCELOT_3)
  16. Momentum Ocelot-C board (MOMENCO_OCELOT_C)
  17. Philips PNX8550 based JBS board (PNX8550_JBS)
  18. Philips PNX8550 based STB810 board (PNX8550_STB810)
  19. NEC DDB Vrc-5477 (DDB5477)
  20. NEC VR4100 series based machines (MACH_VR41XX)
  21. PMC-Sierra Yosemite eval board (PMC_YOSEMITE)
  22. Qemu (QEMU)
  23. NEC EMMA2RH Mark-eins (MARKEINS)
  24. SGI IP22 (Indy/Indigo2) (SGI_IP22)
  25. SGI IP27 (Origin200/2000) (SGI_IP27)
  26. SGI IP32 (O2) (SGI_IP32)
  27. Sibyte BCM91480B-BigSur (SIBYTE_BIGSUR)
  28. Sibyte BCM91250A-SWARM (SIBYTE_SWARM)
  29. Sibyte BCM91250E-Sentosa (SIBYTE_SENTOSA)
  30. Sibyte BCM91125E-Rhone (SIBYTE_RHONE)
  31. Sibyte BCM91120x-Carmel (SIBYTE_CARMEL)
  32. Sibyte BCM91250C2-LittleSur (SIBYTE_LITTLESUR)
  33. Sibyte BCM91120C-CRhine (SIBYTE_CRHINE)
  34. Sibyte BCM91125C-CRhone (SIBYTE_CRHONE)
  35. SNI RM200/300/400 (SNI_RM)
  36. Toshiba JMR-TX3927 board (TOSHIBA_JMR3927)
  37. Toshiba TBTX49[23]7 board (TOSHIBA_RBTX4927)
  38. Toshiba RBTX4938 board (TOSHIBA_RBTX4938)
choice[1-38]: 1
*
* Support for Broadcom MIPS based boards
*
Support for Broadcom BCM947XX (BCM947XX) [Y/n] y
  Support for Broadcom BCM47XX processors (BCM47XX) [Y/n] y
  Support for Using DSCP based IP forwarding (BCMIPDSCP) [Y/n] y
  Support for performance profiling (HND_BMIPS3300_PROF) [N/y] n
  Memory size (in megabytes) (RAM_SIZE) [0] 0
  NVRAM size (in kilobytes, 0 = default) (NVRAM_SIZE) [0x10000] 0x10000
  Support for shrink memory (SHRINKMEM) [N/y] n
Generic GPIO (GENERIC_GPIO) [N/y] n
Support nvram 64K (NVRAM_64K) [Y/n] y
Support dual trx (DUAL_TRX) [N/y] n
Support nvram format check before commit to CFE (CFE_NVRAM_CHK) [N/y] n
Dump previous kernel oops message (DUMP_PREV_OOPS_MSG) [N/y] n
Endianess selection
> 1. Little endian (CPU_LITTLE_ENDIAN)
choice[1]: 1
*
* CPU selection
*
CPU type
  1. MIPS32 Release 1 (CPU_MIPS32_R1)
> 2. MIPS32 Release 2 (CPU_MIPS32_R2)
choice[1-2]: 2
*
* Kernel type
*
Kernel code model
> 1. 32-bit kernel (32BIT)
choice[1]: 1
Kernel page size
> 1. 4kB (PAGE_SIZE_4KB)
  2. 16kB (PAGE_SIZE_16KB)
  3. 64kB (PAGE_SIZE_64KB)
choice[1-3]: 1
MIPS MT options
> 1. Disable multithreading support. (MIPS_MT_DISABLED)
choice[1]: 1
Support for 64-bit physical address space (64BIT_PHYS_ADDR) [N/y] n
High Memory Support (HIGHMEM) [Y/n] y
Memory model
> 1. Flat Memory (FLATMEM_MANUAL)
  2. Sparse Memory (SPARSEMEM_MANUAL)
choice[1-2]: 1
64 bit Memory and IO resources (EXPERIMENTAL) (RESOURCES_64BIT) [N/y/?] n
Timer frequency
  1. 48 HZ (HZ_48)
> 2. 100 HZ (HZ_100)
  3. 128 HZ (HZ_128)
  4. 250 HZ (HZ_250)
  5. 256 HZ (HZ_256)
  6. 1000 HZ (HZ_1000)
  7. 1024 HZ (HZ_1024)
choice[1-7?]: 2
Preemption Model
> 1. No Forced Preemption (Server) (PREEMPT_NONE)
  2. Voluntary Kernel Preemption (Desktop) (PREEMPT_VOLUNTARY)
  3. Preemptible Kernel (Low-Latency Desktop) (PREEMPT)
choice[1-3]: 1
Kexec system call (EXPERIMENTAL) (KEXEC) [N/y/?] n
*
* Code maturity level options
*
Prompt for development and/or incomplete code/drivers (EXPERIMENTAL) [Y/n/?] y
*
* General setup
*
Local version - append to kernel release (LOCALVERSION) [] 
Automatically append version information to the version string (LOCALVERSION_AUTO) [N/y/?] n
Support for paging of anonymous memory (swap) (SWAP) [Y/n/?] y
System V IPC (SYSVIPC) [Y/n/?] y
  IPC Namespaces (IPC_NS) [N/y/?] n
POSIX Message Queues (POSIX_MQUEUE) [N/y/?] n
BSD Process Accounting (BSD_PROCESS_ACCT) [N/y/?] n
Export task/process statistics through netlink (EXPERIMENTAL) (TASKSTATS) [N/y/?] n
UTS Namespaces (UTS_NS) [N/y/?] n
Auditing support (AUDIT) [N/y/?] n
Kernel .config support (IKCONFIG) [Y/n/m/?] y
  Enable access to .config through /proc/config.gz (IKCONFIG_PROC) [N/y/?] n
Kernel log buffer size (16 => 64KB, 17 => 128KB) (LOG_BUF_SHIFT) [14] 14
Create deprecated sysfs files (SYSFS_DEPRECATED) [Y/n/?] y
Kernel->user space relay support (formerly relayfs) (RELAY) [N/y/?] n
Initial RAM filesystem and RAM disk (initramfs/initrd) support (BLK_DEV_INITRD) [N/y/?] n
Optimize for size (Look out for broken compilers!) (CC_OPTIMIZE_FOR_SIZE) [N/y/?] n
*
* Configure standard kernel features (for small systems)
*
Configure standard kernel features (for small systems) (EMBEDDED) [Y/?] y
  Sysctl syscall support (SYSCTL_SYSCALL) [Y/n/?] y
  Load all symbols for debugging/ksymoops (KALLSYMS) [Y/n/?] y
    Do an extra kallsyms pass (KALLSYMS_EXTRA_PASS) [N/y/?] n
  Support for hot-pluggable devices (HOTPLUG) [Y/n/?] y
  Enable support for printk (PRINTK) [Y/n/?] y
  BUG() support (BUG) [Y/n/?] y
  Enable ELF core dumps (ELF_CORE) [N/y/?] n
  Enable full-sized data structures for core (BASE_FULL) [Y/n/?] y
  Enable futex support (FUTEX) [Y/n/?] y
  Enable anonymous inode source (ANON_INODES) [Y/n/?] y
    Enable eventpoll support (EPOLL) [Y/n/?] y
    Enable signalfd() system call (SIGNALFD) [Y/n/?] y
    Enable timerfd() system call (TIMERFD) [Y/n/?] y
    Enable eventfd() system call (EVENTFD) [Y/n/?] y
  Use full shmem filesystem (SHMEM) [Y/n/?] y
  Enable VM event counters for /proc/vmstat (VM_EVENT_COUNTERS) [N/y/?] n
Choose SLAB allocator
> 1. SLAB (SLAB)
  2. SLUB (Unqueued Allocator) (SLUB)
  3. SLOB (Simple Allocator) (SLOB)
choice[1-3?]: 1
*
* Loadable module support
*
Enable loadable module support (MODULES) [Y/n/?] y
  Module unloading (MODULE_UNLOAD) [Y/n/?] y
    Forced module unloading (MODULE_FORCE_UNLOAD) [N/y/?] n
  Module versioning support (MODVERSIONS) [N/y/?] n
  Source checksum for all modules (MODULE_SRCVERSION_ALL) [N/y/?] n
  Automatic kernel module loading (KMOD) [Y/n/?] y
*
* Block layer
*
Enable the block layer (BLOCK) [Y/n/?] y
  Support for Large Block Devices (LBD) [Y/n/?] y
  Support for tracing block io actions (BLK_DEV_IO_TRACE) [N/y/?] n
  Support for Large Single Files (LSF) [N/y/?] n
  *
  * IO Schedulers
  *
  Anticipatory I/O scheduler (IOSCHED_AS) [N/m/y/?] n
  Deadline I/O scheduler (IOSCHED_DEADLINE) [N/m/y/?] n
  CFQ I/O scheduler (IOSCHED_CFQ) [N/m/y/?] n
  Default I/O scheduler
  > 1. No-op (DEFAULT_NOOP)
  choice[1]: 1
*
* Bus options (PCI, PCMCIA, EISA, ISA, TC)
*
Support for PCI controller (PCI) [Y/n/?] y
*
* PCCARD (PCMCIA/CardBus) support
*
PCCard (PCMCIA/CardBus) support (PCCARD) [N/m/y/?] n
*
* Support for PCI Hotplug (EXPERIMENTAL)
*
Support for PCI Hotplug (EXPERIMENTAL) (HOTPLUG_PCI) [N/m/y/?] n
*
* Executable file formats
*
Kernel support for ELF binaries (BINFMT_ELF) [Y/n/?] y
Kernel support for MISC binaries (BINFMT_MISC) [N/m/y/?] n
*
* Power management options
*
Power Management support (PM) [N/y/?] n
*
* Networking
*
Networking support (NET) [Y/n/?] y
  *
  * Networking options
  *
  Packet socket (PACKET) [Y/n/m/?] y
    Packet socket: mmapped IO (PACKET_MMAP) [N/y/?] n
  Unix domain sockets (UNIX) [Y/n/m/?] y
  Transformation user configuration interface (XFRM_USER) [M/n/y/?] m
  Transformation sub policy support (EXPERIMENTAL) (XFRM_SUB_POLICY) [N/y/?] n
  Transformation migrate database (EXPERIMENTAL) (XFRM_MIGRATE) [N/y/?] n
  PF_KEY sockets (NET_KEY) [M/n/y/?] m
    PF_KEY MIGRATE (EXPERIMENTAL) (NET_KEY_MIGRATE) [N/y/?] n
  TCP/IP networking (INET) [Y/n/?] y
    IP: multicasting (IP_MULTICAST) [Y/n/?] y
    IP: advanced router (IP_ADVANCED_ROUTER) [Y/n/?] y
      Choose IP: FIB lookup algorithm (choose FIB_HASH if unsure)
      > 1. FIB_HASH (ASK_IP_FIB_HASH)
        2. FIB_TRIE (IP_FIB_TRIE)
      choice[1-2]: 1
    IP: policy routing (IP_MULTIPLE_TABLES) [Y/n/?] y
    IP: equal cost multipath (IP_ROUTE_MULTIPATH) [Y/n/?] y
      IP: equal cost multipath with caching support (EXPERIMENTAL) (IP_ROUTE_MULTIPATH_CACHED) [N/y/?] n
    IP: verbose route monitoring (IP_ROUTE_VERBOSE) [N/y/?] n
    IP: kernel level autoconfiguration (IP_PNP) [N/y/?] n
    IP: tunneling (NET_IPIP) [N/m/y/?] n
    IP: GRE demultiplexer (NET_IPGRE_DEMUX) [N/m/y/?] n
    IPSEC NAT-Traversal (KLIPS compatible) (IPSEC_NAT_TRAVERSAL) [Y/n/?] y
    IP: multicast routing (IP_MROUTE) [Y/n/?] y
      IP: PIM-SM version 1 support (IP_PIMSM_V1) [N/y/?] n
      IP: PIM-SM version 2 support (IP_PIMSM_V2) [N/y/?] n
    IP: ARP daemon support (EXPERIMENTAL) (ARPD) [N/y/?] n
    IP: TCP syncookie support (disabled per default) (SYN_COOKIES) [Y/n/?] y
    IP: AH transformation (INET_AH) [M/n/y/?] m
    IP: ESP transformation (INET_ESP) [M/n/y/?] m
    IP: IPComp transformation (INET_IPCOMP) [M/n/y/?] m
    IP: IPsec transport mode (INET_XFRM_MODE_TRANSPORT) [M/n/y/?] m
    IP: IPsec tunnel mode (INET_XFRM_MODE_TUNNEL) [M/n/y/?] m
    IP: IPsec BEET mode (INET_XFRM_MODE_BEET) [M/n/y/?] m
    INET: socket monitoring interface (INET_DIAG) [N/m/y/?] n
    *
    * TCP: advanced congestion control
    *
    TCP: advanced congestion control (TCP_CONG_ADVANCED) [Y/n/?] y
      Binary Increase Congestion (BIC) control (TCP_CONG_BIC) [N/m/y/?] n
      CUBIC TCP (TCP_CONG_CUBIC) [N/m/y/?] n
      TCP Westwood+ (TCP_CONG_WESTWOOD) [N/m/y/?] n
      H-TCP (TCP_CONG_HTCP) [N/m/y/?] n
      High Speed TCP (TCP_CONG_HSTCP) [N/m/y/?] n
      TCP-Hybla congestion control algorithm (TCP_CONG_HYBLA) [N/m/y/?] n
      TCP Vegas (TCP_CONG_VEGAS) [M/n/y/?] m
      Scalable TCP (TCP_CONG_SCALABLE) [N/m/y/?] n
      TCP Low Priority (TCP_CONG_LP) [N/m/y/?] n
      TCP Veno (TCP_CONG_VENO) [N/m/y/?] n
      YeAH TCP (TCP_CONG_YEAH) [N/m/y/?] n
      TCP Illinois (TCP_CONG_ILLINOIS) [N/m/y/?] n
      Default TCP congestion control
      > 1. Reno (DEFAULT_RENO)
      choice[1]: 1
    TCP: MD5 Signature Option support (RFC2385) (EXPERIMENTAL) (TCP_MD5SIG) [N/y/?] n
    *
    * IP virtual server support (EXPERIMENTAL)
    *
    IP virtual server support (EXPERIMENTAL) (IP_VS) [N/m/y/?] n
    The IPv6 protocol (IPV6) [Y/n/m/?] y
      IPv6: Privacy Extensions support (IPV6_PRIVACY) [N/y/?] n
      IPv6: Router Preference (RFC 4191) support (IPV6_ROUTER_PREF) [Y/n/?] y
        IPv6: Route Information (RFC 4191) support (EXPERIMENTAL) (IPV6_ROUTE_INFO) [N/y/?] n
      IPv6: Enable RFC 4429 Optimistic DAD (EXPERIMENTAL) (IPV6_OPTIMISTIC_DAD) [N/y/?] n
      IPv6: AH transformation (INET6_AH) [M/n/y/?] m
      IPv6: ESP transformation (INET6_ESP) [M/n/y/?] m
      IPv6: IPComp transformation (INET6_IPCOMP) [M/n/y/?] m
      IPv6: Mobility (EXPERIMENTAL) (IPV6_MIP6) [N/y/?] n
    IPv6: IPsec transport mode (INET6_XFRM_MODE_TRANSPORT) [M/n/y/?] m
    IPv6: IPsec tunnel mode (INET6_XFRM_MODE_TUNNEL) [M/n/y/?] m
    IPv6: IPsec BEET mode (INET6_XFRM_MODE_BEET) [M/n/y/?] m
    IPv6: MIPv6 route optimization mode (EXPERIMENTAL) (INET6_XFRM_MODE_ROUTEOPTIMIZATION) [N/m/y/?] n
    IPv6: IPv6-in-IPv4 tunnel (SIT driver) (IPV6_SIT) [M/n/y/?] m
      IPv6: IPv6 Rapid Deployment (6RD) (EXPERIMENTAL) (IPV6_SIT_6RD) [Y/n/?] y
    IPv6: IPv6-in-IPv6 tunnel (IPV6_TUNNEL) [N/m/y/?] n
    IPv6: Multiple Routing Tables (IPV6_MULTIPLE_TABLES) [Y/n/?] y
      IPv6: source address based routing (IPV6_SUBTREES) [N/y/?] n
    IPv6: multicast routing (EXPERIMENTAL) (IPV6_MROUTE) [Y/n/?] y
      IPv6: PIM-SM version 2 support (EXPERIMENTAL) (IPV6_PIMSM_V2) [N/y/?] n
    TCP/IP Generic Receive Offload (INET_GRO) [Y/n] y
    TCP/IP Generic Segmentation Offload (INET_GSO) [Y/n] y
  Security Marking (NETWORK_SECMARK) [N/y/?] n
  *
  * Network packet filtering framework (Netfilter)
  *
  Network packet filtering framework (Netfilter) (NETFILTER) [Y/n/?] y
    Network packet filtering debugging (NETFILTER_DEBUG) [N/y/?] n
    Bridged IP/ARP packets filtering (BRIDGE_NETFILTER) [N/y/?] n
    *
    * Core Netfilter Configuration
    *
    Netfilter netlink interface (NETFILTER_NETLINK) [Y/n/m/?] y
      Netfilter NFQUEUE over NFNETLINK interface (NETFILTER_NETLINK_QUEUE) [N/m/y/?] n
      Netfilter LOG over NFNETLINK interface (NETFILTER_NETLINK_LOG) [N/m/y/?] n
    Netfilter connection tracking support (NF_CONNTRACK_ENABLED) [Y/n/m/?] y
    Connection tracking flow accounting (NF_CT_ACCT) [Y/?] y
    Connection mark tracking support (NF_CONNTRACK_MARK) [Y/?] y
    Connection tracking events (EXPERIMENTAL) (NF_CONNTRACK_EVENTS) [N/y/?] n
    SCTP protocol connection tracking support (EXPERIMENTAL) (NF_CT_PROTO_SCTP) [N/m/y/?] n
    Amanda backup protocol support (NF_CONNTRACK_AMANDA) [N/m/y/?] n
    FTP protocol support (NF_CONNTRACK_FTP) [M/n/y/?] m
    H.323 protocol support (EXPERIMENTAL) (NF_CONNTRACK_H323) [M/n/y/?] m
    IRC protocol support (NF_CONNTRACK_IRC) [N/m/y/?] n
    NetBIOS name service protocol support (EXPERIMENTAL) (NF_CONNTRACK_NETBIOS_NS) [N/m/y/?] n
    PPtP protocol support (NF_CONNTRACK_PPTP) [M/n/y/?] m
    SANE protocol support (EXPERIMENTAL) (NF_CONNTRACK_SANE) [N/m/y/?] n
    SIP protocol support (EXPERIMENTAL) (NF_CONNTRACK_SIP) [M/n/y/?] m
    TFTP protocol support (NF_CONNTRACK_TFTP) [Y/n/m/?] y
    RTSP protocol support (NF_CONNTRACK_RTSP) [M/n/y/?] m
    Connection tracking netlink interface (EXPERIMENTAL) (NF_CT_NETLINK) [N/m/y/?] n
    Netfilter Xtables support (required for ip_tables) (NETFILTER_XTABLES) [Y/?] y
      "CLASSIFY" target support (NETFILTER_XT_TARGET_CLASSIFY) [Y/n/m/?] y
      "CONNMARK" target support (NETFILTER_XT_TARGET_CONNMARK) [Y/n/m/?] y
      "DSCP" target support (NETFILTER_XT_TARGET_DSCP) [M/n/y/?] m
    "HL" hoplimit target support (NETFILTER_XT_TARGET_HL) [M/n/y/?] m
    IMQ target support (NETFILTER_XT_TARGET_IMQ) [M/n/y/?] m
    "MARK" target support (NETFILTER_XT_TARGET_MARK) [Y/n/m/?] y
    "NFQUEUE" target Support (NETFILTER_XT_TARGET_NFQUEUE) [M/n/y/?] m
    "NFLOG" target support (NETFILTER_XT_TARGET_NFLOG) [N/m/y/?] n
    "NOTRACK" target support (NETFILTER_XT_TARGET_NOTRACK) [M/n/?] m
    "TCPMSS" target support (NETFILTER_XT_TARGET_TCPMSS) [Y/n/m/?] y
    "comment" match support (NETFILTER_XT_MATCH_COMMENT) [N/m/y/?] n
    "connbytes" per-connection counter match support (NETFILTER_XT_MATCH_CONNBYTES) [Y/n/m/?] y
    "connlimit" match support" (NETFILTER_XT_MATCH_CONNLIMIT) [Y/n/m/?] y
    "connmark" connection mark match support (NETFILTER_XT_MATCH_CONNMARK) [Y/n/m/?] y
    "conntrack" connection tracking match support (NETFILTER_XT_MATCH_CONNTRACK) [Y/n/m/?] y
    "DCCP" protocol match support (NETFILTER_XT_MATCH_DCCP) [N/m/y/?] n
    "DSCP" match support (NETFILTER_XT_MATCH_DSCP) [M/n/y/?] m
    "ESP" match support (NETFILTER_XT_MATCH_ESP) [N/m/y/?] n
    "helper" match support (NETFILTER_XT_MATCH_HELPER) [N/m/y/?] n
    "hl" hoplimit/TTL match support (NETFILTER_XT_MATCH_HL) [M/n/y/?] m
    "iprange" address range match support (NETFILTER_XT_MATCH_IPRANGE) [Y/n/m/?] y
    "length" match support (NETFILTER_XT_MATCH_LENGTH) [M/n/y/?] m
    "limit" match support (NETFILTER_XT_MATCH_LIMIT) [Y/n/m/?] y
    "mac" address match support (NETFILTER_XT_MATCH_MAC) [Y/n/m/?] y
    "mark" match support (NETFILTER_XT_MATCH_MARK) [Y/n/m/?] y
    IPsec "policy" match support (NETFILTER_XT_MATCH_POLICY) [M/n/y/?] m
    Multiple port match support (NETFILTER_XT_MATCH_MULTIPORT) [Y/n/m/?] y
    "pkttype" packet type match support (NETFILTER_XT_MATCH_PKTTYPE) [N/m/y/?] n
    "quota" match support (NETFILTER_XT_MATCH_QUOTA) [M/n/y/?] m
    "realm" match support (NETFILTER_XT_MATCH_REALM) [N/m/y/?] n
    "recent" match support (NETFILTER_XT_MATCH_RECENT) [Y/n/m/?] y
      Enable obsolete /proc/net/ipt_recent (NETFILTER_XT_MATCH_RECENT_PROC_COMPAT) [N/y/?] n
    "sctp" protocol match support (EXPERIMENTAL) (NETFILTER_XT_MATCH_SCTP) [N/m/y/?] n
    "state" match support (NETFILTER_XT_MATCH_STATE) [Y/n/m/?] y
    "layer7" match support (NETFILTER_XT_MATCH_LAYER7) [M/n/y/?] m
      Layer 7 debugging output (NETFILTER_XT_MATCH_LAYER7_DEBUG) [N/y/?] n
    "statistic" match support (NETFILTER_XT_MATCH_STATISTIC) [Y/n/m/?] y
    "time" match support (NETFILTER_XT_MATCH_TIME) [Y/n/m/?] y
    "string" match support (NETFILTER_XT_MATCH_STRING) [Y/n/m/?] y
    "webstr" match support (NETFILTER_XT_MATCH_WEBSTR) [Y/n/m/?] y
    "tcpmss" match support (NETFILTER_XT_MATCH_TCPMSS) [Y/n/m/?] y
    "hashlimit" match support (NETFILTER_XT_MATCH_HASHLIMIT) [M/n/y/?] m
    "condition" match support (NETFILTER_XT_MATCH_CONDITION) [M/n/y/?] m
    "geoip" match support (NETFILTER_XT_MATCH_GEOIP) [M/n/y/?] m
    *
    * IP: Netfilter Configuration
    *
    IPv4 connection tracking support (required for NAT) (NF_CONNTRACK_IPV4) [Y/n/m/?] y
      proc/sysctl compatibility with old connection tracking (NF_CONNTRACK_PROC_COMPAT) [Y/n/?] y
    IP Userspace queueing via NETLINK (OBSOLETE) (IP_NF_QUEUE) [N/m/y/?] n
    IP tables support (required for filtering/masq/NAT) (IP_NF_IPTABLES) [Y/n/m/?] y
      TOS match support (IP_NF_MATCH_TOS) [M/n/y/?] m
      TIME match support (IP_NF_MATCH_TIME) [M/n/y/?] m
      ECN match support (IP_NF_MATCH_ECN) [N/m/y/?] n
      AH match support (IP_NF_MATCH_AH) [N/m/y/?] n
      Owner match support (IP_NF_MATCH_OWNER) [N/m/y/?] n
      address type match support (IP_NF_MATCH_ADDRTYPE) [N/m/y/?] n
      Multiple port with ranges match support (IP_NF_MATCH_MPORT) [N/m/y/?] n
      Packet filtering (IP_NF_FILTER) [Y/n/m/?] y
        REJECT target support (IP_NF_TARGET_REJECT) [Y/n/m/?] y
      LOG target support (IP_NF_TARGET_LOG) [Y/n/m/?] y
      SKIPLOG target support (IP_NF_TARGET_SKIPLOG) [Y/n/m/?] y
      ULOG target support (IP_NF_TARGET_ULOG) [N/m/y/?] n
      Full NAT (NF_NAT) [Y/n/m/?] y
        MASQUERADE target support (IP_NF_TARGET_MASQUERADE) [Y/n/m/?] y
        REDIRECT target support (IP_NF_TARGET_REDIRECT) [M/n/y/?] m
        NETMAP target support (IP_NF_TARGET_NETMAP) [M/n/y/?] m
        SAME target support (IP_NF_TARGET_SAME) [N/m/y/?] n
        TRIGGER target support (port-trigger) (IP_NF_TARGET_TRIGGER) [Y/n/m/?] y
        Basic SNMP-ALG support (EXPERIMENTAL) (NF_NAT_SNMP_BASIC) [N/m/y/?] n
        Automatic port forwarding (autofw) target support (NF_NAT_AUTOFW) [N/m/y/?] n
      Packet mangling (IP_NF_MANGLE) [Y/n/m/?] y
        TOS target support (IP_NF_TARGET_TOS) [M/n/y/?] m
        ECN target support (IP_NF_TARGET_ECN) [N/m/y/?] n
        CLUSTERIP target support (EXPERIMENTAL) (IP_NF_TARGET_CLUSTERIP) [N/m/y/?] n
      raw table support (required for NOTRACK/TRACE) (IP_NF_RAW) [M/n/y/?] m
    ARP tables support (IP_NF_ARPTABLES) [N/m/y/?] n
    U32 match support (IP_NF_MATCH_U32) [Y/n/m/?] y
    ROUTE target support (IP_NF_TARGET_ROUTE) [M/n/y/?] m
    TARPIT target support (IP_NF_TARGET_TARPIT) [N/m/y/?] n
    IPP2P match support (IP_NF_MATCH_IPP2P) [M/n/y/?] m
    IPV4OPTIONS match support (IP_NF_MATCH_IPV4OPTIONS) [N/m/y/?] n
    web match (IP_NF_MATCH_WEB) [M/n/y] m
    BCOUNT target (IP_NF_TARGET_BCOUNT) [N/m/y] n
    MACSAVE target (IP_NF_TARGET_MACSAVE) [N/m/y] n
    exp match (experimental rig - do not use) (IP_NF_MATCH_EXP) [N/m/y] n
    Web Monitor match (IP_NF_MATCH_WEBMON) [M/n/y] m
    tomato_ct (IP_NF_TOMATOCT) [Y/n/m] y
    lfp (IP_NF_LFP) [Y/n/m] y
    dnsmq (IP_NF_DNSMQ) [Y/n/m] y
    IP set support (IP_NF_SET) [M/n/y/?] m
      Maximum number of IP sets (IP_NF_SET_MAX) [256] 256
      Hash size for bindings of IP sets (IP_NF_SET_HASHSIZE) [1024] 1024
      ipmap set support (IP_NF_SET_IPMAP) [M/n/?] m
      macipmap set support (IP_NF_SET_MACIPMAP) [M/n/?] m
      portmap set support (IP_NF_SET_PORTMAP) [M/n/?] m
      iphash set support (IP_NF_SET_IPHASH) [M/n/?] m
      nethash set support (IP_NF_SET_NETHASH) [M/n/?] m
      ipporthash set support (IP_NF_SET_IPPORTHASH) [M/n/?] m
      ipportiphash set support (IP_NF_SET_IPPORTIPHASH) [M/n/?] m
      ipportnethash set support (IP_NF_SET_IPPORTNETHASH) [M/n/?] m
      iptree set support (IP_NF_SET_IPTREE) [M/n/?] m
      iptreemap set support (IP_NF_SET_IPTREEMAP) [M/n/?] m
      setlist set support (IP_NF_SET_SETLIST) [M/n/?] m
      set match support (IP_NF_MATCH_SET) [M/n/?] m
      SET target support (IP_NF_TARGET_SET) [M/n/?] m
    account match support (IP_NF_MATCH_ACCOUNT) [Y/n/m/?] y
    *
    * IPv6: Netfilter Configuration (EXPERIMENTAL)
    *
    IPv6 connection tracking support (EXPERIMENTAL) (NF_CONNTRACK_IPV6) [Y/n/m/?] y
    IP6 Userspace queueing via NETLINK (OBSOLETE) (IP6_NF_QUEUE) [N/m/y/?] n
    IP6 tables support (required for filtering) (IP6_NF_IPTABLES) [Y/n/m/?] y
      Routing header match support (IP6_NF_MATCH_RT) [Y/n/m/?] y
      Hop-by-hop and Dst opts header match support (IP6_NF_MATCH_OPTS) [N/m/y/?] n
      Fragmentation header match support (IP6_NF_MATCH_FRAG) [N/m/y/?] n
      Owner match support (IP6_NF_MATCH_OWNER) [N/m/y/?] n
      IPv6 Extension Headers Match (IP6_NF_MATCH_IPV6HEADER) [N/m/y/?] n
      AH match support (IP6_NF_MATCH_AH) [N/m/y/?] n
      MH match support (IP6_NF_MATCH_MH) [N/m/y/?] n
      EUI64 address check (IP6_NF_MATCH_EUI64) [N/m/y/?] n
      Packet filtering (IP6_NF_FILTER) [M/n/y/?] m
        LOG target support (IP6_NF_TARGET_LOG) [M/n/?] m
        SKIPLOG target support (IP6_NF_TARGET_SKIPLOG) [M/n/?] m
        REJECT target support (IP6_NF_TARGET_REJECT) [M/n/?] m
      Packet mangling (IP6_NF_MANGLE) [M/n/y/?] m
      raw table support (required for TRACE) (IP6_NF_RAW) [N/m/y/?] n
    ROUTE target support (IP6_NF_TARGET_ROUTE) [M/n/?] m
    *
    * Bridge: Netfilter Configuration
    *
    Ethernet Bridge tables (ebtables) support (BRIDGE_NF_EBTABLES) [M/n/y/?] m
      ebt: broute table support (BRIDGE_EBT_BROUTE) [M/n/?] m
      ebt: filter table support (BRIDGE_EBT_T_FILTER) [M/n/?] m
      ebt: nat table support (BRIDGE_EBT_T_NAT) [M/n/?] m
      ebt: 802.3 filter support (BRIDGE_EBT_802_3) [N/m/?] n
      ebt: among filter support (BRIDGE_EBT_AMONG) [N/m/?] n
      ebt: ARP filter support (BRIDGE_EBT_ARP) [M/n/?] m
      ebt: IP filter support (BRIDGE_EBT_IP) [M/n/?] m
      ebt: IP6 filter support (BRIDGE_EBT_IP6) [M/n/?] m
      ebt: limit match support (BRIDGE_EBT_LIMIT) [M/n/?] m
      ebt: mark filter support (BRIDGE_EBT_MARK) [N/m/?] n
      ebt: packet type filter support (BRIDGE_EBT_PKTTYPE) [M/n/?] m
      ebt: STP filter support (BRIDGE_EBT_STP) [M/n/?] m
      ebt: 802.1Q VLAN filter support (BRIDGE_EBT_VLAN) [M/n/?] m
      ebt: arp reply target support (BRIDGE_EBT_ARPREPLY) [M/n/?] m
      ebt: dnat target support (BRIDGE_EBT_DNAT) [M/n/?] m
      ebt: mark target support (BRIDGE_EBT_MARK_T) [M/n/?] m
      ebt: redirect target support (BRIDGE_EBT_REDIRECT) [M/n/?] m
      ebt: snat target support (BRIDGE_EBT_SNAT) [M/n/?] m
      ebt: log support (BRIDGE_EBT_LOG) [M/n/?] m
      ebt: ulog support (OBSOLETE) (BRIDGE_EBT_ULOG) [N/m/?] n
  *
  * The DCCP Protocol (EXPERIMENTAL)
  *
  The DCCP Protocol (EXPERIMENTAL) (IP_DCCP) [N/m/y/?] n
  *
  * The SCTP Protocol (EXPERIMENTAL)
  *
  The SCTP Protocol (EXPERIMENTAL) (IP_SCTP) [N/m/y/?] n
  *
  * The TIPC Protocol (EXPERIMENTAL)
  *
  The TIPC Protocol (EXPERIMENTAL) (TIPC) [N/m/y/?] n
  Asynchronous Transfer Mode (ATM) (EXPERIMENTAL) (ATM) [N/m/y/?] n
  802.1d Ethernet Bridging (BRIDGE) [Y/n/m/?] y
  802.1Q VLAN Support (VLAN_8021Q) [Y/n/m/?] y
  DECnet Support (DECNET) [N/m/y/?] n
  ANSI/IEEE 802.2 LLC type 2 Support (LLC2) [N/m/y/?] n
  The IPX protocol (IPX) [N/m/y/?] n
  Appletalk protocol support (ATALK) [N/m/y/?] n
  CCITT X.25 Packet Layer (EXPERIMENTAL) (X25) [N/m/y/?] n
  LAPB Data Link Driver (EXPERIMENTAL) (LAPB) [N/m/y/?] n
  Acorn Econet/AUN protocols (EXPERIMENTAL) (ECONET) [N/m/y/?] n
  WAN router (WAN_ROUTER) [N/m/y/?] n
  *
  * QoS and/or fair queueing
  *
  QoS and/or fair queueing (NET_SCHED) [Y/n/?] y
  *
  * Queueing/Scheduling
  *
  Class Based Queueing (CBQ) (NET_SCH_CBQ) [N/m/y/?] n
  Hierarchical Token Bucket (HTB) (NET_SCH_HTB) [Y/n/m/?] y
  Hierarchical Fair Service Curve (HFSC) (NET_SCH_HFSC) [M/n/y/?] m
  Multi Band Priority Queueing (PRIO) (NET_SCH_PRIO) [Y/n/m/?] y
  Random Early Detection (RED) (NET_SCH_RED) [M/n/y/?] m
  Stochastic Fairness Queueing (SFQ) (NET_SCH_SFQ) [Y/n/m/?] y
  Enhanced Stochastic Fairness Queueing (ESFQ) (NET_SCH_ESFQ) [M/n/y/?] m
    Connection Tracking Hash Types (NET_SCH_ESFQ_NFCT) [Y/n/?] y
  True Link Equalizer (TEQL) (NET_SCH_TEQL) [N/m/y/?] n
  Token Bucket Filter (TBF) (NET_SCH_TBF) [M/n/y/?] m
  Generic Random Early Detection (GRED) (NET_SCH_GRED) [N/m/y/?] n
  Differentiated Services marker (DSMARK) (NET_SCH_DSMARK) [N/m/y/?] n
  Network emulator (NETEM) (NET_SCH_NETEM) [N/m/y/?] n
  Ingress Qdisc (NET_SCH_INGRESS) [Y/n/m/?] y
  *
  * Classification
  *
  Elementary classification (BASIC) (NET_CLS_BASIC) [Y/n/m/?] y
  Traffic-Control Index (TCINDEX) (NET_CLS_TCINDEX) [Y/n/m/?] y
  Routing decision (ROUTE) (NET_CLS_ROUTE4) [Y/n/m/?] y
  Netfilter mark (FW) (NET_CLS_FW) [Y/n/m/?] y
  Universal 32bit comparisons w/ hashing (U32) (NET_CLS_U32) [Y/n/m/?] y
    Performance counters support (CLS_U32_PERF) [N/y/?] n
    Netfilter marks support (CLS_U32_MARK) [Y/n/?] y
  IPv4 Resource Reservation Protocol (RSVP) (NET_CLS_RSVP) [N/m/y/?] n
  IPv6 Resource Reservation Protocol (RSVP6) (NET_CLS_RSVP6) [N/m/y/?] n
  Extended Matches (NET_EMATCH) [N/y/?] n
  Actions (NET_CLS_ACT) [N/y/?] n
    Traffic Policing (obsolete) (NET_CLS_POLICE) [Y/n/?] y
  Incoming device classification (NET_CLS_IND) [N/y/?] n
  Rate estimator (NET_ESTIMATOR) [Y/?] y
  *
  * Network testing
  *
  Packet Generator (USE WITH CAUTION) (NET_PKTGEN) [N/m/y/?] n
  *
  * Amateur Radio support
  *
  Amateur Radio support (HAMRADIO) [N/y/?] n
  *
  * IrDA (infrared) subsystem support
  *
  IrDA (infrared) subsystem support (IRDA) [N/m/y/?] n
  *
  * Bluetooth subsystem support
  *
  Bluetooth subsystem support (BT) [M/n/y/?] m
    L2CAP protocol support (BT_L2CAP) [M/n/?] m
    SCO links support (BT_SCO) [M/n/?] m
    RFCOMM protocol support (BT_RFCOMM) [M/n/?] m
      RFCOMM TTY support (BT_RFCOMM_TTY) [Y/n/?] y
    BNEP protocol support (BT_BNEP) [M/n/?] m
      Multicast filter support (BT_BNEP_MC_FILTER) [Y/n/?] y
      Protocol filter support (BT_BNEP_PROTO_FILTER) [Y/n/?] y
    HIDP protocol support (BT_HIDP) [M/n/?] m
    *
    * Bluetooth device drivers
    *
    HCI USB driver (BT_HCIUSB) [M/n/?] m
      SCO (voice) support (BT_HCIUSB_SCO) [Y/n/?] y
    HCI UART driver (BT_HCIUART) [M/n/?] m
      UART (H4) protocol support (BT_HCIUART_H4) [Y/n/?] y
      BCSP protocol support (BT_HCIUART_BCSP) [Y/n/?] y
    HCI BCM203x USB driver (BT_HCIBCM203X) [M/n/?] m
    HCI BPA10x USB driver (BT_HCIBPA10X) [M/n/?] m
    HCI BlueFRITZ! USB driver (BT_HCIBFUSB) [M/n/?] m
    HCI VHCI (Virtual HCI device) driver (BT_HCIVHCI) [M/n/?] m
  RxRPC session sockets (AF_RXRPC) [N/m/y/?] n
  *
  * Wireless
  *
  Improved wireless configuration API (CFG80211) [N/m/y] n
  Wireless extensions (WIRELESS_EXT) [N/y/?] n
  Generic IEEE 802.11 Networking Stack (mac80211) (MAC80211) [N/m/y/?] n
  Generic IEEE 802.11 Networking Stack (IEEE80211) [N/m/y/?] n
  *
  * RF switch subsystem support
  *
  RF switch subsystem support (RFKILL) [N/m/y/?] n
*
* Device Drivers
*
*
* Generic Driver Options
*
Select only drivers that don't need compile-time external firmware (STANDALONE) [Y/n/?] y
Prevent firmware from being built (PREVENT_FIRMWARE_BUILD) [Y/n/?] y
Userspace firmware loading support (FW_LOADER) [M/y/?] m
*
* Connector - unified userspace <-> kernelspace linker
*
Connector - unified userspace <-> kernelspace linker (CONNECTOR) [M/n/y/?] m
*
* Memory Technology Device (MTD) support
*
Memory Technology Device (MTD) support (MTD) [Y/n/m/?] y
  Debugging (MTD_DEBUG) [N/y/?] n
  MTD concatenating support (MTD_CONCAT) [N/m/y/?] n
  MTD partitioning support (MTD_PARTITIONS) [Y/n/?] y
    RedBoot partition table parsing (MTD_REDBOOT_PARTS) [N/m/y/?] n
    Command line partition table parsing (MTD_CMDLINE_PARTS) [N/y/?] n
    Add confmtd partition (MTD_BCMCONF_PARTS) [N/y] n
  *
  * User Modules And Translation Layers
  *
  Direct char device access to MTD devices (MTD_CHAR) [Y/n/m/?] y
  Common interface to block layer for MTD 'translation layers' (MTD_BLKDEVS) [Y] y
  Caching block device access to MTD devices (MTD_BLOCK) [Y/n/m/?] y
  FTL (Flash Translation Layer) support (FTL) [N/m/y/?] n
  NFTL (NAND Flash Translation Layer) support (NFTL) [N/m/y/?] n
  INFTL (Inverse NAND Flash Translation Layer) support (INFTL) [N/m/y/?] n
  Resident Flash Disk (Flash Translation Layer) support (RFD_FTL) [N/m/y/?] n
  NAND SSFDC (SmartMedia) read only translation layer (SSFDC) [N/m/y/?] n
  *
  * RAM/ROM/Flash chip drivers
  *
  Detect flash chips by Common Flash Interface (CFI) probe (MTD_CFI) [Y/n/m/?] y
  Detect non-CFI AMD/JEDEC-compatible flash chips (MTD_JEDECPROBE) [N/m/y/?] n
  Flash chip driver advanced configuration options (MTD_CFI_ADV_OPTIONS) [Y/n/?] y
    Flash cmd/query data swapping
    > 1. NO (MTD_CFI_NOSWAP)
      2. BIG_ENDIAN_BYTE (MTD_CFI_BE_BYTE_SWAP)
      3. LITTLE_ENDIAN_BYTE (MTD_CFI_LE_BYTE_SWAP)
    choice[1-3]: 1
    Specific CFI Flash geometry selection (MTD_CFI_GEOMETRY) [Y/n/?] y
      Support  8-bit buswidth (MTD_MAP_BANK_WIDTH_1) [Y/n/?] y
      Support 16-bit buswidth (MTD_MAP_BANK_WIDTH_2) [Y/n/?] y
      Support 32-bit buswidth (MTD_MAP_BANK_WIDTH_4) [Y/n/?] y
      Support 64-bit buswidth (MTD_MAP_BANK_WIDTH_8) [N/y/?] n
      Support 128-bit buswidth (MTD_MAP_BANK_WIDTH_16) [N/y/?] n
      Support 256-bit buswidth (MTD_MAP_BANK_WIDTH_32) [N/y/?] n
      Support 1-chip flash interleave (MTD_CFI_I1) [Y/n/?] y
      Support 2-chip flash interleave (MTD_CFI_I2) [Y/n/?] y
      Support 4-chip flash interleave (MTD_CFI_I4) [N/y/?] n
      Support 8-chip flash interleave (MTD_CFI_I8) [N/y/?] n
    Protection Registers aka one-time programmable (OTP) bits (MTD_OTP) [N/y/?] n
  Support for Intel/Sharp flash chips (MTD_CFI_INTELEXT) [Y/n/m/?] y
  Support for AMD/Fujitsu flash chips (MTD_CFI_AMDSTD) [Y/n/m/?] y
  Support for ST (Advanced Architecture) flash chips (MTD_CFI_STAA) [Y/n/m/?] y
  Support for RAM chips in bus mapping (MTD_RAM) [N/m/y/?] n
  Support for ROM chips in bus mapping (MTD_ROM) [N/m/y/?] n
  Support for absent chips in bus mapping (MTD_ABSENT) [N/m/y/?] n
  *
  * Mapping drivers for chip access
  *
  Support non-linear mappings of flash chips (MTD_COMPLEX_MAPPINGS) [N/y/?] n
  CFI Flash device in physical memory map (MTD_PHYSMAP) [N/m/y/?] n
  Map driver for platform device RAM (mtd-ram) (MTD_PLATRAM) [N/m/y/?] n
  CFI Flash device mapped on Broadcom BCM947XX boards (MTD_BCM947XX) [Y/n/m] y
  *
  * Self-contained MTD device drivers
  *
  Broadcom Chipcommon Serial Flash support (MTD_SFLASH) [Y/n] y
  Broadcom Chipcommon NAND Flash support (MTD_NFLASH) [Y/n] y
  Ramix PMC551 PCI Mezzanine RAM card support (MTD_PMC551) [N/m/y/?] n
  Uncached system RAM (MTD_SLRAM) [N/m/y/?] n
  Physical system RAM (MTD_PHRAM) [N/m/y/?] n
  Test driver using RAM (MTD_MTDRAM) [N/m/y/?] n
  MTD using block device (MTD_BLOCK2MTD) [N/m/y/?] n
  *
  * Disk-On-Chip Device Drivers
  *
  M-Systems Disk-On-Chip 2000 and Millennium (DEPRECATED) (MTD_DOC2000) [N/m/y/?] n
  M-Systems Disk-On-Chip Millennium-only alternative driver (DEPRECATED) (MTD_DOC2001) [N/m/y/?] n
  M-Systems Disk-On-Chip Millennium Plus (MTD_DOC2001PLUS) [N/m/y/?] n
  *
  * NAND Device Support
  *
  NAND Device Support (MTD_NAND) [Y/n/m/?] y
    Verify NAND page writes (MTD_NAND_VERIFY_WRITE) [N/y/?] n
    NAND ECC Smart Media byte order (MTD_NAND_ECC_SMC) [N/y/?] n
    Enable chip ids for obsolete ancient NAND devices (MTD_NAND_MUSEUM_IDS) [N/y/?] n
    DiskOnChip 2000, Millennium and Millennium Plus (NAND reimplementation) (EXPERIMENTAL) (MTD_NAND_DISKONCHIP) [N/m/y/?] n
    NAND support for OLPC CAFÉ chip (MTD_NAND_CAFE) [N/m/y/?] n
    Support for NAND Flash Simulator (MTD_NAND_NANDSIM) [N/m/y/?] n
    Support for generic platform NAND driver (MTD_NAND_PLATFORM) [N/m/y/?] n
  *
  * OneNAND Device Support
  *
  OneNAND Device Support (MTD_ONENAND) [N/m/y/?] n
  Broadcom NAND Device Support (MTD_BRCMNAND) [Y/n/m/?] y
  *
  * UBI - Unsorted block images
  *
  Enable UBI (MTD_UBI) [N/m/y/?] n
*
* Parallel port support
*
Parallel port support (PARPORT) [N/m/y/?] n
*
* Plug and Play support
*
*
* Block devices
*
Compaq SMART2 support (BLK_CPQ_DA) [N/m/y/?] n
Compaq Smart Array 5xxx support (BLK_CPQ_CISS_DA) [N/m/y/?] n
Mylex DAC960/DAC1100 PCI RAID Controller support (BLK_DEV_DAC960) [N/m/y/?] n
Micro Memory MM5415 Battery Backed RAM support (EXPERIMENTAL) (BLK_DEV_UMEM) [N/m/y/?] n
Loopback device support (BLK_DEV_LOOP) [M/n/y/?] m
  Cryptoloop Support (BLK_DEV_CRYPTOLOOP) [N/m/?] n
Network block device support (BLK_DEV_NBD) [N/m/y/?] n
Promise SATA SX8 support (BLK_DEV_SX8) [N/m/y/?] n
Low Performance USB Block driver (BLK_DEV_UB) [N/m/?] n
RAM disk support (BLK_DEV_RAM) [N/m/y/?] n
Packet writing on CD/DVD media (CDROM_PKTCDVD) [N/m/y/?] n
ATA over Ethernet support (ATA_OVER_ETH) [N/m/y/?] n
*
* Misc devices
*
Sensable PHANToM (PHANTOM) [N/m/y/?] n
SGI IOC4 Base IO support (SGI_IOC4) [N/m/y/?] n
TI Flash Media interface support (EXPERIMENTAL) (TIFM_CORE) [N/m/y/?] n
*
* ATA/ATAPI/MFM/RLL support
*
ATA/ATAPI/MFM/RLL support (IDE) [N/m/y/?] n
*
* SCSI device support
*
RAID Transport Class (RAID_ATTRS) [N/m/y/?] n
SCSI device support (SCSI) [M/n/y/?] m
  SCSI target support (SCSI_TGT) [N/m/?] n
legacy /proc/scsi/ support (SCSI_PROC_FS) [Y/n/?] y
*
* SCSI support type (disk, tape, CD-ROM)
*
SCSI disk support (BLK_DEV_SD) [M/n/?] m
SCSI tape support (CHR_DEV_ST) [N/m/?] n
SCSI OnStream SC-x0 tape support (CHR_DEV_OSST) [N/m/?] n
SCSI CDROM support (BLK_DEV_SR) [M/n/?] m
  Enable vendor-specific extensions (for SCSI CDROM) (BLK_DEV_SR_VENDOR) [N/y/?] n
SCSI generic support (CHR_DEV_SG) [M/n/?] m
SCSI media changer support (CHR_DEV_SCH) [N/m/?] n
*
* Some SCSI devices (e.g. CD jukebox) support multiple LUNs
*
Probe all LUNs on each SCSI device (SCSI_MULTI_LUN) [Y/n/?] y
Verbose SCSI error reporting (kernel size +=12K) (SCSI_CONSTANTS) [N/y/?] n
SCSI logging facility (SCSI_LOGGING) [N/y/?] n
Asynchronous SCSI scanning (SCSI_SCAN_ASYNC) [N/y/?] n
*
* SCSI Transports
*
Parallel SCSI (SPI) Transport Attributes (SCSI_SPI_ATTRS) [N/m/?] n
FiberChannel Transport Attributes (SCSI_FC_ATTRS) [N/m/?] n
iSCSI Transport Attributes (SCSI_ISCSI_ATTRS) [N/m/?] n
SAS Transport Attributes (SCSI_SAS_ATTRS) [N/m/?] n
SAS Domain Transport Attributes (SCSI_SAS_LIBSAS) [N/m/?] n
*
* SCSI low-level drivers
*
iSCSI Initiator over TCP/IP (ISCSI_TCP) [N/m/?] n
3ware 5/6/7/8xxx ATA-RAID support (BLK_DEV_3W_XXXX_RAID) [N/m/?] n
3ware 9xxx SATA-RAID support (SCSI_3W_9XXX) [N/m/?] n
ACARD SCSI support (SCSI_ACARD) [N/m/?] n
Adaptec AACRAID support (SCSI_AACRAID) [N/m/?] n
Adaptec AIC7xxx Fast -> U160 support (New Driver) (SCSI_AIC7XXX) [N/m/?] n
Adaptec AIC7xxx support (old driver) (SCSI_AIC7XXX_OLD) [N/m/?] n
Adaptec AIC79xx U320 support (SCSI_AIC79XX) [N/m/?] n
Adaptec AIC94xx SAS/SATA support (SCSI_AIC94XX) [N/m/y/?] n
Adaptec I2O RAID support  (SCSI_DPT_I2O) [N/m/?] n
ARECA ARC11X0[PCI-X]/ARC12X0[PCI-EXPRESS] SATA-RAID support (SCSI_ARCMSR) [N/m/?] n
LSI Logic New Generation RAID Device Drivers (MEGARAID_NEWGEN) [N/y/?] n
LSI Logic Legacy MegaRAID Driver (MEGARAID_LEGACY) [N/m/?] n
LSI Logic MegaRAID SAS RAID Module (MEGARAID_SAS) [N/m/?] n
HighPoint RocketRAID 3xxx Controller support (SCSI_HPTIOP) [N/m/?] n
DMX3191D SCSI support (SCSI_DMX3191D) [N/m/?] n
Future Domain 16xx SCSI/AHA-2920A support (SCSI_FUTURE_DOMAIN) [N/m/?] n
IBM ServeRAID support (SCSI_IPS) [N/m/?] n
Initio 9100U(W) support (SCSI_INITIO) [N/m/?] n
Initio INI-A100U2W support (SCSI_INIA100) [N/m/?] n
Promise SuperTrak EX Series support (SCSI_STEX) [N/m/?] n
SYM53C8XX Version 2 SCSI support (SCSI_SYM53C8XX_2) [N/m/?] n
Qlogic QLA 1240/1x80/1x160 SCSI support (SCSI_QLOGIC_1280) [N/m/?] n
QLogic QLA2XXX Fibre Channel Support (SCSI_QLA_FC) [N/m/?] n
QLogic ISP4XXX host adapter family support (SCSI_QLA_ISCSI) [N/m/?] n
Emulex LightPulse Fibre Channel Support (SCSI_LPFC) [N/m/?] n
Tekram DC395(U/UW/F) and DC315(U) SCSI support (EXPERIMENTAL) (SCSI_DC395x) [N/m/?] n
Tekram DC390(T) and Am53/79C974 SCSI support (SCSI_DC390T) [N/m/?] n
Workbit NinjaSCSI-32Bi/UDE support (SCSI_NSP32) [N/m/?] n
SCSI debugging host simulator (SCSI_DEBUG) [N/m/?] n
SCSI RDMA Protocol helper library (SCSI_SRP) [N/m/?] n
*
* Serial ATA (prod) and Parallel ATA (experimental) drivers
*
Serial ATA (prod) and Parallel ATA (experimental) drivers (ATA) [N/m/y/?] n
*
* Multi-device support (RAID and LVM)
*
Multiple devices driver support (RAID and LVM) (MD) [N/y/?] n
*
* Fusion MPT device support
*
Fusion MPT ScsiHost drivers for SPI (FUSION_SPI) [N/m/?] n
Fusion MPT ScsiHost drivers for FC (FUSION_FC) [N/m/?] n
Fusion MPT ScsiHost drivers for SAS (FUSION_SAS) [N/m/?] n
*
* IEEE 1394 (FireWire) support
*
IEEE 1394 (FireWire) support - alternative stack, EXPERIMENTAL (FIREWIRE) [N/m/y/?] n
IEEE 1394 (FireWire) support (IEEE1394) [N/m/y/?] n
*
* I2O device support
*
I2O support (I2O) [N/m/y/?] n
*
* Network device support
*
Network device support (NETDEVICES) [Y/n/?] y
  *
  * Broadcom HND network devices
  *
  Broadcom HND network device support (HND) [Y/n] y
    10/100 Ethernet support (ET) [M/n/y] m
      BCM47xx support (ET_47XX) [Y/n] y
      ET ALL PASSIVE mode
        1. ET ALL PASSIVE on (ET_ALL_PASSIVE_ON)
      > 2. ET ALL PASSIVE with runtime setting (ET_ALL_PASSIVE_RUNTIME)
      choice[1-2]: 2
    BCMCTF support (BCM_CTF) [M/n/y] m
    WL emulation using Gigabit ethernet (WL_EMULATOR) [N/y] n
      BCM57xx Gigabit Ethernet support (BCM57XX) [M/n/y] m
      BCM43xx 802.11 Wireless support (WL) [M/n/y] m
        Wireless Authentication Privacy Infrastructure (WAPI) support (WAPI) [N/y] n
        Wireless feature variant
          1. Config file for basic AP variant (WL_USE_AP)
          2. Config file for basic AP sdstd variant (WL_USE_AP_SDSTD)
          3. Config file for basic STA variant (WL_USE_STA)
        > 4. Config file for basic APSTA variant (WL_USE_APSTA)
          5. Config file for AP 1chipG variant (WL_USE_AP_ONCHIP_G)
          6. Config file for STA 1chipG variant (WL_USE_STA_ONCHIP_G)
          7. Config file for APSTA 1chipG variant (WL_USE_APSTA_ONCHIP_G)
        choice[1-7]: 4
  USB/HSIC Wireless Access Point support (WL_USBAP) [N/y] n
  Config file for basic AP variant (WL_AP) [wlconfig_lx_router_ap] wlconfig_lx_router_ap
  Config file for basic AP sdstd variant (WL_AP_SDSTD) [wlconfig_lx_router_ap_sdstd] wlconfig_lx_router_ap_sdstd
  Config file for basic STA variant (WL_STA) [wlconfig_lx_router_sta] wlconfig_lx_router_sta
  Config file for basic APSTA variant (WL_APSTA) [wlconfig_lx_router_apsta] wlconfig_lx_router_apsta
  Config file for AP 1chipG variant (WL_AP_ONCHIP_G) [wlconfig_lx_router_ap_1chipG] wlconfig_lx_router_ap_1chipG
  Config file for STA 1chipG variant (WL_STA_ONCHIP_G) [wlconfig_lx_router_sta_1chipG] wlconfig_lx_router_sta_1chipG
  Config file for high/bmac split variant (WL_HIGH) [wlconfig_lx_router_high] wlconfig_lx_router_high
  WL ALL PASSIVE mode
    1. WL ALL PASSIVE on (WL_ALL_PASSIVE_ON)
  > 2. WL ALL PASSIVE with runtime setting (WL_ALL_PASSIVE_RUNTIME)
  choice[1-2]: 2
  Broadcom dualband wireless proxy repeater support (DPSTA) [N/m] n
  Efficient Multicast Forwarding & IGMP Snooping Layers (EMF) [M/n/y] m
  Broadcom PLC network failover support (PLC) [N/y] n
  Broadcom 802.11v Proxy ARP support (PROXYARP) [N/m/y] n
  Dummy net driver support (DUMMY) [N/m/y/?] n
  Bonding driver support (BONDING) [M/n/y/?] m
  EQL (serial line load balancing) support (EQUALIZER) [N/m/y/?] n
  IMQ (intermediate queueing device) support (IMQ) [M/y/?] m
    IMQ behavior (PRE/POSTROUTING)
      1. IMQ AA (IMQ_BEHAVIOR_AA)
    > 2. IMQ AB (IMQ_BEHAVIOR_AB)
      3. IMQ BA (IMQ_BEHAVIOR_BA)
      4. IMQ BB (IMQ_BEHAVIOR_BB)
    choice[1-4?]: 2
    Number of IMQ devices (IMQ_NUM_DEVS) [8] 8
  Universal TUN/TAP device driver support (TUN) [M/n/y/?] m
  *
  * ARCnet support
  *
  ARCnet support (ARCNET) [N/m/y/?] n
  *
  * PHY Device support and infrastructure
  *
  PHY Device support and infrastructure (PHYLIB) [N/m/y/?] n
  *
  * Ethernet (10 or 100Mbit)
  *
  Ethernet (10 or 100Mbit) (NET_ETHERNET) [Y/n/?] y
    Generic Media Independent Interface device support (MII) [Y/m/?] y
    Sun Happy Meal 10/100baseT support (HAPPYMEAL) [N/m/y/?] n
    Sun GEM support (SUNGEM) [N/m/y/?] n
    Sun Cassini support (CASSINI) [N/m/y/?] n
    3COM cards (NET_VENDOR_3COM) [N/y/?] n
  DM9000 support (DM9000) [N/m/y/?] n
  *
  * Tulip family network device support
  *
  "Tulip" family network device support (NET_TULIP) [N/y/?] n
  HP 10/100VG PCLAN (ISA, EISA, PCI) support (HP100) [N/m/y/?] n
  EISA, VLB, PCI and on board controllers (NET_PCI) [N/y/?] n
  *
  * Ethernet (1000 Mbit)
  *
  Ethernet (1000 Mbit) (NETDEV_1000) [N/y] n
  *
  * Ethernet (10000 Mbit)
  *
  Ethernet (10000 Mbit) (NETDEV_10000) [N/y] n
  *
  * Token Ring driver support
  *
  Token Ring driver support (TR) [N/y/?] n
  *
  * Wireless LAN
  *
  Wireless LAN (pre-802.11) (WLAN_PRE80211) [N/y/?] n
  Wireless LAN (IEEE 802.11) (WLAN_80211) [N/y/?] n
  *
  * USB Network Adapters
  *
  USB CATC NetMate-based Ethernet device support (EXPERIMENTAL) (USB_CATC) [N/m/?] n
  USB KLSI KL5USB101-based ethernet device support (USB_KAWETH) [N/m/?] n
  USB Pegasus/Pegasus-II based ethernet device support (USB_PEGASUS) [N/m/?] n
  USB RTL8150 based ethernet device support (EXPERIMENTAL) (USB_RTL8150) [N/m/?] n
  Multi-purpose USB Networking Framework (USB_USBNET) [M/n/?] m
    ASIX AX88xxx Based USB 2.0 Ethernet Adapters (USB_NET_AX8817X) [M/n/?] m
    CDC Ethernet support (smart devices such as cable modems) (USB_NET_CDCETHER) [M/?] m
    CDC NCM support (USB_NET_CDC_NCM) [M/?] m
    CDC MBIM support (USB_NET_CDC_MBIM) [M/n/?] m
    Davicom DM9601 based USB 1.1 10/100 ethernet devices (USB_NET_DM9601) [N/m/?] n
    GeneSys GL620USB-A based cables (USB_NET_GL620A) [N/m/?] n
    NetChip 1080 based cables (Laplink, ...) (USB_NET_NET1080) [N/m/?] n
    Prolific PL-2301/2302 based cables (USB_NET_PLUSB) [N/m/?] n
    MosChip MCS7830 based Ethernet adapters (USB_NET_MCS7830) [N/m/?] n
    Host for RNDIS and ActiveSync devices (EXPERIMENTAL) (USB_NET_RNDIS_HOST) [M/n/?] m
    Simple USB Network Links (CDC Ethernet subset) (USB_NET_CDC_SUBSET) [N/m/?] n
    Sharp Zaurus (stock ROMs) and compatible (USB_NET_ZAURUS) [N/m/?] n
    HSO support for Dovado's UMR (HSO) [M/n/?] m
    QMI WWAN driver for Qualcomm MSM based 3G and LTE modems (USB_NET_QMI_WWAN) [M/n/?] m
  Apple iPhone USB Ethernet driver (USB_IPHETH) [M/n/?] m
  *
  * Wan interfaces support
  *
  Wan interfaces support (WAN) [N/y/?] n
  FDDI driver support (FDDI) [N/y/?] n
  HIPPI driver support (EXPERIMENTAL) (HIPPI) [N/y/?] n
  PPP (point-to-point protocol) support (PPP) [Y/n/m/?] y
    PPP multilink support (EXPERIMENTAL) (PPP_MULTILINK) [N/y/?] n
    PPP filtering (PPP_FILTER) [N/y/?] n
    PPP support for async serial ports (PPP_ASYNC) [Y/n/m/?] y
    PPP support for sync tty ports (PPP_SYNC_TTY) [Y/n/m/?] y
    PPP Deflate compression (PPP_DEFLATE) [M/n/y/?] m
    PPP BSD-Compress compression (PPP_BSDCOMP) [N/m/y/?] n
    Microsoft PPP compression/encryption (MPPC/MPPE) (PPP_MPPE_MPPC) [Y/n/m/?] y
    PPP over Ethernet (EXPERIMENTAL) (PPPOE) [Y/n/m/?] y
    PPP over IPv4 (PPTP) (EXPERIMENTAL) (PPTP) [Y/n/m/?] y
    PPP over L2TP (EXPERIMENTAL) (PPPOL2TP) [Y/n/m/?] y
  SLIP (serial line) support (SLIP) [N/m/y/?] n
  Fibre Channel driver support (NET_FC) [N/y/?] n
  Traffic Shaper (OBSOLETE) (SHAPER) [N/m/y/?] n
  Network console logging support (EXPERIMENTAL) (NETCONSOLE) [N/m/y/?] n
*
* ISDN subsystem
*
ISDN support (ISDN) [N/m/y/?] n
*
* Telephony Support
*
Linux telephony support (PHONE) [N/m/y/?] n
*
* Input device support
*
Generic input layer (needed for keyboard, mouse, ...) (INPUT) [M/n/y/?] m
  Support for memoryless force-feedback devices (INPUT_FF_MEMLESS) [N/m/?] n
  Polled input device skeleton (INPUT_POLLDEV) [N/m/?] n
  *
  * Userland interfaces
  *
  Mouse interface (INPUT_MOUSEDEV) [M/n/?] m
    Provide legacy /dev/psaux device (INPUT_MOUSEDEV_PSAUX) [Y/n/?] y
    Horizontal screen resolution (INPUT_MOUSEDEV_SCREEN_X) [1024] 1024
    Vertical screen resolution (INPUT_MOUSEDEV_SCREEN_Y) [768] 768
  Joystick interface (INPUT_JOYDEV) [M/n/?] m
  Touchscreen interface (INPUT_TSDEV) [N/m/?] n
  Event interface (INPUT_EVDEV) [M/n/?] m
  Event debugging (INPUT_EVBUG) [N/m/?] n
  *
  * Input Device Drivers
  *
  *
  * Keyboards
  *
  Keyboards (INPUT_KEYBOARD) [N/y/?] n
  *
  * Mice
  *
  Mice (INPUT_MOUSE) [N/y/?] n
  *
  * Joysticks/Gamepads
  *
  Joysticks/Gamepads (INPUT_JOYSTICK) [N/y/?] n
  *
  * Tablets
  *
  Tablets (INPUT_TABLET) [N/y/?] n
  *
  * Touchscreens
  *
  Touchscreens (INPUT_TOUCHSCREEN) [N/y/?] n
  *
  * Miscellaneous devices
  *
  Miscellaneous devices (INPUT_MISC) [N/y/?] n
*
* Hardware I/O ports
*
Serial I/O support (SERIO) [N/m/y/?] n
Gameport support (GAMEPORT) [N/m/y/?] n
*
* Character devices
*
Virtual terminal (VT) [N/y/?] n
Non-standard serial port support (SERIAL_NONSTANDARD) [Y/n/?] y
  Computone IntelliPort Plus serial support (COMPUTONE) [N/m/y/?] n
  Comtrol RocketPort support (ROCKETPORT) [N/m/y/?] n
  Cyclades async mux support (CYCLADES) [N/m/y/?] n
  Digiboard Intelligent Async Support (DIGIEPCA) [N/m/y/?] n
  Moxa Intellio support (MOXA_INTELLIO) [N/m/y/?] n
  Moxa SmartIO support (OBSOLETE) (MOXA_SMARTIO) [N/m/y/?] n
  Moxa SmartIO support v. 2.0 (MOXA_SMARTIO_NEW) [N/m/y/?] n
  Multi-Tech multiport card support (EXPERIMENTAL) (ISI) [N/m/y/?] n
  SyncLink Multiport support (SYNCLINKMP) [N/m/y/?] n
  SyncLink GT/AC support (SYNCLINK_GT) [N/m/y/?] n
  HDLC line discipline support (N_HDLC) [Y/n/m/?] y
  SDL RISCom/8 card support (RISCOM8) [N/m/y/?] n
  Specialix IO8+ card support (SPECIALIX) [N/m/y/?] n
  Specialix SX (and SI) card support (SX) [N/m/y/?] n
  Specialix RIO system support (RIO) [N/m/y/?] n
  Stallion multiport serial support (STALDRV) [N/y/?] n
*
* Serial drivers
*
8250/16550 and compatible serial support (SERIAL_8250) [Y/n/m/?] y
  Console on 8250/16550 and compatible serial port (SERIAL_8250_CONSOLE) [Y/n/?] y
  8250/16550 PCI device support (SERIAL_8250_PCI) [Y/n/m/?] y
  Maximum number of 8250/16550 serial ports (SERIAL_8250_NR_UARTS) [4] 4
  Number of 8250/16550 serial ports to register at runtime (SERIAL_8250_RUNTIME_UARTS) [4] 4
  Extended 8250/16550 serial driver options (SERIAL_8250_EXTENDED) [N/y/?] n
*
* Non-8250 serial port support
*
Digi International NEO PCI Support (SERIAL_JSM) [N/m/y/?] n
Unix98 PTY support (UNIX98_PTYS) [Y/n/?] y
Legacy (BSD) PTY support (LEGACY_PTYS) [Y/n/?] y
  Maximum number of legacy PTY in use (LEGACY_PTY_COUNT) [16] 16
*
* IPMI
*
IPMI top-level message handler (IPMI_HANDLER) [N/m/y/?] n
*
* Watchdog Timer Support
*
Watchdog Timer Support (WATCHDOG) [N/y/?] n
Hardware Random Number Generator Core support (HW_RANDOM) [N/m/y/?] n
Enhanced Real Time Clock Support (RTC) [N/m/y/?] n
Generic /dev/rtc emulation (GEN_RTC) [N/m/y/?] n
Siemens R3964 line discipline (R3964) [N/m/y/?] n
Applicom intelligent fieldbus card support (APPLICOM) [N/m/y/?] n
Direct Rendering Manager (XFree86 4.1.0 and higher DRI support) (DRM) [N/m/y/?] n
RAW driver (/dev/raw/rawN) (OBSOLETE) (RAW_DRIVER) [N/m/y/?] n
*
* TPM devices
*
TPM Hardware Support (TCG_TPM) [N/m/y/?] n
*
* I2C support
*
I2C support (I2C) [N/m/y/?] n
*
* SPI support
*
SPI support (SPI) [N/y/?] n
*
* Dallas's 1-wire bus
*
Dallas's 1-wire support (W1) [N/m/y/?] n
*
* Hardware Monitoring support
*
Hardware Monitoring support (HWMON) [N/m/y/?] n
*
* Multifunction device drivers
*
Support for Silicon Motion SM501 (MFD_SM501) [N/m/y/?] n
*
* Multimedia devices
*
Video For Linux (VIDEO_DEV) [M/n/y/?] m
  Enable Video For Linux API 1 (DEPRECATED) (VIDEO_V4L1) [N/y/?] n
  Enable Video For Linux API 1 compatible Layer (VIDEO_V4L1_COMPAT) [N/y/?] n
  *
  * Video capture adapters
  *
  Video capture adapters (VIDEO_CAPTURE_DRIVERS) [Y/n/?] y
    Enable advanced debug functionality (VIDEO_ADV_DEBUG) [N/y/?] n
    Autoselect pertinent encoders/decoders and other helper chips (VIDEO_HELPER_CHIPS_AUTO) [Y/n/?] y
    Virtual Video Driver (VIDEO_VIVI) [N/m/?] n
    *
    * V4L USB devices
    *
    V4L USB devices (V4L_USB_DRIVERS) [Y/n] y
      USB SN9C1xx PC Camera Controller support (USB_SN9C102) [N/m/?] n
      USB ZR364XX Camera support (USB_ZR364XX) [N/m/?] n
      USB Video Class (UVC) (USB_VIDEO_CLASS) [M/n/?] m
        UVC input events device support (USB_VIDEO_CLASS_INPUT_EVDEV) [Y/n/?] y
  *
  * Radio Adapters
  *
  Radio Adapters (RADIO_ADAPTERS) [N/y/?] n
DVB for Linux (DVB_CORE) [N/m/y/?] n
DAB adapters (DAB) [N/y/?] n
*
* Graphics support
*
*
* Backlight & LCD device support
*
Backlight & LCD device support (BACKLIGHT_LCD_SUPPORT) [N/y/?] n
*
* Display device support
*
Display panel/monitor support (DISPLAY_SUPPORT) [N/m/y/?] n
Support for frame buffer devices (FB) [N/m/y/?] n
*
* Sound
*
Sound card support (SOUND) [M/n/y/?] m
*
* Advanced Linux Sound Architecture
*
Advanced Linux Sound Architecture (SND) [M/n/?] m
  Sound hardware support (SND_HWDEP) [M] m
  Sequencer support (SND_SEQUENCER) [M/n/?] m
    Sequencer dummy client (SND_SEQ_DUMMY) [N/m/?] n
  OSS Mixer API (SND_MIXER_OSS) [M/n/?] m
  OSS PCM (digital audio) API (SND_PCM_OSS) [M/n/?] m
    OSS PCM (digital audio) API - Include plugin system (SND_PCM_OSS_PLUGINS) [Y/n/?] y
  OSS Sequencer API (SND_SEQUENCER_OSS) [N/y/?] n
  Dynamic device file minor numbers (SND_DYNAMIC_MINORS) [N/y/?] n
  Support old ALSA API (SND_SUPPORT_OLD_API) [Y/n/?] y
  Verbose procfs contents (SND_VERBOSE_PROCFS) [N/y/?] n
  Verbose printk (SND_VERBOSE_PRINTK) [N/y/?] n
  Debug (SND_DEBUG) [N/y/?] n
  *
  * Generic devices
  *
  Dummy (/dev/null) soundcard (SND_DUMMY) [N/m/?] n
  Virtual MIDI soundcard (SND_VIRMIDI) [N/m/?] n
  MOTU MidiTimePiece AV multiport MIDI (SND_MTPAV) [N/m/?] n
  UART16550 serial MIDI driver (SND_SERIAL_U16550) [N/m/?] n
  Generic MPU-401 UART driver (SND_MPU401) [N/m/?] n
  *
  * PCI devices
  *
  Analog Devices AD1889 (SND_AD1889) [N/m/?] n
  Avance Logic ALS300/ALS300+ (SND_ALS300) [N/m/?] n
  ALi M5451 PCI Audio Controller (SND_ALI5451) [N/m/?] n
  ATI IXP AC97 Controller (SND_ATIIXP) [N/m/?] n
  ATI IXP Modem (SND_ATIIXP_MODEM) [N/m/?] n
  Aureal Advantage (SND_AU8810) [N/m/?] n
  Aureal Vortex (SND_AU8820) [N/m/?] n
  Aureal Vortex 2 (SND_AU8830) [N/m/?] n
  Aztech AZF3328 / PCI168 (EXPERIMENTAL) (SND_AZT3328) [N/m/?] n
  Bt87x Audio Capture (SND_BT87X) [N/m/?] n
  SB Audigy LS / Live 24bit (SND_CA0106) [N/m/?] n
  C-Media 8738, 8338 (SND_CMIPCI) [N/m/?] n
  Cirrus Logic (Sound Fusion) CS4281 (SND_CS4281) [N/m/?] n
  Cirrus Logic (Sound Fusion) CS4280/CS461x/CS462x/CS463x (SND_CS46XX) [N/m/?] n
  (Echoaudio) Darla20 (SND_DARLA20) [N/m/?] n
  (Echoaudio) Gina20 (SND_GINA20) [N/m/?] n
  (Echoaudio) Layla20 (SND_LAYLA20) [N/m/?] n
  (Echoaudio) Darla24 (SND_DARLA24) [N/m/?] n
  (Echoaudio) Gina24 (SND_GINA24) [N/m/?] n
  (Echoaudio) Layla24 (SND_LAYLA24) [N/m/?] n
  (Echoaudio) Mona (SND_MONA) [N/m/?] n
  (Echoaudio) Mia (SND_MIA) [N/m/?] n
  (Echoaudio) 3G cards (SND_ECHO3G) [N/m/?] n
  (Echoaudio) Indigo (SND_INDIGO) [N/m/?] n
  (Echoaudio) Indigo IO (SND_INDIGOIO) [N/m/?] n
  (Echoaudio) Indigo DJ (SND_INDIGODJ) [N/m/?] n
  Emu10k1 (SB Live!, Audigy, E-mu APS) (SND_EMU10K1) [N/m/?] n
  Emu10k1X (Dell OEM Version) (SND_EMU10K1X) [N/m/?] n
  (Creative) Ensoniq AudioPCI 1370 (SND_ENS1370) [N/m/?] n
  (Creative) Ensoniq AudioPCI 1371/1373 (SND_ENS1371) [N/m/?] n
  ESS ES1938/1946/1969 (Solo-1) (SND_ES1938) [N/m/?] n
  ESS ES1968/1978 (Maestro-1/2/2E) (SND_ES1968) [N/m/?] n
  ForteMedia FM801 (SND_FM801) [N/m/?] n
  Intel HD Audio (SND_HDA_INTEL) [N/m/?] n
  RME Hammerfall DSP Audio (SND_HDSP) [N/m/?] n
  RME Hammerfall DSP MADI (SND_HDSPM) [N/m/?] n
  ICEnsemble ICE1712 (Envy24) (SND_ICE1712) [N/m/?] n
  ICE/VT1724/1720 (Envy24HT/PT) (SND_ICE1724) [N/m/?] n
  Intel/SiS/nVidia/AMD/ALi AC97 Controller (SND_INTEL8X0) [N/m/?] n
  Intel/SiS/nVidia/AMD MC97 Modem (SND_INTEL8X0M) [N/m/?] n
  Korg 1212 IO (SND_KORG1212) [N/m/?] n
  ESS Allegro/Maestro3 (SND_MAESTRO3) [N/m/?] n
  Digigram miXart (SND_MIXART) [N/m/?] n
  NeoMagic NM256AV/ZX (SND_NM256) [N/m/?] n
  Digigram PCXHR (SND_PCXHR) [N/m/?] n
  Conexant Riptide (SND_RIPTIDE) [N/m/?] n
  RME Digi32, 32/8, 32 PRO (SND_RME32) [N/m/?] n
  RME Digi96, 96/8, 96/8 PRO (SND_RME96) [N/m/?] n
  RME Digi9652 (Hammerfall) (SND_RME9652) [N/m/?] n
  S3 SonicVibes (SND_SONICVIBES) [N/m/?] n
  Trident 4D-Wave DX/NX; SiS 7018 (SND_TRIDENT) [N/m/?] n
  VIA 82C686A/B, 8233/8235 AC97 Controller (SND_VIA82XX) [N/m/?] n
  VIA 82C686A/B, 8233 based Modems (SND_VIA82XX_MODEM) [N/m/?] n
  Digigram VX222 (SND_VX222) [N/m/?] n
  Yamaha YMF724/740/744/754 (SND_YMFPCI) [N/m/?] n
  *
  * ALSA MIPS devices
  *
  *
  * USB devices
  *
  USB Audio/MIDI driver (SND_USB_AUDIO) [M/n/?] m
  Native Instruments USB audio devices (SND_USB_CAIAQ) [N/m/?] n
  *
  * System on Chip audio support
  *
  ALSA for SoC audio support (SND_SOC) [N/m/?] n
*
* Open Sound System
*
Open Sound System (DEPRECATED) (SOUND_PRIME) [N/m/?] n
*
* HID Devices
*
Generic HID support (HID) [M/?] m
  HID debugging support (HID_DEBUG) [N/y/?] n
*
* USB Input Devices
*
USB Human Interface Device (full HID) support (USB_HID) [M/n/?] m
  Enable support for iBook/PowerBook/MacBook/MacBookPro special keys (USB_HIDINPUT_POWERBOOK) [N/y/?] n
  Force feedback support (EXPERIMENTAL) (HID_FF) [N/y/?] n
  /dev/hiddev raw HID device support (USB_HIDDEV) [Y/n/?] y
  *
  * USB HID Boot Protocol drivers
  *
  USB HIDBP Keyboard (simple Boot) support (USB_KBD) [M/n/?] m
  USB HIDBP Mouse (simple Boot) support (USB_MOUSE) [M/n/?] m
*
* USB support
*
USB support (USB_SUPPORT) [Y/n/?] y
  Support for Host-side USB (USB) [M/n/y/?] m
    USB verbose debug messages (USB_DEBUG) [N/y/?] n
    USB announce new devices (USB_ANNOUNCE_NEW_DEVICES) [N/y/?] n
    *
    * Miscellaneous USB options
    *
    USB device filesystem (USB_DEVICEFS) [Y/n/?] y
    USB device class-devices (DEPRECATED) (USB_DEVICE_CLASS) [Y/n/?] y
    Dynamic USB minor allocation (EXPERIMENTAL) (USB_DYNAMIC_MINORS) [N/y/?] n
    *
    * USB Host Controller Drivers
    *
    EHCI HCD (USB 2.0) support (USB_EHCI_HCD) [M/n/?] m
      Root Hub Transaction Translators (EXPERIMENTAL) (USB_EHCI_ROOT_HUB_TT) [Y/n/?] y
      Improved Transaction Translator scheduling (USB_EHCI_TT_NEWSCHED) [Y/n/?] y
  ISP116X HCD support (USB_ISP116X_HCD) [N/m/?] n
  OHCI HCD support (USB_OHCI_HCD) [M/n/?] m
  UHCI HCD (most Intel and VIA) support (USB_UHCI_HCD) [M/n/?] m
  SL811HS HCD support (USB_SL811_HCD) [N/m/?] n
  R8A66597 HCD support (USB_R8A66597_HCD) [N/m/?] n
  *
  * USB Device Class drivers
  *
  USB Modem (CDC ACM) support (USB_ACM) [M/n/?] m
  USB Printer support (USB_PRINTER) [M/n/?] m
  USB Wireless Device Management support (USB_WDM) [M/?] m
  *
  * USB modem driver of Beceem
  *
  Beceem's WiMAX Modem support (USB_BECEEM) [M/n/?] m
  *
  * NOTE: USB_STORAGE enables SCSI, and 'SCSI disk support'
  *
  *
  * may also be needed; see USB_STORAGE Help for more information
  *
  USB Mass Storage support (USB_STORAGE) [M/n/?] m
    USB Mass Storage verbose debug (USB_STORAGE_DEBUG) [N/y/?] n
    Datafab Compact Flash Reader support (EXPERIMENTAL) (USB_STORAGE_DATAFAB) [N/y/?] n
    Freecom USB/ATAPI Bridge support (USB_STORAGE_FREECOM) [N/y/?] n
    Microtech/ZiO! CompactFlash/SmartMedia support (USB_STORAGE_DPCM) [N/y/?] n
    USBAT/USBAT02-based storage support (EXPERIMENTAL) (USB_STORAGE_USBAT) [N/y/?] n
    SanDisk SDDR-09 (and other SmartMedia) support (EXPERIMENTAL) (USB_STORAGE_SDDR09) [N/y/?] n
    SanDisk SDDR-55 SmartMedia support (EXPERIMENTAL) (USB_STORAGE_SDDR55) [N/y/?] n
    Lexar Jumpshot Compact Flash Reader (EXPERIMENTAL) (USB_STORAGE_JUMPSHOT) [N/y/?] n
    Olympus MAUSB-10/Fuji DPC-R1 support (EXPERIMENTAL) (USB_STORAGE_ALAUDA) [N/y/?] n
    Support OneTouch Button on Maxtor Hard Drives (EXPERIMENTAL) (USB_STORAGE_ONETOUCH) [N/y/?] n
    Support for Rio Karma music player (USB_STORAGE_KARMA) [N/y/?] n
  The shared table of common (or usual) storage devices (USB_LIBUSUAL) [N/y/?] n
  *
  * USB Imaging devices
  *
  USB Mustek MDC800 Digital Camera support (EXPERIMENTAL) (USB_MDC800) [N/m/?] n
  Microtek X6USB scanner support (USB_MICROTEK) [N/m/?] n
  USB Monitor (USB_MON) [N/m/y/?] n
  *
  * USB port drivers
  *
  *
  * USB Serial Converter support
  *
  USB Serial Converter support (USB_SERIAL) [M/n/?] m
    Functions for loading firmware on EZUSB chips (USB_EZUSB) [N/y/?] n
    USB Generic Serial Driver (USB_SERIAL_GENERIC) [Y/n/?] y
    USB AIRcable Bluetooth Dongle Driver (USB_SERIAL_AIRCABLE) [N/m/?] n
    USB AirPrime CDMA Wireless Driver (USB_SERIAL_AIRPRIME) [N/m/?] n
    USB ARK Micro 3116 USB Serial Driver (USB_SERIAL_ARK3116) [N/m/?] n
    USB Belkin and Peracom Single Port Serial Driver (USB_SERIAL_BELKIN) [N/m/?] n
    USB ConnectTech WhiteHEAT Serial Driver (USB_SERIAL_WHITEHEAT) [N/m/?] n
    USB Digi International AccelePort USB Serial Driver (USB_SERIAL_DIGI_ACCELEPORT) [N/m/?] n
    USB CP2101 UART Bridge Controller (USB_SERIAL_CP2101) [N/m/?] n
    USB Cypress M8 USB Serial Driver (USB_SERIAL_CYPRESS_M8) [N/m/?] n
    USB Empeg empeg-car Mark I/II Driver (USB_SERIAL_EMPEG) [N/m/?] n
    USB FTDI Single Port Serial Driver (USB_SERIAL_FTDI_SIO) [N/m/?] n
    USB Fundamental Software Dongle Driver (USB_SERIAL_FUNSOFT) [N/m/?] n
    USB Handspring Visor / Palm m50x / Sony Clie Driver (USB_SERIAL_VISOR) [N/m/?] n
    USB PocketPC PDA Driver (USB_SERIAL_IPAQ) [N/m/?] n
    USB IR Dongle Serial Driver (USB_SERIAL_IR) [N/m/?] n
    USB Inside Out Edgeport Serial Driver (USB_SERIAL_EDGEPORT) [N/m/?] n
    USB Inside Out Edgeport Serial Driver (TI devices) (USB_SERIAL_EDGEPORT_TI) [N/m/?] n
    USB Garmin GPS driver (USB_SERIAL_GARMIN) [N/m/?] n
    USB IPWireless (3G UMTS TDD) Driver (USB_SERIAL_IPW) [N/m/?] n
    USB Keyspan PDA Single Port Serial Driver (USB_SERIAL_KEYSPAN_PDA) [N/m/?] n
    USB Keyspan USA-xxx Serial Driver (USB_SERIAL_KEYSPAN) [N/m/?] n
    USB KL5KUSB105 (Palmconnect) Driver (USB_SERIAL_KLSI) [N/m/?] n
    USB KOBIL chipcard reader (USB_SERIAL_KOBIL_SCT) [N/m/?] n
    USB MCT Single Port Serial Driver (USB_SERIAL_MCT_U232) [N/m/?] n
    USB Moschip 7720 Serial Driver (USB_SERIAL_MOS7720) [N/m/?] n
    USB Moschip 7840/7820 USB Serial Driver (USB_SERIAL_MOS7840) [N/m/?] n
    USB Navman GPS device (USB_SERIAL_NAVMAN) [N/m/?] n
    USB Prolific 2303 Single Port Serial Driver (USB_SERIAL_PL2303) [N/m/?] n
    USB Ours Technology Inc. OTi-6858 USB To RS232 Bridge Controller (USB_SERIAL_OTI6858) [N/m/?] n
    USB HP4x Calculators support (USB_SERIAL_HP4X) [N/m/?] n
    USB Safe Serial (Encapsulated) Driver (USB_SERIAL_SAFE) [N/m] n
    USB Sierra Wireless Driver (USB_SERIAL_SIERRAWIRELESS) [N/m/?] n
    USB TI 3410/5052 Serial Driver (USB_SERIAL_TI) [N/m/?] n
    USB REINER SCT cyberJack pinpad/e-com chipcard reader (USB_SERIAL_CYBERJACK) [N/m/?] n
    USB Xircom / Entregra Single Port Serial Driver (USB_SERIAL_XIRCOM) [N/m/?] n
    USB driver for GSM and CDMA modems (USB_SERIAL_OPTION) [M/n/?] m
    USB ZyXEL omni.net LCD Plus Driver (USB_SERIAL_OMNINET) [N/m/?] n
    USB Debugging Device (USB_SERIAL_DEBUG) [N/m/?] n
  *
  * USB Miscellaneous drivers
  *
  EMI 6|2m USB Audio interface support (USB_EMI62) [N/m/?] n
  EMI 2|6 USB Audio interface support (USB_EMI26) [N/m/?] n
  ADU devices from Ontrak Control Systems (EXPERIMENTAL) (USB_ADUTUX) [N/m/?] n
  USB Auerswald ISDN support (EXPERIMENTAL) (USB_AUERSWALD) [N/m/?] n
  USB Diamond Rio500 support (EXPERIMENTAL) (USB_RIO500) [N/m/?] n
  USB Lego Infrared Tower support (EXPERIMENTAL) (USB_LEGOTOWER) [N/m/?] n
  USB LCD driver support (USB_LCD) [N/m/?] n
  USB LED driver support (USB_LED) [N/m/?] n
  Cypress CY7C63xxx USB driver support (USB_CYPRESS_CY7C63) [N/m/?] n
  Cypress USB thermometer driver support (USB_CYTHERM) [N/m/?] n
  USB Phidgets drivers (USB_PHIDGET) [N/m/?] n
  Siemens ID USB Mouse Fingerprint sensor support (USB_IDMOUSE) [N/m/?] n
  Elan PCMCIA CardBus Adapter USB Client (USB_FTDI_ELAN) [N/m/?] n
  Apple Cinema Display support (USB_APPLEDISPLAY) [N/m/?] n
  USB 2.0 SVGA dongle support (Net2280/SiS315) (USB_SISUSBVGA) [N/m/?] n
  USB LD driver (USB_LD) [N/m/?] n
  PlayStation 2 Trance Vibrator driver support (USB_TRANCEVIBRATOR) [N/m/?] n
  IO Warrior driver support (USB_IOWARRIOR) [N/m/?] n
  USB testing driver (DEVELOPMENT) (USB_TEST) [N/m/?] n
  *
  * USB Gadget Support
  *
  USB Gadget Support (USB_GADGET) [N/m/y/?] n
*
* MMC/SD card support
*
MMC/SD card support (MMC) [Y/n/m/?] y
  MMC debugging (MMC_DEBUG) [N/y/?] n
  Allow unsafe resume (DANGEROUS) (MMC_UNSAFE_RESUME) [N/y/?] n
  *
  * MMC/SD Card Drivers
  *
  MMC block device driver (MMC_BLOCK) [Y/n/m/?] y
  *
  * MMC/SD Host Controller Drivers
  *
  Secure Digital Host Controller Interface support  (EXPERIMENTAL) (MMC_SDHCI) [Y/n/m/?] y
  TI Flash Media MMC/SD Interface support  (EXPERIMENTAL) (MMC_TIFM_SD) [N/m/y/?] n
*
* LED devices
*
LED Support (NEW_LEDS) [N/y/?] n
*
* LED drivers
*
*
* LED Triggers
*
*
* InfiniBand support
*
InfiniBand support (INFINIBAND) [N/m/y/?] n
*
* EDAC - error detection and reporting (RAS) (EXPERIMENTAL)
*
*
* Real Time Clock
*
RTC class (RTC_CLASS) [N/m/y/?] n
*
* DMA Engine support
*
Support for DMA engines (DMA_ENGINE) [N/y/?] n
*
* DMA Clients
*
*
* DMA Devices
*
*
* File systems
*
Second extended fs support (EXT2_FS) [M/n/y/?] m
  Ext2 extended attributes (EXT2_FS_XATTR) [Y/n/?] y
    Ext2 POSIX Access Control Lists (EXT2_FS_POSIX_ACL) [N/y/?] n
    Ext2 Security Labels (EXT2_FS_SECURITY) [N/y/?] n
  Ext2 execute in place support (EXT2_FS_XIP) [N/y/?] n
Ext3 journalling file system support (EXT3_FS) [M/n/y/?] m
  Ext3 extended attributes (EXT3_FS_XATTR) [Y/n/?] y
    Ext3 POSIX Access Control Lists (EXT3_FS_POSIX_ACL) [N/y/?] n
    Ext3 Security Labels (EXT3_FS_SECURITY) [N/y/?] n
Ext4dev/ext4 extended fs support development (EXPERIMENTAL) (EXT4DEV_FS) [N/m/y/?] n
JBD (ext3) debugging support (JBD_DEBUG) [N/y/?] n
Reiserfs support (REISERFS_FS) [M/n/y/?] m
  Enable reiserfs debug mode (REISERFS_CHECK) [N/y/?] n
  Stats in /proc/fs/reiserfs (REISERFS_PROC_INFO) [Y/n/?] y
  ReiserFS extended attributes (REISERFS_FS_XATTR) [Y/n/?] y
    ReiserFS POSIX Access Control Lists (REISERFS_FS_POSIX_ACL) [N/y/?] n
    ReiserFS Security Labels (REISERFS_FS_SECURITY) [N/y/?] n
JFS filesystem support (JFS_FS) [N/m/y/?] n
XFS filesystem support (XFS_FS) [M/n/y/?] m
  XFS Quota support (XFS_QUOTA) [N/y/?] n
  XFS Security Label support (XFS_SECURITY) [N/y/?] n
  XFS POSIX ACL support (XFS_POSIX_ACL) [N/y/?] n
  XFS Realtime subvolume support (XFS_RT) [N/y/?] n
GFS2 file system support (GFS2_FS) [N/m/y/?] n
OCFS2 file system support (OCFS2_FS) [N/m/y/?] n
Minix fs support (MINIX_FS) [N/m/y/?] n
ROM file system support (ROMFS_FS) [N/m/y/?] n
Inotify file change notification support (INOTIFY) [Y/n/?] y
  Inotify support for userspace (INOTIFY_USER) [Y/n/?] y
Quota support (QUOTA) [N/y/?] n
Dnotify support (DNOTIFY) [Y/n/?] y
Kernel automounter support (AUTOFS_FS) [N/m/y/?] n
Kernel automounter version 4 support (also supports v3) (AUTOFS4_FS) [N/m/y/?] n
Filesystem in Userspace support (FUSE_FS) [M/n/y/?] m
*
* CD-ROM/DVD Filesystems
*
ISO 9660 CDROM file system support (ISO9660_FS) [N/m/y/?] n
UDF file system support (UDF_FS) [N/m/y/?] n
*
* DOS/FAT/NT Filesystems
*
MSDOS fs support (MSDOS_FS) [N/m/y/?] n
VFAT (Windows-95) fs support (VFAT_FS) [M/n/y/?] m
  Default codepage for FAT (FAT_DEFAULT_CODEPAGE) [437] 437
  Default iocharset for FAT (FAT_DEFAULT_IOCHARSET) [utf8] utf8
NTFS file system support (NTFS_FS) [N/m/y/?] n
*
* Pseudo filesystems
*
/proc file system support (PROC_FS) [Y/n/?] y
  /proc/kcore support (PROC_KCORE) [Y/n] y
  Sysctl support (/proc/sys) (PROC_SYSCTL) [Y/n/?] y
sysfs file system support (SYSFS) [Y/n/?] y
Virtual memory file system support (former shm fs) (TMPFS) [Y/n/?] y
  Tmpfs POSIX Access Control Lists (TMPFS_POSIX_ACL) [Y/n/?] y
Userspace-driven configuration filesystem (EXPERIMENTAL) (CONFIGFS_FS) [Y/n/m/?] y
*
* Miscellaneous filesystems
*
ADFS file system support (EXPERIMENTAL) (ADFS_FS) [N/m/y/?] n
Amiga FFS file system support (EXPERIMENTAL) (AFFS_FS) [N/m/y/?] n
Apple Macintosh file system support (EXPERIMENTAL) (HFS_FS) [N/m/y/?] n
Apple Extended HFS file system support (HFSPLUS_FS) [N/m/y/?] n
BeOS file system (BeFS) support (read only) (EXPERIMENTAL) (BEFS_FS) [N/m/y/?] n
BFS file system support (EXPERIMENTAL) (BFS_FS) [N/m/y/?] n
EFS file system support (read only) (EXPERIMENTAL) (EFS_FS) [N/m/y/?] n
Journalling Flash File System (JFFS) support (JFFS_FS) [M/n/y/?] m
  JFFS debugging verbosity (0 = quiet, 3 = noisy) (JFFS_FS_VERBOSE) [0] 0
  JFFS stats available in /proc filesystem (JFFS_PROC_FS) [N/y/?] n
Journalling Flash File System v2 (JFFS2) support (JFFS2_FS) [M/n/y/?] m
  JFFS2 debugging verbosity (0 = quiet, 2 = noisy) (JFFS2_FS_DEBUG) [0] 0
  JFFS2 write-buffering support (JFFS2_FS_WRITEBUFFER) [Y/n/?] y
  JFFS2 summary support (EXPERIMENTAL) (JFFS2_SUMMARY) [N/y/?] n
  JFFS2 XATTR support (EXPERIMENTAL) (JFFS2_FS_XATTR) [N/y/?] n
  Advanced compression options for JFFS2 (JFFS2_COMPRESSION_OPTIONS) [Y/n/?] y
    JFFS2 ZLIB compression support (JFFS2_ZLIB) [Y/n/?] y
    JFFS2 LZO compression support (JFFS2_LZO) [N/y/?] n
    JFFS2 RTIME compression support (JFFS2_RTIME) [N/y/?] n
    JFFS2 RUBIN compression support (JFFS2_RUBIN) [N/y/?] n
    JFFS2 default compression mode
      1. no compression (JFFS2_CMODE_NONE)
    > 2. priority (JFFS2_CMODE_PRIORITY)
      3. size (EXPERIMENTAL) (JFFS2_CMODE_SIZE)
    choice[1-3?]: 2
Compressed ROM file system support (cramfs) (CRAMFS) [N/m/y/?] n
SquashFS 3.0 - Squashed file system support (SQUASHFS) [Y/n/m/?] y
  Additional options for memory-constrained systems (SQUASHFS_EMBEDDED) [N/y/?] n
FreeVxFS file system support (VERITAS VxFS(TM) compatible) (VXFS_FS) [N/m/y/?] n
OS/2 HPFS file system support (HPFS_FS) [N/m/y/?] n
QNX4 file system support (read only) (QNX4FS_FS) [N/m/y/?] n
System V/Xenix/V7/Coherent file system support (SYSV_FS) [N/m/y/?] n
UFS file system support (read only) (UFS_FS) [N/m/y/?] n
*
* Network File Systems
*
NFS file system support (NFS_FS) [M/n/y/?] m
  Provide NFSv3 client support (NFS_V3) [Y/n/?] y
    Provide client support for the NFSv3 ACL protocol extension (NFS_V3_ACL) [N/y/?] n
  Provide NFSv4 client support (EXPERIMENTAL) (NFS_V4) [N/y/?] n
  Allow direct I/O on NFS files (NFS_DIRECTIO) [N/y/?] n
NFS server support (NFSD) [M/n/y/?] m
  Provide NFSv3 server support (NFSD_V3) [Y/n/?] y
    Provide server support for the NFSv3 ACL protocol extension (NFSD_V3_ACL) [N/y/?] n
    Provide NFSv4 server support (EXPERIMENTAL) (NFSD_V4) [N/y/?] n
  Provide NFS server over TCP support (NFSD_TCP) [Y/n/?] y
Support for rpcbind versions 3 & 4 (EXPERIMENTAL) (SUNRPC_BIND34) [Y/n/?] y
Secure RPC: Kerberos V mechanism (EXPERIMENTAL) (RPCSEC_GSS_KRB5) [M/n/?] m
Secure RPC: SPKM3 mechanism (EXPERIMENTAL) (RPCSEC_GSS_SPKM3) [N/m/?] n
SMB file system support (to mount Windows shares etc.) (SMB_FS) [N/m/y/?] n
CIFS support (advanced network filesystem for Samba, Window and other CIFS compliant servers) (CIFS) [M/n/y/?] m
  CIFS statistics (CIFS_STATS) [N/y/?] n
  Support legacy servers which use weaker LANMAN security (CIFS_WEAK_PW_HASH) [Y/n/?] y
  CIFS extended attributes (CIFS_XATTR) [N/y/?] n
  Enable additional CIFS debugging routines (CIFS_DEBUG2) [N/y/?] n
  CIFS Experimental Features (EXPERIMENTAL) (CIFS_EXPERIMENTAL) [N/y/?] n
NCP file system support (to mount NetWare volumes) (NCP_FS) [N/m/y/?] n
Coda file system support (advanced network fs) (CODA_FS) [N/m/y/?] n
Andrew File System support (AFS) (EXPERIMENTAL) (AFS_FS) [N/m/y/?] n
Plan 9 Resource Sharing Support (9P2000) (Experimental) (9P_FS) [N/m/y/?] n
*
* Partition Types
*
Advanced partition selection (PARTITION_ADVANCED) [Y/n/?] y
  Acorn partition support (ACORN_PARTITION) [N/y/?] n
  Alpha OSF partition support (OSF_PARTITION) [N/y/?] n
  Amiga partition table support (AMIGA_PARTITION) [N/y/?] n
  Atari partition table support (ATARI_PARTITION) [N/y/?] n
  Macintosh partition map support (MAC_PARTITION) [N/y/?] n
  PC BIOS (MSDOS partition tables) support (MSDOS_PARTITION) [Y/n/?] y
    BSD disklabel (FreeBSD partition tables) support (BSD_DISKLABEL) [N/y/?] n
    Minix subpartition support (MINIX_SUBPARTITION) [N/y/?] n
    Solaris (x86) partition table support (SOLARIS_X86_PARTITION) [N/y/?] n
    Unixware slices support (UNIXWARE_DISKLABEL) [N/y/?] n
  Windows Logical Disk Manager (Dynamic Disk) support (LDM_PARTITION) [N/y/?] n
  SGI partition support (SGI_PARTITION) [N/y/?] n
  Ultrix partition table support (ULTRIX_PARTITION) [N/y/?] n
  Sun partition tables support (SUN_PARTITION) [N/y/?] n
  Karma Partition support (KARMA_PARTITION) [N/y/?] n
  EFI GUID Partition support (EFI_PARTITION) [Y/n/?] y
  SYSV68 partition table support (SYSV68_PARTITION) [N/y/?] n
*
* Native Language Support
*
Base native language support (NLS) [Y/m/?] y
  Default NLS Option (NLS_DEFAULT) [utf8] utf8
  Codepage 437 (United States, Canada) (NLS_CODEPAGE_437) [M/n/y/?] m
  Codepage 737 (Greek) (NLS_CODEPAGE_737) [N/m/y/?] n
  Codepage 775 (Baltic Rim) (NLS_CODEPAGE_775) [N/m/y/?] n
  Codepage 850 (Europe) (NLS_CODEPAGE_850) [M/n/y/?] m
  Codepage 852 (Central/Eastern Europe) (NLS_CODEPAGE_852) [M/n/y/?] m
  Codepage 855 (Cyrillic) (NLS_CODEPAGE_855) [N/m/y/?] n
  Codepage 857 (Turkish) (NLS_CODEPAGE_857) [N/m/y/?] n
  Codepage 860 (Portuguese) (NLS_CODEPAGE_860) [N/m/y/?] n
  Codepage 861 (Icelandic) (NLS_CODEPAGE_861) [N/m/y/?] n
  Codepage 862 (Hebrew) (NLS_CODEPAGE_862) [N/m/y/?] n
  Codepage 863 (Canadian French) (NLS_CODEPAGE_863) [N/m/y/?] n
  Codepage 864 (Arabic) (NLS_CODEPAGE_864) [N/m/y/?] n
  Codepage 865 (Norwegian, Danish) (NLS_CODEPAGE_865) [N/m/y/?] n
  Codepage 866 (Cyrillic/Russian) (NLS_CODEPAGE_866) [M/n/y/?] m
  Codepage 869 (Greek) (NLS_CODEPAGE_869) [N/m/y/?] n
  Simplified Chinese charset (CP936, GB2312) (NLS_CODEPAGE_936) [M/n/y/?] m
  Traditional Chinese charset (Big5) (NLS_CODEPAGE_950) [M/n/y/?] m
  Japanese charsets (Shift-JIS, EUC-JP) (NLS_CODEPAGE_932) [M/n/y/?] m
  Korean charset (CP949, EUC-KR) (NLS_CODEPAGE_949) [M/n/y/?] m
  Thai charset (CP874, TIS-620) (NLS_CODEPAGE_874) [N/m/y/?] n
  Hebrew charsets (ISO-8859-8, CP1255) (NLS_ISO8859_8) [N/m/y/?] n
  Windows CP1250 (Slavic/Central European Languages) (NLS_CODEPAGE_1250) [N/m/y/?] n
  Windows CP1251 (Bulgarian, Belarusian) (NLS_CODEPAGE_1251) [N/m/y/?] n
  ASCII (United States) (NLS_ASCII) [N/m/y/?] n
  NLS ISO 8859-1  (Latin 1; Western European Languages) (NLS_ISO8859_1) [N/m/y/?] n
  NLS ISO 8859-2  (Latin 2; Slavic/Central European Languages) (NLS_ISO8859_2) [N/m/y/?] n
  NLS ISO 8859-3  (Latin 3; Esperanto, Galician, Maltese, Turkish) (NLS_ISO8859_3) [N/m/y/?] n
  NLS ISO 8859-4  (Latin 4; old Baltic charset) (NLS_ISO8859_4) [N/m/y/?] n
  NLS ISO 8859-5  (Cyrillic) (NLS_ISO8859_5) [N/m/y/?] n
  NLS ISO 8859-6  (Arabic) (NLS_ISO8859_6) [N/m/y/?] n
  NLS ISO 8859-7  (Modern Greek) (NLS_ISO8859_7) [N/m/y/?] n
  NLS ISO 8859-9  (Latin 5; Turkish) (NLS_ISO8859_9) [N/m/y/?] n
  NLS ISO 8859-13 (Latin 7; Baltic) (NLS_ISO8859_13) [N/m/y/?] n
  NLS ISO 8859-14 (Latin 8; Celtic) (NLS_ISO8859_14) [N/m/y/?] n
  NLS ISO 8859-15 (Latin 9; Western European Languages with Euro) (NLS_ISO8859_15) [N/m/y/?] n
  NLS KOI8-R (Russian) (NLS_KOI8_R) [N/m/y/?] n
  NLS KOI8-U/RU (Ukrainian, Belarusian) (NLS_KOI8_U) [N/m/y/?] n
  NLS UTF-8 (NLS_UTF8) [Y/n/m/?] y
*
* Distributed Lock Manager
*
Distributed Lock Manager (DLM) (DLM) [N/m/y/?] n
*
* Profiling support
*
Profiling support (EXPERIMENTAL) (PROFILING) [N/y/?] n
*
* Kernel hacking
*
Show timing information on printks (PRINTK_TIME) [N/y/?] n
Enable __must_check logic (ENABLE_MUST_CHECK) [Y/n/?] y
Magic SysRq key (MAGIC_SYSRQ) [Y/n/?] y
Enable unused/obsolete exported symbols (UNUSED_SYMBOLS) [N/y/?] n
Debug Filesystem (DEBUG_FS) [N/y/?] n
Run 'make headers_check' when building vmlinux (HEADERS_CHECK) [N/y/?] n
Kernel debugging (DEBUG_KERNEL) [N/y/?] n
Running on a hardware simulator (HWSIM) [N/y] n
Are you using a crosscompiler (CROSSCOMPILE) [Y/n/?] y
Default kernel command string (CMDLINE) [root=/dev/mtdblock2 noinitrd console=ttyS0,115200] root=/dev/mtdblock2 noinitrd console=ttyS0,115200
*
* Security options
*
Enable access key retention support (KEYS) [N/y/?] n
Enable different security models (SECURITY) [N/y/?] n
*
* Cryptographic options
*
Cryptographic API (CRYPTO) [Y/?] y
  Cryptographic algorithm manager (CRYPTO_MANAGER) [Y/?] y
  HMAC support (CRYPTO_HMAC) [Y/m/?] y
  XCBC support (CRYPTO_XCBC) [M/n/y/?] m
  Null algorithms (CRYPTO_NULL) [N/m/y/?] n
  MD4 digest algorithm (CRYPTO_MD4) [N/m/y/?] n
  MD5 digest algorithm (CRYPTO_MD5) [M/y/?] m
  SHA1 digest algorithm (CRYPTO_SHA1) [Y/?] y
  SHA256 digest algorithm (CRYPTO_SHA256) [M/n/y/?] m
  SHA384 and SHA512 digest algorithms (CRYPTO_SHA512) [M/n/y/?] m
  Whirlpool digest algorithms (CRYPTO_WP512) [N/m/y/?] n
  Tiger digest algorithms (CRYPTO_TGR192) [N/m/y/?] n
  GF(2^128) multiplication functions (EXPERIMENTAL) (CRYPTO_GF128MUL) [N/m/y/?] n
  ECB support (CRYPTO_ECB) [Y/n/m/?] y
  CBC support (CRYPTO_CBC) [Y/m/?] y
  PCBC support (CRYPTO_PCBC) [N/m/y/?] n
  LRW support (EXPERIMENTAL) (CRYPTO_LRW) [N/m/y/?] n
  Software async crypto daemon (CRYPTO_CRYPTD) [N/m/y/?] n
  DES and Triple DES EDE cipher algorithms (CRYPTO_DES) [M/y/?] m
  FCrypt cipher algorithm (CRYPTO_FCRYPT) [N/m/y/?] n
  Blowfish cipher algorithm (CRYPTO_BLOWFISH) [N/m/y/?] n
  Twofish cipher algorithm (CRYPTO_TWOFISH) [N/m/y/?] n
  Serpent cipher algorithm (CRYPTO_SERPENT) [N/m/y/?] n
  AES cipher algorithms (CRYPTO_AES) [M/n/y/?] m
  CAST5 (CAST-128) cipher algorithm (CRYPTO_CAST5) [N/m/y/?] n
  CAST6 (CAST-256) cipher algorithm (CRYPTO_CAST6) [N/m/y/?] n
  TEA, XTEA and XETA cipher algorithms (CRYPTO_TEA) [N/m/y/?] n
  ARC4 cipher algorithm (CRYPTO_ARC4) [Y/?] y
  Khazad cipher algorithm (CRYPTO_KHAZAD) [N/m/y/?] n
  Anubis cipher algorithm (CRYPTO_ANUBIS) [N/m/y/?] n
  Deflate compression algorithm (CRYPTO_DEFLATE) [M/y/?] m
  Michael MIC keyed digest algorithm (CRYPTO_MICHAEL_MIC) [N/m/y/?] n
  CRC32c CRC algorithm (CRYPTO_CRC32C) [N/m/y/?] n
  Camellia cipher algorithms (CRYPTO_CAMELLIA) [N/m/y/?] n
  Testing module (CRYPTO_TEST) [N/m/?] n
  *
  * Hardware crypto devices
  *
*
* Library routines
*
CRC-CCITT functions (CRC_CCITT) [Y/?] y
CRC16 functions (CRC16) [N/m/y/?] n
CRC ITU-T V.41 functions (CRC_ITU_T) [N/m/y/?] n
CRC32 functions (CRC32) [Y/?] y
CRC32c (Castagnoli, et al) Cyclic Redundancy-Check (LIBCRC32C) [N/m/y/?] n
#
# configuration written to .config
#
make[4]: Leaving directory '/home/jamie/asuswrt-merlin/release/src-rt/linux/linux-2.6'
make -C /home/jamie/asuswrt-merlin/release/src-rt-6.x/linux/linux-2.6 include/linux/version.h
make[4]: Entering directory '/home/jamie/asuswrt-merlin/release/src-rt/linux/linux-2.6'
  CHK     include/linux/version.h
make[4]: Leaving directory '/home/jamie/asuswrt-merlin/release/src-rt/linux/linux-2.6'
config/conf -o config/config.in
#
# using defaults found in .config
#
*
* Broadcom Linux Router Configuration
*
Optimize shared libraries (remove unused symbols) (RTCONFIG_OPTIMIZE_SHARED_LIBS) [Y/n] y
L2TP (RTCONFIG_L2TP) [Y/n] y
PPTP (RTCONFIG_PPTP) [Y/n] y
EAPOL (RTCONFIG_EAPOL) [Y/n] y
TELENET (RTCONFIG_TELENET) [Y/n] y
PPTPD (RTCONFIG_PPTPD) [N/y] n
ACCEL_PPTPD (RTCONFIG_ACCEL_PPTPD) [Y/n] y
SNMPD (RTCONFIG_SNMPD) [Y/n] y
HTTPS (RTCONFIG_HTTPS) [Y/n] y
Bcm Arm (RTCONFIG_BCMARM) [N/y] n
Bcm sdk 7 (RTCONFIG_BCM7) [N/y] n
Bcm sdk 7_14_94_x (RTCONFIG_BCM_794) [N/y] n
Bcm sdk 7_14_114_x (RTCONFIG_BCM_7114) [N/y] n
Bcm sdk 10_10_18_x (RTCONFIG_BCM10) [N/y] n
Bcm sdk 9_10_162_x (RTCONFIG_BCM9) [N/y] n
build Bcm sdk 7 on 6 platforms (RTCONFIG_BUILDBCM7) [N/y] n
fw include cfe (RTCONFIG_ROMCFE) [N/y] n
fix ccode error (RTCONFIG_ROMATECCODEFIX) [N/y] n
nvram size 128k (RTCONFIG_NV128) [N/y] n
nvram size (RTCONFIG_NVRAM_SIZE) [0x10000] 0x10000
Bcm7 dhdap (RTCONFIG_DHDAP) [N/y] n
dhd wl exe (RTCONFIG_WLEXE) [N/y] n
Bcm7 dpsta (RTCONFIG_DPSTA) [N/y] n
Bcm7 gmac3 (RTCONFIG_GMAC3) [N/y] n
BCM SMP (RTCONFIG_BCMSMP) [N/y] n
BCM FA (RTCONFIG_BCMFA) [N/y] n
BCM FA on RGMII hardware (RTCONFIG_RGMII_BCM_FA) [N/y] n
Bcm 5301x (RTCONFIG_5301X) [N/y] n
4352 needs (RTCONFIG_4352_5G) [N/y] n
SSH (RTCONFIG_SSH) [Y/n] y
CIFS Client (RTCONFIG_CIFS) [N/y] n
JFFS Support on BRCM Nand Flash Partition (RTCONFIG_BRCM_NAND_JFFS2) [N/y] n
JFFS Support (RTCONFIG_JFFS2) [Y/n] y
Disk test tools (RTCONFIG_DISKTEST) [N/y] n
Use JFFSv1 (if not selected, JFFS2 is used) (RTCONFIG_JFFSV1) [N/y] n
Zebra (RTCONFIG_ZEBRA) [N/y] n
Quagga (RTCONFIG_QUAGGA) [Y/n] y
Dynamic DNS (RTCONFIG_DDNS) [Y/n] y
Layer 7 Netfilter (RTCONFIG_L7) [Y/n] y
  Standard Layer 7 Patterns (RTCONFIG_L7PAT) [Y/n] y
LZO Compression (RTCONFIG_LZO) [Y/n] y
  OpenVPN (RTCONFIG_OPENVPN) [Y/n] y
IPsec Modules (RM) (RTCONFIG_IPSECMOD) [Y/n] y
IPsec Support (RTCONFIG_IPSEC) [N/y] n
OpenSwan IPSec Support (RTCONFIG_OPENSWAN) [N/y] n
InsideSecure QuickSec Support (RTCONFIG_QUICKSEC) [N/y] n
StrongSwan IPSec Support (RTCONFIG_STRONGSWAN) [N/y] n
IPv6 Support (RTCONFIG_IPV6) [Y/n] y
Ebtables (RTCONFIG_EBTABLES) [Y/n] y
Broadcom EMF (Efficient Multicast Forwarding & IGMP Snooping) (RTCONFIG_EMF) [Y/n] y
Brcm Band Steer Selection (RTCONFIG_BCMBSD) [N/y] n
SSID Steer Daemon (RTCONFIG_BCMSSD) [N/y] n
Broadcom Dynamic Channel Selection (RTCONFIG_BCMDCS) [Y/n] y
Traffic Ordering Agent Daemon (RTCONFIG_TOAD) [N/y] n
HOTSPOT 2.0 support (RTCONFIG_HSPOT) [N/y] n
Fan Control Function (RTCONFIG_FANCTRL) [N/y] n
BCM WL 6 (RTCONFIG_BCMWL6) [Y/n] y
Wireless WAN Function (RTCONFIG_WIRELESSWAN) [N/y] n
Repeater Mode (RTCONFIG_WIRELESSREPEATER) [Y/n] y
Hiden UI Repeater Mode (RTCONFIG_DISABLE_REPEATER_UI) [N/y] n
Proxy STA (RTCONFIG_PROXYSTA) [Y/n] y
Hiden UI Media Bridge Mode (RTCONFIG_DISABLE_PROXYSTA_UI) [N/y] n
Concurrent Repeater (RTCONFIG_CONCURRENTREPEATER) [N/y] n
80+80MHz bandwidth support (RTCONFIG_VHT80_80) [N/y] n
160MHz bandwidth support (RTCONFIG_VHT160) [N/y] n
IXIA Performance Endpoint (RTCONFIG_IXIAEP) [N/y] n
Iperf (RTCONFIG_IPERF) [N/y] n
tcpdump (RTCONFIG_TCPDUMP) [N/y] n
Parental Control Function (RTCONFIG_PARENTALCTRL) [Y/n] y
DSL Support (RTCONFIG_DSL) [N/y] n
DSL Annex B Support (RTCONFIG_DSL_ANNEX_B) [N/y] n
DSL Support with TCLINUX (RTCONFIG_DSL_TCLINUX) [N/y] n
VDSL Support (RTCONFIG_VDSL) [N/y] n
Dual WAN Support (RTCONFIG_DUALWAN) [Y/n] y
Dual WAN with Support (RTCONFIG_HW_DUALWAN) [N/y] n
User specified accepted min rssi (RTCONFIG_USER_LOW_RSSI) [Y/n] y
User specified accepted min rssi (RTCONFIG_NEW_USER_LOW_RSSI) [N/y] n
Push Mail Service Support (RTCONFIG_PUSH_EMAIL) [N/y] n
USB Support (RTCONFIG_USB) [Y/n] y
USB Power Reset Support (RTCONFIG_USBRESET) [N/y] n
WIFI Power option (RTCONFIG_WIFIPWR) [N/y] n
XHCI mode Support (RTCONFIG_XHCIMODE) [N/y] n
Media Server (MiniDLNA) (RTCONFIG_MEDIA_SERVER) [Y/n] y
  Small memory optimization on Media Server (RTCONFIG_LIMIT_MEDIA_SERVER) [N/y] n
Cloudsync (Cloud Client) (RTCONFIG_CLOUDSYNC) [Y/n] y
  webdavsync (webdav Client) (RTCONFIG_SWEBDAVCLIENT) [Y/n] y
  Dropboxsync (dropbox Client) (RTCONFIG_DROPBOXCLIENT) [Y/n] y
  FTPSync (ftp Client) (RTCONFIG_FTPCLIENT) [Y/n] y
  SambaSync (samba Client) (RTCONFIG_SAMBACLIENT) [Y/n] y
  UsbSync (usb Client) (RTCONFIG_USBCLIENT) [N/y] n
  FlickrSync (flickr Client) (RTCONFIG_FLICKRCLIENT) [N/y] n
FTP Server (RTCONFIG_FTP) [Y/n] y
  FTP SSL Support (RTCONFIG_FTP_SSL) [Y/n] y
WebDav Support (RTCONFIG_WEBDAV) [Y/n] y
Samba File Sharing (RTCONFIG_SAMBASRV) [Y/n] y
  Compile with Samba 3 (RTCONFIG_SAMBA3) [N/y] n
NFS Support (RTCONFIG_NFS) [Y/n] y
UPNP: IGD2 support (RTCONFIG_IGD2) [N/y] n
dnsmasq: Enable DNSSEC support (RTCONFIG_DNSSEC) [Y/n] y
nano text editor (RTCONFIG_NANO) [Y/n] y
Check for new firmware version - Merlin-only (RTCONFIG_MERLINUPDATE) [N/y] n
Compile with Samba 3.6.x (RTCONFIG_SAMBA36X) [Y/n] y
Additional modules and utilities (RTCONFIG_USB_EXTRAS) [Y/n] y
Tuxera FAT module Support (RTCONFIG_TFAT) [N/y] n
NTFS Support (RTCONFIG_NTFS) [Y/n] y
  NTFS Support by Paragon (RTCONFIG_PARAGON_NTFS) [Y/n] y
  NTFS Support by Tuxera (RTCONFIG_TUXERA_NTFS) [N/y] n
  NTFS-3G Support (RTCONFIG_OPEN_NTFS3G) [N/y] n
HFS Support (RTCONFIG_HFS) [N/y] n
ufsd debug Support (RTCONFIG_UFSD_DEBUG) [N/y] n
Disk monitor Support (RTCONFIG_DISK_MONITOR) [Y/n] y
USB Printer Support (RTCONFIG_USB_PRINTER) [Y/n] y
USB Modem Support (RTCONFIG_USB_MODEM) [Y/n] y
  Less USB Modem Support (RTCONFIG_USB_LESSMODEM) [N/y] n
  USB Modem pin code Support (RTCONFIG_USB_MODEM_PIN) [Y/n] y
  USB Modem SMS Support (RTCONFIG_USB_SMS_MODEM) [N/y] n
  BECEEM USB dongle Support (RTCONFIG_USB_BECEEM) [Y/n] y
USB AP Support (RTCONFIG_BRCM_USBAP) [N/y] n
Preinstalled APP Packages Support (RTCONFIG_APP_PREINSTALLED) [N/y] n
Install APP Packages through Network Support (RTCONFIG_APP_NETINSTALLED) [Y/n] y
Ralink Chip Support (RTCONFIG_RALINK) [N/y] n
Ralink Chip - MT7621 Support (RTCONFIG_RALINK_MT7621) [N/y] n
New ASUS_2GMAC_xG rule (RTCONFIG_NEWSSID_REV2) [N/y] n
Qualcomm Atheros Chip Support (RTCONFIG_QCA) [N/y] n
NEW APP ARM (RTCONFIG_NEW_APP_ARM) [N/y] n
Qualcomm Atheros Chip Support(ARM) (RTCONFIG_QCA_ARM) [N/y] n
Qualcomm Atheros QCA953X Chip Support (RTCONFIG_QCA953X) [N/y] n
Qualcomm Atheros QCA956X Chip Support (RTCONFIG_QCA956X) [N/y] n
Qualcomm Atheros IPQ40XX Chip Support (RTCONFIG_SOC_IPQ40XX) [N/y] n
new FITFDT format (RTCONFIG_FITFDT) [N/y] n
Qualcomm Atheros Powerline Toolkit Support (RTCONFIG_QCA_PLC_UTILS) [N/y] n
Qualcomm Atheros AR7420 Powerline Chip Support (RTCONFIG_AR7420) [N/y] n
Qualcomm Atheros QCA7500 Powerline Chip Support (RTCONFIG_QCA7500) [N/y] n
Air Time Fairness (RTCONFIG_AIR_TIME_FAIRNESS) [N/y] n
Power Save (RTCONFIG_POWER_SAVE) [N/y] n
Default is AP mode (RTCONFIG_DEFAULT_AP_MODE) [N/y] n
ODM Product ID (RTCONFIG_ODMPID) [Y/n] y
ODM Product ID increase to 32 bytes (RTCONFIG_32BYTES_ODMPID) [N/y] n
Timemachine Support (RTCONFIG_TIMEMACHINE) [N/y] n
MDNS Support (RTCONFIG_MDNS) [N/y] n
FINDASUS Support (RTCONFIG_FINDASUS) [N/y] n
Redirect domain name Support (RTCONFIG_REDIRECT_DNAME) [N/y] n
Choose BAND4 for auto channel (RTCONFIG_MTK_TW_AUTO_BAND4) [N/y] n
Choose BAND4 for auto channel (RTCONFIG_QCA_TW_AUTO_BAND4) [N/y] n
LED All GPIO (RTCONFIG_LED_ALL) [N/y] n
COMA (RTCONFIG_COMA) [N/y] n
Broadcom shared library functions (CONFIG_LIBBCM) [Y/n] y
BCM UPnP library (CONFIG_LIBUPNP) [Y/n] y
WPS Support (RTCONFIG_WPS) [Y/n] y
WPS Enrolle Support (RTCONFIG_WPS_ENROLLEE) [N/y] n
Special Handler Process (RTCONFIG_SHP) [N/y] n
Small Footprint (RTCONFIG_SFP) [N/y] n
strace (RTCONFIG_STRACE) [N/y] n
Small Footprint: 4MB Flash (RTCONFIG_4M_SFP) [N/y] n
Small Footprint: 8MB Flash (RTCONFIG_8M_SFP) [N/y] n
Small Footprint: 16MB RAM (RTCONFIG_16M_RAM_SFP) [N/y] n
GRO Control (RTCONFIG_GROCTRL) [N/y] n
SW Control LAN/WAN LED (RTCONFIG_LANWAN_LED) [N/y] n
SW Control WLAN LED (RTCONFIG_WLAN_LED) [N/y] n
SW Control LAN LED (RTCONFIG_FAKE_ETLAN_LED) [N/y] n
used to standalone WPS LED(not POWER LED) (RTCONFIG_EXT_LED_WPS) [N/y] n
HW Switch for SWMODE (RTCONFIG_SWMODE_SWITCH) [N/y] n
New auto_channel selection (RTCONFIG_WL_AUTO_CHANNEL) [N/y] n
used for memory limited model (RTCONFIG_SMALL_FW_UPDATE) [N/y] n
HW Switch for WiFi (RTCONFIG_WIRELESS_SWITCH) [N/y] n
HW Button for WiFi toggle (RTCONFIG_WIFI_TOG_BTN) [N/y] n
HW Button for WPS and Restore dual function (RTCONFIG_WPS_RST_BTN) [N/y] n
HW Button for WPS and LED dual function (RTCONFIG_WPS_ALLLED_BTN) [N/y] n
HW Turbo Btn (RTCONFIG_LOGO_LED) [N/y] n
HW LED Button (RTCONFIG_LED_BTN) [N/y] n
HW LED Button usage (RTCONFIG_USBEJECT) [N/y] n
AUTO DICTIONARY TOOLS (RTCONFIG_AUTODICT) [Y/n] y
AUTO Live update with ZIP method (RTCONFIG_AUTOLIVEUPDATE_ZIP) [N/y] n
ISP_METER (RTCONFIG_ISP_METER) [N/y] n
NVRAM_64K (RTCONFIG_NVRAM_64K) [Y/n] y
XHCI (RTCONFIG_USB_XHCI) [N/y] n
Wireless module RT3090 ap (RTCONFIG_WLMODULE_RT3090_AP) [N/y] n
Wireless module RT3352 iNIC MII (RTCONFIG_WLMODULE_RT3352_INIC_MII) [N/y] n
Wireless module MT7610 ap (RTCONFIG_WLMODULE_MT7610_AP) [N/y] n
Wireless module RLT WIFI (RTCONFIG_WLMODULE_RLT_WIFI) [N/y] n
Wireless module MT7603E ap (RTCONFIG_WLMODULE_MT7603E_AP) [N/y] n
Persistent syslog (RTCONFIG_PSISTLOG) [N/y] n
DUAL_TRX (RTCONFIG_DUAL_TRX) [N/y] n
Unsorted Block Images (RTCONFIG_UBI) [N/y] n
UBI File-System (RTCONFIG_UBIFS) [N/y] n
OPTIMIZE_XBOX (RTCONFIG_OPTIMIZE_XBOX) [Y/n] y
New Regulation Domain (RTCONFIG_NEW_REGULATION_DOMAIN) [N/y] n
DYN_DICT_NAME (RTCONFIG_DYN_DICT_NAME) [N/y] n
SW Control 4LAN/WAN LED (RTCONFIG_LAN4WAN_LED) [N/y] n
ext4 filesystem (RTCONFIG_EXT4FS) [N/y] n
dmalloc (RTCONFIG_DMALLOC) [N/y] n
backup some data to Read-only 2ND JFFS Partition (RTCONFIG_JFFS2ND_BACKUP) [N/y] n
temp rootfilesystem (RTCONFIG_TEMPROOTFS) [Y/n] y
ATE USB3 control (RTCONFIG_ATEUSB3_FORCE) [N/y] n
Backup syslog to jffs2 (RTCONFIG_JFFS2LOG) [Y/n] y
Multi-band WPS (RTCONFIG_WPSMULTIBAND) [N/y] n
Rlink DFS support (RTCONFIG_RALINK_DFS) [N/y] n
Engineering Mode (RTCONFIG_ENGINEERING_MODE) [N/y] n
VPNC (RTCONFIG_VPNC) [Y/n] y
KYIVSTAR specified (RTCONFIG_KYIVSTAR) [N/y] n
2-nd WAN port (RTCONFIG_WANPORT2) [N/y] n
Seperate WAN related configurations to different sets of nvram variables (RTCONFIG_MULTIWAN_CFG) [N/y] n
Etron XHCI chip support (RTCONFIG_ETRON_XHCI) [N/y] n
USB3 LED wired to ETRON XHCI chip (RTCONFIG_ETRON_XHCI_USB3_LED) [N/y] n
Individual WPS LED (RTCONFIG_WPS_LED) [N/y] n
Individual MMC LED (RTCONFIG_MMC_LED) [N/y] n
reset switch (RTCONFIG_RESET_SWITCH) [N/y] n
WAN RED LED (RTCONFIG_WANRED_LED) [N/y] n
Power RED LED (RTCONFIG_PWRRED_LED) [N/y] n
Fail-over LED (RTCONFIG_FAILOVER_LED) [N/y] n
SATA LED (RTCONFIG_SATA_LED) [N/y] n
Blink LED(s) (RTCONFIG_BLINK_LED) [N/y] n
Eject USB mass-storage(s) (RTCONFIG_EJUSB_BTN) [N/y] n
M.2 SSD support (RTCONFIG_M2_SSD) [N/y] n
CFE_NVRAM_CHK (RTCONFIG_CFE_NVRAM_CHK) [N/y] n
debug mode (RTCONFIG_DEBUG) [N/y] n
lldpd (RTCONFIG_LLDP) [N/y] n
has 5G band (RTCONFIG_HAS_5G) [Y/n] y
DNS-based filtering Support (RTCONFIG_DNSFILTER) [Y/n] y
TFTP server or client (RTCONFIG_TFTP) [N/y] n
Quantenna boot-code and firmware (RTCONFIG_QTN) [N/y] n
Config WPS DUALBAND (RTCONFIG_WPS_DUALBAND) [N/y] n
enable TXBF for RT-N18U (RTCONFIG_N18UTXBF) [N/y] n
TrendMicro DPI engine and iQoS and Partenl Control (RTCONFIG_BWDPI) [N/y] n
Streaming and Pop-Up window Ad Blocking  (RTCONFIG_ADBLOCK) [N/y] n
Traffic Limiter (data limit) for Internet traffic (RTCONFIG_TRAFFIC_LIMITER) [N/y] n
BRCM Speedtest for detect upload / downlad bandwidth  (RTCONFIG_SPEEDTEST) [N/y] n
Linux Net Bonding (RTCONFIG_BONDING) [N/y] n
Enable UI debug mode (RTCONFIG_UIDEBUG) [N/y] n
Get APP Traffic from ROG client (RTCONFIG_ROG) [Y/n] y
determine country by IP address (RTCONFIG_GEOIP) [N/y] n
Transmission A Fast, Easy and Free BitTorrent client (RTCONFIG_TRANSMISSION) [N/y] n
no load wl module (only dhd test) (RTCONFIG_NOWL) [N/y] n
Territory code (RTCONFIG_TCODE) [Y/n] y
no load all wl module  (RTCONFIG_ALLNOWL) [N/y] n
building for Wi-Fi certification (RTCONFIG_WIFILOGO) [N/y] n
Client list user upload icon (RTCONFIG_JFFS2USERICON) [Y/n] y
rtl8365mb driver flag (RTCONFIG_EXT_RTL8365MB) [N/y] n
rtl8370mb driver flag (RTCONFIG_EXT_RTL8370MB) [N/y] n
The orion router function (RTCONFIG_TOR) [Y/n] y
TR-069 agent (RTCONFIG_TR069) [N/y] n
Support TR-181 data model (RTCONFIG_TR181) [N/y] n
STA informtion support (RTCONFIG_STAINFO) [Y/n] y
Cloudcheck support (RTCONFIG_CLOUDCHECK) [Y/n] y
Get external IP support (RTCONFIG_GETREALIP) [Y/n] y
TUNNEL config (RTCONFIG_TUNNEL) [Y/n] y
compressed cfe (RTCONFIG_CFEZ) [N/y] n
Restrict GUI (RTCONFIG_RESTRICT_GUI) [N/y] n
LACP support (RTCONFIG_LACP) [N/y] n
Key Guard support (RTCONFIG_KEY_GUARD) [N/y] n
Bcm recvfile support (RTCONFIG_RECVFILE) [N/y] n
WTFast support (RTCONFIG_WTFAST) [N/y] n
IFTTT support (RTCONFIG_IFTTT) [N/y] n
erp test (RTCONFIG_ERP_TEST) [N/y] n
Reboot_schedule (RTCONFIG_REBOOT_SCHEDULE) [Y/n] y
IPSEC support (RTCONFIG_IPSEC) [N/y] n
Captive Portal support (RTCONFIG_CAPTIVE_PORTAL) [N/y] n
built-in Gobi (RTCONFIG_INTERNAL_GOBI) [N/y] n
UPNP client support (RTCONFIG_UPNPC) [Y/n] y
Multicsat IPTV (RTCONFIG_MULTICAST_IPTV) [Y/n] y
Apple device query support (RTCONFIG_BONJOUR) [Y/n] y
enable FBWIFI for FaceBook (RTCONFIG_FBWIFI) [N/y] n
Force auto update (RTCONFIG_FORCE_AUTO_UPGRADE) [N/y] n
chillispot Support (RTCONFIG_CHILLISPOT) [N/y] n
coovachilli Support (RTCONFIG_COOVACHILLI) [N/y] n
freeradius Support (RTCONFIG_FREERADIUS) [N/y] n
tuxera smbd (RTCONFIG_TUXERA_SMBD) [N/y] n
bcm aspmd (RTCONFIG_BCMASPMD) [N/y] n
bcm clm specefic-load (RTCONFIG_WLCLMLOAD) [N/y] n
bcm mu-mimo support (RTCONFIG_MUMIMO) [N/y] n
Dynamic enable the USB Modem (RTCONFIG_DYN_MODEM) [N/y] n
Notification Center (RTCONFIG_NOTIFICATION_CENTER) [N/y] n
Security Protection Mechanism (RTCONFIG_PROTECTION_SERVER) [Y/n] y
IPv6 Relay support (RTCONFIG_6RELAYD) [Y/n] y
Port based vlan support (RTCONFIG_PORT_BASED_VLAN) [N/y] n
No IPTV support (RTCONFIG_NOIPTV) [N/y] n
Auto cover the special IP (RTCONFIG_AUTOCOVER_SIP) [Y/n] y
Let the default LAN subnet be 192.168.50.1 (RTCONFIG_DEFLAN50) [Y/n] y
make shared-clean libdisk-clean rc-clean nvram-clean httpd-clean prebuilt-clean libbcmcrypto-clean
make[4]: Entering directory '/home/jamie/asuswrt-merlin/release/src/router'
"CLM In /wl/clm/src/ NOT CREATING new clm_blob ..."
make[5]: Entering directory '/home/jamie/asuswrt-merlin/release/src/router/shared'
rm -f *.o *.so *.a .*.depend *.prep sysdeps/*.o sysdeps/broadcom/*.o sysdeps/ralink/*.o sysdeps/qtn/*.o
make[5]: Leaving directory '/home/jamie/asuswrt-merlin/release/src/router/shared'
make[5]: Entering directory '/home/jamie/asuswrt-merlin/release/src/router/libdisk'
rm -f *.o libdisk.so write_smb_conf test_of_var_files test_disk1 test_disk2 test_share write_webdav_conf write_webdav_conf
make[5]: Leaving directory '/home/jamie/asuswrt-merlin/release/src/router/libdisk'
make[5]: Entering directory '/home/jamie/asuswrt-merlin/release/src/router/rc'
rm -f rc *.o .*.depend
make[5]: Leaving directory '/home/jamie/asuswrt-merlin/release/src/router/rc'
make[5]: Entering directory '/home/jamie/asuswrt-merlin/release/src/router/nvram'
rm -f nvram *.o *.a *.so
make[5]: Leaving directory '/home/jamie/asuswrt-merlin/release/src/router/nvram'
make[5]: Entering directory '/home/jamie/asuswrt-merlin/release/src/router/httpd'
web.c:142:26: error: openssl/x509.h: No such file or directory
web.c:143:28: error: openssl/x509v3.h: No such file or directory
web.c:144:25: error: openssl/pem.h: No such file or directory
rm -f httpd *.o .*.depend test_apps
make[5]: Leaving directory '/home/jamie/asuswrt-merlin/release/src/router/httpd'
make[5]: Entering directory '/home/jamie/asuswrt-merlin/release/src/router/libbcmcrypto'
find: ‘/home/jamie/asuswrt-merlin/release/src-rt-6.x/router/mipsel-uclibc/target’: No such file or directory
rm -f *.o *.so *.a .map .unresolved .symbols
make[5]: Leaving directory '/home/jamie/asuswrt-merlin/release/src/router/libbcmcrypto'
make[4]: Leaving directory '/home/jamie/asuswrt-merlin/release/src/router'
make dnsmasq-clean iproute2-clean networkmap-clean
make[4]: Entering directory '/home/jamie/asuswrt-merlin/release/src/router'
"CLM In /wl/clm/src/ NOT CREATING new clm_blob ..."
make[5]: Entering directory '/home/jamie/asuswrt-merlin/release/src/router/dnsmasq'
rm -f src/*.mo src/*.pot 
rm -f src/.copts_* src/*.o src/dnsmasq.a src/dnsmasq
rm -f src/dnsmasq_baseline
rm -f core */core
rm -f *~ contrib/*/*~ */*~
make[5]: Leaving directory '/home/jamie/asuswrt-merlin/release/src/router/dnsmasq'
make[5]: Entering directory '/home/jamie/asuswrt-merlin/release/src/router/iproute2'
rm -f cscope.*
make[6]: Entering directory '/home/jamie/asuswrt-merlin/release/src/router/iproute2/lib'
rm -f ll_map.o libnetlink.o utils.o rt_names.o ll_types.o ll_proto.o ll_addr.o inet_proto.o dnet_ntop.o dnet_pton.o ipx_ntop.o ipx_pton.o libnetlink.a libutil.a
make[6]: Leaving directory '/home/jamie/asuswrt-merlin/release/src/router/iproute2/lib'
make[6]: Entering directory '/home/jamie/asuswrt-merlin/release/src/router/iproute2/ip'
rm -f ip.o ipaddress.o iproute.o iprule.o rtm_map.o iptunnel.o ip6tunnel.o tunnel.o ipneigh.o ipntable.o iplink.o ipmaddr.o ipmonitor.o ipmroute.o ipprefix.o ipxfrm.o xfrm_state.o xfrm_policy.o xfrm_monitor.o rtmon.o ip rtmon
make[6]: Leaving directory '/home/jamie/asuswrt-merlin/release/src/router/iproute2/ip'
make[6]: Entering directory '/home/jamie/asuswrt-merlin/release/src/router/iproute2/tc'
rm -f tc.o tc_qdisc.o tc_class.o tc_filter.o tc_util.o m_police.o m_estimator.o m_action.o m_ematch.o emp_ematch.yacc.o emp_ematch.lex.o q_fifo.o q_sfq.o q_esfq.o q_prio.o q_tbf.o q_cbq.o f_u32.o f_route.o f_fw.o f_basic.o q_ingress.o q_hfsc.o q_htb.o m_gact.o m_mirred.o m_ipt.o m_pedit.o p_ip.o p_icmp.o p_tcp.o p_udp.o em_nbyte.o em_cmp.o em_u32.o em_meta.o tc_core.o tc_red.o tc_cbq.o tc_estimator.o libtc.a tc *.so emp_ematch.yacc.h; \
rm -f emp_ematch.yacc.output
make[6]: Leaving directory '/home/jamie/asuswrt-merlin/release/src/router/iproute2/tc'
make[6]: Entering directory '/home/jamie/asuswrt-merlin/release/src/router/iproute2/doc'
rm -f *.aux *.log *.toc ip-cref.ps ip-tunnels.ps api-ip6-flowlabels.ps ss.ps nstat.ps arpd.ps rtstat.ps ip-cref.dvi ip-tunnels.dvi api-ip6-flowlabels.dvi ss.dvi nstat.dvi arpd.dvi rtstat.dvi *.html
make[6]: Leaving directory '/home/jamie/asuswrt-merlin/release/src/router/iproute2/doc'
make[5]: Leaving directory '/home/jamie/asuswrt-merlin/release/src/router/iproute2'
make[5]: Entering directory '/home/jamie/asuswrt-merlin/release/src/router/networkmap'
rm -rf *.o networkmap *~ arpstorm asusdiscovery
make[5]: Leaving directory '/home/jamie/asuswrt-merlin/release/src/router/networkmap'
make[4]: Leaving directory '/home/jamie/asuswrt-merlin/release/src/router'
make -C busybox oldconfig
make[4]: Entering directory '/home/jamie/asuswrt-merlin/release/src/router/busybox'
scripts/kconfig/conf -o Config.in
.config:1061:warning: trying to assign nonexistent symbol E2FSCK
.config:1063:warning: trying to assign nonexistent symbol MKE2FS
#
# using defaults found in .config
#
*
* Busybox Configuration
*
*
* Busybox Settings
*
*
* General Configuration
*
Enable options for full-blown desktop systems (DESKTOP) [N/y/?] n
Provide compatible behavior for rare corner cases (bigger code) (EXTRA_COMPAT) [N/y/?] n
Enable obsolete features removed before SUSv3 (INCLUDE_SUSv2) [N/y/?] n
Avoid using GCC-specific code constructs (USE_PORTABLE_CODE) [N/y/?] n
Enable Linux-specific applets and features (PLATFORM_LINUX) [Y/?] y
Buffer allocation policy
> 1. Allocate with Malloc (FEATURE_BUFFERS_USE_MALLOC)
  2. Allocate on the Stack (FEATURE_BUFFERS_GO_ON_STACK)
  3. Allocate in the .bss section (FEATURE_BUFFERS_GO_IN_BSS)
choice[1-3?]: 1
Show applet usage messages (SHOW_USAGE) [Y/n/?] y
  Show verbose applet usage messages (FEATURE_VERBOSE_USAGE) [Y/n/?] y
  Store applet usage messages in compressed form (FEATURE_COMPRESS_USAGE) [N/y/?] n
Include busybox applet (BUSYBOX) [Y/n/?] y
  Support --install [-s] to install applet links at runtime (FEATURE_INSTALLER) [N/y/?] n
Don't use /usr (INSTALL_NO_USR) [N/y/?] n
Enable locale support (system needs locale for this to work) (LOCALE_SUPPORT) [N/y/?] n
Support Unicode (UNICODE_SUPPORT) [Y/n/?] y
  Check $LC_ALL, $LC_CTYPE and $LANG environment variables (FEATURE_CHECK_UNICODE_IN_ENV) [N/y/?] n
  Character code to substitute unprintable characters with (SUBST_WCHAR) [0] 0
  Range of supported Unicode characters (LAST_SUPPORTED_WCHAR) [0] 0
  Allow zero-width Unicode characters on output (UNICODE_COMBINING_WCHARS) [N/y/?] n
  Allow wide Unicode characters on output (UNICODE_WIDE_WCHARS) [N/y/?] n
  Bidirectional character-aware line input (UNICODE_BIDI_SUPPORT) [N/y/?] n
  Make it possible to enter sequences of chars which are not Unicode (UNICODE_PRESERVE_BROKEN) [N/y/?] n
Support for PAM (Pluggable Authentication Modules) (PAM) [N/y/?] n
Use sendfile system call (FEATURE_USE_SENDFILE) [N/y/?] n
Support for --long-options (LONG_OPTS) [Y/n/?] y
Use the devpts filesystem for Unix98 PTYs (FEATURE_DEVPTS) [Y/n/?] y
Clean up all memory before exiting (usually not needed) (FEATURE_CLEAN_UP) [N/y/?] n
Support utmp file (FEATURE_UTMP) [N/y/?] n
Support writing pidfiles (FEATURE_PIDFILE) [Y/n/?] y
  Path to directory for pidfile (PID_FILE_PATH) [/var/run] /var/run
Support for SUID/SGID handling (FEATURE_SUID) [Y/n/?] y
  Runtime SUID/SGID configuration via /etc/busybox.conf (FEATURE_SUID_CONFIG) [N/y/?] n
Support NSA Security Enhanced Linux (SELINUX) [N/y/?] n
exec prefers applets (FEATURE_PREFER_APPLETS) [N/y/?] n
Path to BusyBox executable (BUSYBOX_EXEC_PATH) [/proc/self/exe] /proc/self/exe
*
* Build Options
*
Build BusyBox as a static binary (no shared libs) (STATIC) [N/y/?] n
  Build BusyBox as a position independent executable (PIE) [N/y/?] n
Force NOMMU build (NOMMU) [N/y/?] n
Build shared libbusybox (BUILD_LIBBUSYBOX) [N/y/?] n
Build with Large File Support (for accessing files > 2 GB) (LFS) [Y/n/?] y
Cross Compiler prefix (CROSS_COMPILER_PREFIX) [mipsel-uclibc-] mipsel-uclibc-
Path to sysroot (SYSROOT) [] 
Additional CFLAGS (EXTRA_CFLAGS) [] 
Additional LDFLAGS (EXTRA_LDFLAGS) [] 
Additional LDLIBS (EXTRA_LDLIBS) [] 
*
* Debugging Options
*
Build BusyBox with extra Debugging symbols (DEBUG) [N/y/?] n
Enable runtime sanitizers (ASAN/LSAN/USAN/etc...) (DEBUG_SANITIZE) [N/y/?] n
Build unit tests (UNIT_TEST) [N/y/?] n
Abort compilation on any warning (WERROR) [N/y/?] n
Additional debugging library
> 1. None (NO_DEBUG_LIB)
  2. Dmalloc (DMALLOC)
  3. Electric-fence (EFENCE)
choice[1-3?]: 1
*
* Installation Options ("make install" behavior)
*
What kind of applet links to install
> 1. as soft-links (INSTALL_APPLET_SYMLINKS)
  2. as hard-links (INSTALL_APPLET_HARDLINKS)
  3. as script wrappers (INSTALL_APPLET_SCRIPT_WRAPPERS)
  4. not installed (INSTALL_APPLET_DONT)
choice[1-4?]: 1
BusyBox installation prefix (PREFIX) [./_install] ./_install
*
* Busybox Library Tuning
*
Use the end of BSS page (FEATURE_USE_BSS_TAIL) [N/y/?] n
Support RTMIN[+n] and RTMAX[-n] signal names (FEATURE_RTMINMAX) [N/y/?] n
Minimum password length (PASSWORD_MINLEN) [6] 6
MD5: Trade bytes for speed (0:fast, 3:slow) (MD5_SMALL) [1] 1
SHA3: Trade bytes for speed (0:fast, 1:slow) (SHA3_SMALL) [1] 1
Faster /proc scanning code (+100 bytes) (FEATURE_FAST_TOP) [Y/n/?] y
Support for /etc/networks (FEATURE_ETC_NETWORKS) [N/y/?] n
Use termios to manipulate the screen (FEATURE_USE_TERMIOS) [Y/n/?] y
Command line editing (FEATURE_EDITING) [Y/n/?] y
  Maximum length of input (FEATURE_EDITING_MAX_LEN) [1024] 1024
  vi-style line editing commands (FEATURE_EDITING_VI) [N/y/?] n
  History size (FEATURE_EDITING_HISTORY) [50] 50
  History saving (FEATURE_EDITING_SAVEHISTORY) [Y/n/?] y
    Save history on shell exit, not after every command (FEATURE_EDITING_SAVE_ON_EXIT) [N/y/?] n
  Reverse history search (FEATURE_REVERSE_SEARCH) [Y/n/?] y
  Tab completion (FEATURE_TAB_COMPLETION) [Y/n/?] y
    Username completion (FEATURE_USERNAME_COMPLETION) [N/y/?] n
  Fancy shell prompts (FEATURE_EDITING_FANCY_PROMPT) [Y/n/?] y
  Query cursor position from terminal (FEATURE_EDITING_ASK_TERMINAL) [N/y/?] n
Non-POSIX, but safer, copying to special nodes (FEATURE_NON_POSIX_CP) [Y/n/?] y
Give more precise messages when copy fails (cp, mv etc) (FEATURE_VERBOSE_CP_MESSAGE) [N/y/?] n
Copy buffer size, in kilobytes (FEATURE_COPYBUF_KB) [4] 4
Skip rootfs in mount table (FEATURE_SKIP_ROOTFS) [Y/n/?] y
Use clock_gettime(CLOCK_MONOTONIC) syscall (MONOTONIC_SYSCALL) [Y/n/?] y
Use ioctl names rather than hex values in error messages (IOCTL_HEX2STR_ERROR) [Y/n/?] y
Support infiniband HW (FEATURE_HWIB) [N/y/?] n
*
* Applets
*
*
* Archival Utilities
*
Make tar, rpm, modprobe etc understand .xz data (FEATURE_SEAMLESS_XZ) [N/y/?] n
Make tar, rpm, modprobe etc understand .lzma data (FEATURE_SEAMLESS_LZMA) [N/y/?] n
Make tar, rpm, modprobe etc understand .bz2 data (FEATURE_SEAMLESS_BZ2) [Y/n/?] y
Make tar, rpm, modprobe etc understand .gz data (FEATURE_SEAMLESS_GZ) [Y/n/?] y
tar, rpm, modprobe etc understand .Z data (FEATURE_SEAMLESS_Z) [N/y/?] n
ar (AR) [N/y/?] n
uncompress (UNCOMPRESS) [N/y/?] n
gunzip (GUNZIP) [Y/n/?] y
  Enable long options (FEATURE_GUNZIP_LONG_OPTIONS) [N/y/?] n
bunzip2 (BUNZIP2) [N/y/?] n
unlzma (UNLZMA) [N/y/?] n
unxz (UNXZ) [N/y/?] n
bzip2 (BZIP2) [N/y/?] n
cpio (CPIO) [N/y/?] n
dpkg (DPKG) [N/y/?] n
dpkg_deb (DPKG_DEB) [N/y/?] n
gzip (GZIP) [Y/n/?] y
  Enable long options (FEATURE_GZIP_LONG_OPTIONS) [N/y/?] n
  Trade memory for gzip speed (0:small,slow - 2:fast,big) (GZIP_FAST) [0] 0
  Enable compression levels (FEATURE_GZIP_LEVELS) [N/y/?] n
lzop (LZOP) [N/y/?] n
rpm (RPM) [N/y/?] n
rpm2cpio (RPM2CPIO) [N/y/?] n
tar (TAR) [Y/n/?] y
  Enable archive creation (FEATURE_TAR_CREATE) [Y/n/?] y
  Autodetect compressed tarballs (FEATURE_TAR_AUTODETECT) [N/y/?] n
  Enable -X (exclude from) and -T (include from) options) (FEATURE_TAR_FROM) [Y/n/?] y
  Support for old tar header format (FEATURE_TAR_OLDGNU_COMPATIBILITY) [Y/n/?] y
  Enable untarring of tarballs with checksums produced by buggy Sun tar (FEATURE_TAR_OLDSUN_COMPATIBILITY) [N/y/?] n
  Support for GNU tar extensions (long filenames) (FEATURE_TAR_GNU_EXTENSIONS) [Y/n/?] y
  Enable long options (FEATURE_TAR_LONG_OPTIONS) [N/y/?] n
  Enable use of user and group names (FEATURE_TAR_UNAME_GNAME) [N/y/?] n
  Enable -m (do not preserve time) option (FEATURE_TAR_NOPRESERVE_TIME) [N/y/?] n
unzip (UNZIP) [Y/n/?] y
*
* Coreutils
*
basename (BASENAME) [Y/n/?] y
cat (CAT) [Y/n/?] y
date (DATE) [Y/n/?] y
  Enable ISO date format output (-I) (FEATURE_DATE_ISOFMT) [Y/n/?] y
  Support %[num]N nanosecond format specifier (FEATURE_DATE_NANO) [N/y/?] n
  Support weird 'date MMDDhhmm[[YY]YY][.ss]' format (FEATURE_DATE_COMPAT) [Y/n/?] y
dd (DD) [Y/n/?] y
  Enable signal handling for status reporting (FEATURE_DD_SIGNAL_HANDLING) [Y/n/?] y
    Enable the third status line upon signal (FEATURE_DD_THIRD_STATUS_LINE) [N/y/?] n
  Enable ibs, obs and conv options (FEATURE_DD_IBS_OBS) [Y/n/?] y
  Enable status display options (FEATURE_DD_STATUS) [N/y/?] n
hostid (HOSTID) [N/y/?] n
id (ID) [N/y/?] n
groups (GROUPS) [N/y/?] n
shuf (SHUF) [N/y/?] n
stat (STAT) [N/y/?] n
sync (SYNC) [Y/n/?] y
  Enable -d and -f flags (requres syncfs(2) in libc) (FEATURE_SYNC_FANCY) [N/y/?] n
test (TEST) [Y/n/?] y
  Extend test to 64 bit (FEATURE_TEST_64) [Y/n/?] y
touch (TOUCH) [Y/n/?] y
  Add support for -h (FEATURE_TOUCH_NODEREF) [N/y/?] n
  Add support for SUSV3 features (-d -t -r) (FEATURE_TOUCH_SUSV3) [N/y/?] n
tr (TR) [Y/n/?] y
  Enable character classes (such as [:upper:]) (FEATURE_TR_CLASSES) [N/y/?] n
  Enable equivalence classes (FEATURE_TR_EQUIV) [N/y/?] n
truncate (TRUNCATE) [N/y/?] n
unlink (UNLINK) [N/y/?] n
base64 (BASE64) [N/y/?] n
cal (CAL) [N/y/?] n
catv (CATV) [N/y/?] n
chgrp (CHGRP) [N/y/?] n
chmod (CHMOD) [Y/n/?] y
chown (CHOWN) [Y/n/?] y
  Enable long options (FEATURE_CHOWN_LONG_OPTIONS) [N/y/?] n
chroot (CHROOT) [Y/n/?] y
cksum (CKSUM) [N/y/?] n
comm (COMM) [N/y/?] n
cp (CP) [Y/n/?] y
  Enable long options for cp (FEATURE_CP_LONG_OPTIONS) [N/y/?] n
cut (CUT) [Y/n/?] y
df (DF) [Y/n/?] y
  Enable -a, -i, -B (FEATURE_DF_FANCY) [N/y/?] n
dirname (DIRNAME) [Y/n/?] y
dos2unix/unix2dos (DOS2UNIX) [Y/n/?] y
du (default blocksize of 512 bytes) (DU) [Y/n/?] y
  Use a default blocksize of 1024 bytes (1K) (FEATURE_DU_DEFAULT_BLOCKSIZE_1K) [Y/n/?] y
echo (basic SuSv3 version taking no options) (ECHO) [Y/n/?] y
  Enable echo options (-n and -e) (FEATURE_FANCY_ECHO) [Y/n/?] y
env (ENV) [Y/n/?] y
  Enable long options (FEATURE_ENV_LONG_OPTIONS) [N/y/?] n
expand (EXPAND) [N/y/?] n
expr (EXPR) [Y/n/?] y
  Extend Posix numbers support to 64 bit (EXPR_MATH_SUPPORT_64) [Y/n/?] y
false (FALSE) [N/y/?] n
fold (FOLD) [N/y/?] n
fsync (FSYNC) [Y/n/?] y
head (HEAD) [Y/n/?] y
  Enable head options (-c, -q, and -v) (FEATURE_FANCY_HEAD) [Y/n/?] y
install (INSTALL) [N/y/?] n
ln (LN) [Y/n/?] y
logname (LOGNAME) [N/y/?] n
ls (LS) [Y/n/?] y
  Enable filetyping options (-p and -F) (FEATURE_LS_FILETYPES) [Y/n/?] y
  Enable symlinks dereferencing (-L) (FEATURE_LS_FOLLOWLINKS) [Y/n/?] y
  Enable recursion (-R) (FEATURE_LS_RECURSIVE) [Y/n/?] y
  Sort the file names (FEATURE_LS_SORTFILES) [Y/n/?] y
  Show file timestamps (FEATURE_LS_TIMESTAMPS) [Y/n/?] y
  Show username/groupnames (FEATURE_LS_USERNAME) [Y/n/?] y
  Allow use of color to identify file types (FEATURE_LS_COLOR) [Y/n/?] y
    Produce colored ls output by default (FEATURE_LS_COLOR_IS_DEFAULT) [Y/n/?] y
md5sum (MD5SUM) [Y/n/?] y
mkdir (MKDIR) [Y/n/?] y
  Enable long options (FEATURE_MKDIR_LONG_OPTIONS) [N/y/?] n
mkfifo (MKFIFO) [N/y/?] n
mknod (MKNOD) [Y/n/?] y
mv (MV) [Y/n/?] y
  Enable long options (FEATURE_MV_LONG_OPTIONS) [N/y/?] n
nice (NICE) [Y/n/?] y
nohup (NOHUP) [Y/n/?] y
od (OD) [N/y/?] n
printenv (PRINTENV) [N/y/?] n
printf (PRINTF) [Y/n/?] y
pwd (PWD) [Y/n/?] y
readlink (READLINK) [Y/n/?] y
  Enable canonicalization by following all symlinks (-f) (FEATURE_READLINK_FOLLOW) [Y/n/?] y
realpath (REALPATH) [N/y/?] n
rm (RM) [Y/n/?] y
rmdir (RMDIR) [Y/n/?] y
  Enable long options (FEATURE_RMDIR_LONG_OPTIONS) [N/y/?] n
seq (SEQ) [N/y/?] n
sha1sum (SHA1SUM) [N/y/?] n
sha256sum (SHA256SUM) [N/y/?] n
sha512sum (SHA512SUM) [N/y/?] n
sha3sum (SHA3SUM) [N/y/?] n
sleep (SLEEP) [Y/n/?] y
  Enable multiple arguments and s/m/h/d suffixes (FEATURE_FANCY_SLEEP) [Y/n/?] y
    Enable fractional arguments (FEATURE_FLOAT_SLEEP) [N/y/?] n
sort (SORT) [Y/n/?] y
  Full SuSv3 compliant sort (support -ktcsbdfiozgM) (FEATURE_SORT_BIG) [Y/n/?] y
split (SPLIT) [N/y/?] n
stty (STTY) [N/y/?] n
sum (SUM) [N/y/?] n
tac (TAC) [N/y/?] n
tail (TAIL) [Y/n/?] y
  Enable extra tail options (-q, -s, -v, and -F) (FEATURE_FANCY_TAIL) [Y/n/?] y
tee (TEE) [Y/n/?] y
  Enable block I/O (larger/faster) instead of byte I/O (FEATURE_TEE_USE_BLOCK_IO) [Y/n/?] y
true (TRUE) [Y/n/?] y
tty (TTY) [N/y/?] n
uname (UNAME) [Y/n/?] y
  Operating system name (UNAME_OSNAME) [ASUSWRT-Merlin] ASUSWRT-Merlin
unexpand (UNEXPAND) [N/y/?] n
uniq (UNIQ) [Y/n/?] y
usleep (USLEEP) [Y/n/?] y
uudecode (UUDECODE) [N/y/?] n
uuencode (UUENCODE) [N/y/?] n
wc (WC) [Y/n/?] y
  Support very large files in wc (FEATURE_WC_LARGE) [Y/n/?] y
whoami (WHOAMI) [N/y/?] n
yes (YES) [N/y/?] n
*
* Common options
*
Support verbose options (usually -v) for various applets (FEATURE_VERBOSE) [Y/n/?] y
*
* Common options for cp and mv
*
Preserve hard links (FEATURE_PRESERVE_HARDLINKS) [Y/n/?] y
*
* Common options for ls, more and telnet
*
Calculate terminal & column widths (FEATURE_AUTOWIDTH) [Y/n/?] y
*
* Common options for df, du, ls
*
Support for human readable output (example 13k, 23M, 235G) (FEATURE_HUMAN_READABLE) [Y/n/?] y
*
* Common options for md5sum, sha1sum, sha256sum, sha512sum, sha3sum
*
Enable -c, -s and -w options (FEATURE_MD5_SHA1_SUM_CHECK) [Y/n/?] y
*
* Console Utilities
*
chvt (CHVT) [N/y/?] n
fgconsole (FGCONSOLE) [N/y/?] n
clear (CLEAR) [Y/n/?] y
deallocvt (DEALLOCVT) [N/y/?] n
dumpkmap (DUMPKMAP) [N/y/?] n
kbd_mode (KBD_MODE) [N/y/?] n
loadfont (LOADFONT) [N/y/?] n
loadkmap (LOADKMAP) [N/y/?] n
openvt (OPENVT) [N/y/?] n
reset (RESET) [N/y/?] n
resize (RESIZE) [N/y/?] n
setconsole (SETCONSOLE) [Y/n/?] y
  Enable long options (FEATURE_SETCONSOLE_LONG_OPTIONS) [N/y/?] n
setfont (SETFONT) [N/y/?] n
setkeycodes (SETKEYCODES) [N/y/?] n
setlogcons (SETLOGCONS) [N/y/?] n
showkey (SHOWKEY) [N/y/?] n
*
* Debian Utilities
*
mktemp (MKTEMP) [N/y/?] n
pipe_progress (PIPE_PROGRESS) [N/y/?] n
run-parts (RUN_PARTS) [N/y/?] n
start-stop-daemon (START_STOP_DAEMON) [N/y/?] n
which (WHICH) [Y/n/?] y
*
* Editors
*
awk (AWK) [Y/n/?] y
  Enable math functions (requires libm) (FEATURE_AWK_LIBM) [Y/n/?] y
  Enable a few GNU extensions (FEATURE_AWK_GNU_EXTENSIONS) [Y/n/?] y
cmp (CMP) [Y/n/?] y
diff (DIFF) [Y/n/?] y
  Enable long options (FEATURE_DIFF_LONG_OPTIONS) [Y/n/?] y
  Enable directory support (FEATURE_DIFF_DIR) [Y/n/?] y
ed (ED) [N/y/?] n
patch (PATCH) [N/y/?] n
sed (SED) [Y/n/?] y
vi (VI) [Y/n/?] y
  Maximum screen width in vi (FEATURE_VI_MAX_LEN) [4096] 4096
  Allow vi to display 8-bit chars (otherwise shows dots) (FEATURE_VI_8BIT) [Y/n/?] y
  Enable ":" colon commands (no "ex" mode) (FEATURE_VI_COLON) [Y/n/?] y
  Enable yank/put commands and mark cmds (FEATURE_VI_YANKMARK) [Y/n/?] y
  Enable search and replace cmds (FEATURE_VI_SEARCH) [Y/n/?] y
    Enable regex in search and replace (FEATURE_VI_REGEX_SEARCH) [N/y/?] n
  Catch signals (FEATURE_VI_USE_SIGNALS) [Y/n/?] y
  Remember previous cmd and "." cmd (FEATURE_VI_DOT_CMD) [Y/n/?] y
  Enable -R option and "view" mode (FEATURE_VI_READONLY) [Y/n/?] y
  Enable set-able options, ai ic showmatch (FEATURE_VI_SETOPTS) [Y/n/?] y
  Support for :set (FEATURE_VI_SET) [Y/n/?] y
  Handle window resize (FEATURE_VI_WIN_RESIZE) [Y/n/?] y
  Use 'tell me cursor position' ESC sequence to measure window (FEATURE_VI_ASK_TERMINAL) [Y/n/?] y
  Support undo command 'u' (FEATURE_VI_UNDO) [N/y/?] n
  Allow vi and awk to execute shell commands (FEATURE_ALLOW_EXEC) [Y/n/?] y
*
* Finding Utilities
*
find (FIND) [Y/n/?] y
  Enable -print0: NUL-terminated output (FEATURE_FIND_PRINT0) [Y/n/?] y
  Enable -mtime: modified time matching (FEATURE_FIND_MTIME) [Y/n/?] y
  Enable -mmin: modified time matching by minutes (FEATURE_FIND_MMIN) [N/y/?] n
  Enable -perm: permissions matching (FEATURE_FIND_PERM) [N/y/?] n
  Enable -type: file type matching (file/dir/link/...) (FEATURE_FIND_TYPE) [N/y/?] n
  Enable -xdev: 'stay in filesystem' (FEATURE_FIND_XDEV) [N/y/?] n
  Enable -mindepth N and -maxdepth N (FEATURE_FIND_MAXDEPTH) [N/y/?] n
  Enable -newer: compare file modification times (FEATURE_FIND_NEWER) [N/y/?] n
  Enable -inum: inode number matching (FEATURE_FIND_INUM) [N/y/?] n
  Enable -exec: execute commands (FEATURE_FIND_EXEC) [Y/n/?] y
    Enable -exec ... {} + (FEATURE_FIND_EXEC_PLUS) [N/y/?] n
  Enable -user: username/uid matching (FEATURE_FIND_USER) [N/y/?] n
  Enable -group: group/gid matching (FEATURE_FIND_GROUP) [N/y/?] n
  Enable the 'not' (!) operator (FEATURE_FIND_NOT) [Y/n/?] y
  Enable -depth (FEATURE_FIND_DEPTH) [N/y/?] n
  Enable parens in options (FEATURE_FIND_PAREN) [N/y/?] n
  Enable -size: file size matching (FEATURE_FIND_SIZE) [N/y/?] n
  Enable -prune: exclude subdirectories (FEATURE_FIND_PRUNE) [N/y/?] n
  Enable -path: match pathname with shell pattern (FEATURE_FIND_PATH) [N/y/?] n
  Enable -regex: match pathname with regex (FEATURE_FIND_REGEX) [N/y/?] n
  Enable -links: link count matching (FEATURE_FIND_LINKS) [N/y/?] n
grep (GREP) [Y/n/?] y
  Enable extended regular expressions (egrep & grep -E) (FEATURE_GREP_EGREP_ALIAS) [Y/n/?] y
  Alias fgrep to grep -F (FEATURE_GREP_FGREP_ALIAS) [Y/n/?] y
  Enable before and after context flags (-A, -B and -C) (FEATURE_GREP_CONTEXT) [Y/n/?] y
xargs (XARGS) [Y/n/?] y
  Enable -p: prompt and confirmation (FEATURE_XARGS_SUPPORT_CONFIRMATION) [Y/n/?] y
  Enable single and double quotes and backslash (FEATURE_XARGS_SUPPORT_QUOTES) [Y/n/?] y
  Enable -x: exit if -s or -n is exceeded (FEATURE_XARGS_SUPPORT_TERMOPT) [Y/n/?] y
  Enable -0: NUL-terminated input (FEATURE_XARGS_SUPPORT_ZERO_TERM) [Y/n/?] y
  Enable -I STR: string to replace (FEATURE_XARGS_SUPPORT_REPL_STR) [Y/n/?] y
*
* Init Utilities
*
bootchartd (BOOTCHARTD) [N/y/?] n
poweroff, halt, and reboot (HALT) [N/y/?] n
init (INIT) [N/y/?] n
Support running init from within an initrd (not initramfs) (LINUXRC) [N/y/?] n
mesg (MESG) [N/y/?] n
*
* Login/Password Management Utilities
*
Support for shadow passwords (FEATURE_SHADOWPASSWDS) [Y/n/?] y
Use internal password and group functions rather than system functions (USE_BB_PWD_GRP) [Y/n/?] y
  Use internal shadow password functions (USE_BB_SHADOW) [Y/n/?] y
Use internal crypt functions (USE_BB_CRYPT) [N/y/?] n
add-shell (ADD_SHELL) [N/y/?] n
remove-shell (REMOVE_SHELL) [N/y/?] n
addgroup (ADDGROUP) [N/y/?] n
adduser (ADDUSER) [N/y/?] n
chpasswd (CHPASSWD) [Y/n/?] y
cryptpw (CRYPTPW) [N/y/?] n
mkpasswd (MKPASSWD) [N/y/?] n
deluser (DELUSER) [N/y/?] n
delgroup (DELGROUP) [N/y/?] n
getty (GETTY) [N/y/?] n
login (LOGIN) [Y/n/?] y
  Run logged in session in a child process (LOGIN_SESSION_AS_CHILD) [N/y/?] n
  Support for login scripts (LOGIN_SCRIPTS) [N/y/?] n
  Support for /etc/nologin (FEATURE_NOLOGIN) [N/y/?] n
  Support for /etc/securetty (FEATURE_SECURETTY) [N/y/?] n
passwd (PASSWD) [N/y/?] n
su (SU) [N/y/?] n
sulogin (SULOGIN) [N/y/?] n
vlock (VLOCK) [N/y/?] n
*
* Linux Ext2 FS Progs
*
chattr (CHATTR) [N/y/?] n
fsck (FSCK) [N/y/?] n
lsattr (LSATTR) [N/y/?] n
tune2fs (TUNE2FS) [N/y/?] n
*
* Linux Module Utilities
*
modinfo (MODINFO) [N/y/?] n
Simplified modutils (MODPROBE_SMALL) [N/y/?] n
  insmod (INSMOD) [Y/n/?] y
  rmmod (RMMOD) [Y/n/?] y
  lsmod (LSMOD) [Y/n/?] y
    Pretty output (FEATURE_LSMOD_PRETTY_2_6_OUTPUT) [Y/n/?] y
  modprobe (MODPROBE) [Y/n/?] y
    Blacklist support (FEATURE_MODPROBE_BLACKLIST) [N/y/?] n
  depmod (DEPMOD) [N/y/?] n
*
* Options common to multiple modutils
*
Support version 2.2/2.4 Linux kernels (FEATURE_2_4_MODULES) [N/y/?] n
Try to load module from a mmap'ed area (FEATURE_INSMOD_TRY_MMAP) [N/y/?] n
Support tainted module checking with new kernels (FEATURE_CHECK_TAINTED_MODULE) [Y/n/?] y
Support for module.aliases file (FEATURE_MODUTILS_ALIAS) [Y/n/?] y
Support for module.symbols file (FEATURE_MODUTILS_SYMBOLS) [N/y/?] n
Default directory containing modules (DEFAULT_MODULES_DIR) [/lib/modules] /lib/modules
Default name of modules.dep (DEFAULT_DEPMOD_FILE) [modules.dep] modules.dep
*
* Linux System Utilities
*
blkdiscard (BLKDISCARD) [N/y/?] n
blockdev (BLOCKDEV) [N/y/?] n
fatattr (FATATTR) [N/y/?] n
fstrim (FSTRIM) [N/y/?] n
mdev (MDEV) [Y/n/?] y
  Support /etc/mdev.conf (FEATURE_MDEV_CONF) [N/y/?] n
  Support loading of firmwares (FEATURE_MDEV_LOAD_FIRMWARE) [N/y/?] n
mount (MOUNT) [Y/n/?] y
  Support option -f (FEATURE_MOUNT_FAKE) [N/y/?] n
  Support option -v (FEATURE_MOUNT_VERBOSE) [N/y/?] n
  Support mount helpers (FEATURE_MOUNT_HELPERS) [Y/n/?] y
  Support specifying devices by label or UUID (FEATURE_MOUNT_LABEL) [Y/n/?] y
  Support mounting NFS file systems on Linux < 2.6.23 (FEATURE_MOUNT_NFS) [Y/n/?] y
  Support mounting CIFS/SMB file systems (FEATURE_MOUNT_CIFS) [Y/n/?] y
  Support lots of -o flags in mount (FEATURE_MOUNT_FLAGS) [Y/n/?] y
  Support /etc/fstab and -a (FEATURE_MOUNT_FSTAB) [Y/n/?] y
    Support -T <alt_fstab> (FEATURE_MOUNT_OTHERTAB) [N/y/?] n
nsenter (NSENTER) [N/y/?] n
rev (REV) [N/y/?] n
setarch (SETARCH) [N/y/?] n
uevent (UEVENT) [N/y/?] n
unshare (UNSHARE) [N/y/?] n
acpid (ACPID) [N/y/?] n
blkid (BLKID) [Y/n/?] y
  Print filesystem type (FEATURE_BLKID_TYPE) [N/y/?] n
dmesg (DMESG) [Y/n/?] y
  Pretty dmesg output (FEATURE_DMESG_PRETTY) [Y/n/?] y
fbset (FBSET) [N/y/?] n
fdflush (FDFLUSH) [N/y/?] n
fdformat (FDFORMAT) [N/y/?] n
fdisk (FDISK) [Y/n/?] y
  Write support (FEATURE_FDISK_WRITABLE) [Y/n/?] y
    Support AIX disklabels (FEATURE_AIX_LABEL) [N/y/?] n
    Support SGI disklabels (FEATURE_SGI_LABEL) [N/y/?] n
    Support SUN disklabels (FEATURE_SUN_LABEL) [N/y/?] n
    Support BSD disklabels (FEATURE_OSF_LABEL) [N/y/?] n
    Support GPT disklabels (FEATURE_GPT_LABEL) [Y/n/?] y
    Support expert mode (FEATURE_FDISK_ADVANCED) [Y/n/?] y
findfs (FINDFS) [N/y/?] n
flock (FLOCK) [Y/n/?] y
freeramdisk (FREERAMDISK) [N/y/?] n
fsck_minix (FSCK_MINIX) [N/y/?] n
mkfs_ext2 (MKFS_EXT2) [N/y/?] n
mkfs_minix (MKFS_MINIX) [N/y/?] n
mkfs_reiser (MKFS_REISER) [N/y/?] n
mkfs_vfat (MKFS_VFAT) [Y/n/?] y
getopt (GETOPT) [Y/n/?] y
  Support option -l (FEATURE_GETOPT_LONG) [Y/n/?] y
hexdump (HEXDUMP) [N/y/?] n
hwclock (HWCLOCK) [N/y/?] n
ipcrm (IPCRM) [N/y/?] n
ipcs (IPCS) [N/y/?] n
losetup (LOSETUP) [N/y/?] n
lspci (LSPCI) [N/y/?] n
lsusb (LSUSB) [Y/n/?] y
mkswap (MKSWAP) [Y/n/?] y
  UUID support (FEATURE_MKSWAP_UUID) [Y/n/?] y
more (MORE) [Y/n/?] y
pivot_root (PIVOT_ROOT) [N/y/?] n
rdate (RDATE) [N/y/?] n
rdev (RDEV) [N/y/?] n
readprofile (READPROFILE) [N/y/?] n
rtcwake (RTCWAKE) [N/y/?] n
script (SCRIPT) [N/y/?] n
scriptreplay (SCRIPTREPLAY) [N/y/?] n
swaponoff (SWAPONOFF) [Y/n/?] y
  Support discard option -d (FEATURE_SWAPON_DISCARD) [N/y/?] n
  Support priority option -p (FEATURE_SWAPON_PRI) [N/y/?] n
switch_root (SWITCH_ROOT) [N/y/?] n
umount (UMOUNT) [Y/n/?] y
  Support option -a (FEATURE_UMOUNT_ALL) [N/y/?] n
  *
  * Common options for mount/umount
  *
  Support loopback mounts (FEATURE_MOUNT_LOOP) [Y/n/?] y
    Create new loopback devices if needed (FEATURE_MOUNT_LOOP_CREATE) [Y/n/?] y
  Support for the old /etc/mtab file (FEATURE_MTAB_SUPPORT) [N/y/?] n
*
* Filesystem/Volume identification
*
bcache filesystem (FEATURE_VOLUMEID_BCACHE) [N/y/?] n
btrfs filesystem (FEATURE_VOLUMEID_BTRFS) [N/y/?] n
cramfs filesystem (FEATURE_VOLUMEID_CRAMFS) [N/y/?] n
exFAT filesystem (FEATURE_VOLUMEID_EXFAT) [N/y/?] n
Ext filesystem (FEATURE_VOLUMEID_EXT) [Y/n/?] y
f2fs filesystem (FEATURE_VOLUMEID_F2FS) [N/y/?] n
fat filesystem (FEATURE_VOLUMEID_FAT) [Y/n/?] y
hfs filesystem (FEATURE_VOLUMEID_HFS) [Y/n/?] y
iso9660 filesystem (FEATURE_VOLUMEID_ISO9660) [N/y/?] n
jfs filesystem (FEATURE_VOLUMEID_JFS) [N/y/?] n
linuxraid (FEATURE_VOLUMEID_LINUXRAID) [N/y/?] n
linux swap filesystem (FEATURE_VOLUMEID_LINUXSWAP) [Y/n/?] y
luks filesystem (FEATURE_VOLUMEID_LUKS) [N/y/?] n
nilfs filesystem (FEATURE_VOLUMEID_NILFS) [N/y/?] n
ntfs filesystem (FEATURE_VOLUMEID_NTFS) [Y/n/?] y
ocfs2 filesystem (FEATURE_VOLUMEID_OCFS2) [N/y/?] n
Reiser filesystem (FEATURE_VOLUMEID_REISERFS) [N/y/?] n
romfs filesystem (FEATURE_VOLUMEID_ROMFS) [N/y/?] n
sysv filesystem (FEATURE_VOLUMEID_SYSV) [N/y/?] n
udf filesystem (FEATURE_VOLUMEID_UDF) [N/y/?] n
xfs filesystem (FEATURE_VOLUMEID_XFS) [N/y/?] n
*
* Miscellaneous Utilities
*
conspy (CONSPY) [N/y/?] n
crond (CROND) [Y/n/?] y
  Support option -d to redirect output to stderr (FEATURE_CROND_D) [N/y/?] n
  Report command output via email (using sendmail) (FEATURE_CROND_CALL_SENDMAIL) [N/y/?] n
  crond spool directory (FEATURE_CROND_DIR) [/var/spool/cron] /var/spool/cron
Ethreg Utility (ETHREG) [N/y/?] n
i2cget (I2CGET) [N/y/?] n
i2cset (I2CSET) [N/y/?] n
i2cdump (I2CDUMP) [N/y/?] n
i2cdetect (I2CDETECT) [N/y/?] n
less (LESS) [Y/n/?] y
  Max number of input lines less will try to eat (FEATURE_LESS_MAXLINES) [9999999] 9999999
  Enable bracket searching (FEATURE_LESS_BRACKETS) [N/y/?] n
  Enable -m/-M (FEATURE_LESS_FLAGS) [N/y/?] n
  Enable -S (FEATURE_LESS_TRUNCATE) [N/y/?] n
  Enable marks (FEATURE_LESS_MARKS) [N/y/?] n
  Enable regular expressions (FEATURE_LESS_REGEXP) [N/y/?] n
  Enable automatic resizing on window size changes (FEATURE_LESS_WINCH) [N/y/?] n
  Enable flag changes ('-' command) (FEATURE_LESS_DASHCMD) [N/y/?] n
MDMM Utility (MDMM) [N/y/?] n
nandwrite (NANDWRITE) [N/y/?] n
nanddump (NANDDUMP) [N/y/?] n
rfkill (RFKILL) [N/y/?] n
setserial (SETSERIAL) [N/y/?] n
taskset (TASKSET) [N/y/?] n
ubiattach (UBIATTACH) [N/y/?] n
ubidetach (UBIDETACH) [N/y/?] n
ubimkvol (UBIMKVOL) [N/y/?] n
ubirmvol (UBIRMVOL) [N/y/?] n
ubirsvol (UBIRSVOL) [N/y/?] n
ubiupdatevol (UBIUPDATEVOL) [N/y/?] n
ubirename (UBIRENAME) [N/y/?] n
adjtimex (ADJTIMEX) [N/y/?] n
bbconfig (BBCONFIG) [N/y/?] n
beep (BEEP) [N/y/?] n
chat (CHAT) [N/y/?] n
chrt (CHRT) [N/y/?] n
crontab (CRONTAB) [Y/n/?] y
dc (DC) [N/y/?] n
devfsd (obsolete) (DEVFSD) [N/y/?] n
Use devfs names for all devices (obsolete) (FEATURE_DEVFS) [N/y/?] n
devmem (DEVMEM) [Y/n/?] y
eject (EJECT) [N/y/?] n
fbsplash (FBSPLASH) [N/y/?] n
flashcp (FLASHCP) [N/y/?] n
flash_lock (FLASH_LOCK) [N/y/?] n
flash_unlock (FLASH_UNLOCK) [N/y/?] n
flash_eraseall (FLASH_ERASEALL) [N/y/?] n
ionice (IONICE) [Y/n/?] y
inotifyd (INOTIFYD) [N/y/?] n
hdparm (HDPARM) [N/y/?] n
makedevs (MAKEDEVS) [N/y/?] n
man (MAN) [N/y/?] n
microcom (MICROCOM) [N/y/?] n
mountpoint (MOUNTPOINT) [N/y/?] n
mt (MT) [N/y/?] n
raidautorun (RAIDAUTORUN) [N/y/?] n
readahead (READAHEAD) [N/y/?] n
rx (RX) [N/y/?] n
setsid (SETSID) [N/y/?] n
strings (STRINGS) [Y/n/?] y
time (TIME) [Y/n/?] y
timeout (TIMEOUT) [N/y/?] n
ttysize (TTYSIZE) [N/y/?] n
volname (VOLNAME) [N/y/?] n
watchdog (WATCHDOG) [N/y/?] n
*
* Networking Utilities
*
nameif (NAMEIF) [N/y/?] n
nbd-client (NBDCLIENT) [N/y/?] n
nc (NC) [Y/n/?] y
  Netcat server options (-l) (NC_SERVER) [N/y/?] n
  Netcat extensions (-eiw and -f FILE) (NC_EXTRA) [Y/n/?] y
  Netcat 1.10 compatibility (+2.5k) (NC_110_COMPAT) [N/y/?] n
ping (PING) [Y/n/?] y
  ping6 (PING6) [Y/n/?] y
  Enable fancy ping output (FEATURE_FANCY_PING) [Y/n/?] y
wget (WGET) [N/y/?] n
whois (WHOIS) [N/y/?] n
Enable IPv6 support (FEATURE_IPV6) [Y/n/?] y
Enable Unix domain socket support (usually not needed) (FEATURE_UNIX_LOCAL) [N/y/?] n
Prefer IPv4 addresses from DNS queries (FEATURE_PREFER_IPV4_ADDRESS) [Y/n/?] y
Verbose resolution errors (VERBOSE_RESOLUTION_ERRORS) [N/y/?] n
arp (ARP) [Y/n/?] y
arping (ARPING) [Y/n/?] y
brctl (BRCTL) [N/y/?] n
dnsd (DNSD) [N/y/?] n
ether-wake (ETHER_WAKE) [Y/n/?] y
fakeidentd (FAKEIDENTD) [N/y/?] n
ftpd (FTPD) [N/y/?] n
ftpget (FTPGET) [Y/n/?] y
ftpput (FTPPUT) [Y/n/?] y
  Enable long options in ftpget/ftpput (FEATURE_FTPGETPUT_LONG_OPTIONS) [N/y/?] n
hostname (HOSTNAME) [Y/n/?] y
httpd (HTTPD) [N/y/?] n
ifconfig (IFCONFIG) [Y/n/?] y
  Enable status reporting output (+7k) (FEATURE_IFCONFIG_STATUS) [Y/n/?] y
  Enable slip-specific options "keepalive" and "outfill" (FEATURE_IFCONFIG_SLIP) [N/y/?] n
  Enable options "mem_start", "io_addr", and "irq" (FEATURE_IFCONFIG_MEMSTART_IOADDR_IRQ) [N/y/?] n
  Enable option "hw" (ether only) (FEATURE_IFCONFIG_HW) [Y/n/?] y
  Set the broadcast automatically (FEATURE_IFCONFIG_BROADCAST_PLUS) [Y/n/?] y
ifenslave (IFENSLAVE) [N/y/?] n
ifplugd (IFPLUGD) [N/y/?] n
ifupdown (IFUPDOWN) [N/y/?] n
inetd (INETD) [N/y/?] n
ip (IP) [N/y/?] n
ipcalc (IPCALC) [N/y/?] n
netstat (NETSTAT) [Y/n/?] y
  Enable wide netstat output (FEATURE_NETSTAT_WIDE) [Y/n/?] y
  Enable PID/Program name output (FEATURE_NETSTAT_PRG) [N/y/?] n
nslookup (NSLOOKUP) [Y/n/?] y
ntpd (NTPD) [Y/n/?] y
  Make ntpd usable as a NTP server (FEATURE_NTPD_SERVER) [Y/n/?] y
  Make ntpd understand /etc/ntp.conf (FEATURE_NTPD_CONF) [Y/n/?] y
pscan (PSCAN) [Y/n/?] y
route (ROUTE) [Y/n/?] y
slattach (SLATTACH) [N/y/?] n
tcpsvd (TCPSVD) [N/y/?] n
telnet (TELNET) [Y/n/?] y
  Pass TERM type to remote host (FEATURE_TELNET_TTYPE) [N/y/?] n
  Pass USER type to remote host (FEATURE_TELNET_AUTOLOGIN) [N/y/?] n
telnetd (TELNETD) [Y/n/?] y
  Support standalone telnetd (not inetd only) (FEATURE_TELNETD_STANDALONE) [Y/n/?] y
    Set TELNET_CLIENT environment variable (FEATURE_TELNETD_CLIENT_TO_ENV) [Y/n/?] y
    Support -w SEC option (inetd wait mode) (FEATURE_TELNETD_INETD_WAIT) [N/y/?] n
tftp (TFTP) [Y/n/?] y
tftpd (TFTPD) [N/y/?] n
  *
  * Common options for tftp/tftpd
  *
  Enable 'tftp get' and/or tftpd upload code (FEATURE_TFTP_GET) [Y/n/?] y
  Enable 'tftp put' and/or tftpd download code (FEATURE_TFTP_PUT) [Y/n/?] y
  Enable 'blksize' and 'tsize' protocol options (FEATURE_TFTP_BLOCKSIZE) [N/y/?] n
  Enable debug (TFTP_DEBUG) [N/y/?] n
traceroute (TRACEROUTE) [Y/n/?] y
  traceroute6 (TRACEROUTE6) [Y/n/?] y
  Enable verbose output (FEATURE_TRACEROUTE_VERBOSE) [Y/n/?] y
  Enable loose source route (FEATURE_TRACEROUTE_SOURCE_ROUTE) [Y/n/?] y
  Use ICMP instead of UDP (FEATURE_TRACEROUTE_USE_ICMP) [Y/n/?] y
tunctl (TUNCTL) [N/y/?] n
udhcp client for DHCPv6 (udhcpc6) (UDHCPC6) [N/y/?] n
udhcp server (udhcpd) (UDHCPD) [N/y/?] n
udhcp client (udhcpc) (UDHCPC) [Y/n/?] y
  Verify that the offered address is free, using ARP ping (FEATURE_UDHCPC_ARPING) [Y/n/?] y
  Do not pass malformed host and domain names (FEATURE_UDHCPC_SANITIZEOPT) [N/y/?] n
  Enable '-P port' option for udhcpd and udhcpc (FEATURE_UDHCP_PORT) [N/y/?] n
  Maximum verbosity level for udhcp applets (0..9) (UDHCP_DEBUG) [0] 0
  Support for RFC5969 IPv6 Rapid Deployment (6RD) (FEATURE_UDHCP_RFC5969) [Y/n/?] y
  Support for RFC3397 domain search (experimental) (FEATURE_UDHCP_RFC3397) [N/y/?] n
  Support for 802.1Q VLAN parameters (FEATURE_UDHCP_8021Q) [N/y/?] n
  Absolute path to config script (UDHCPC_DEFAULT_SCRIPT) [/tmp/udhcpc] /tmp/udhcpc
  DHCP options slack buffer size (UDHCPC_SLACK_FOR_BUGGY_SERVERS) [924] 924
udpsvd (UDPSVD) [N/y/?] n
vconfig (VCONFIG) [Y/n/?] y
zcip (ZCIP) [Y/n/?] y
*
* Print Utilities
*
lpd (LPD) [N/y/?] n
lpr (LPR) [N/y/?] n
lpq (LPQ) [N/y/?] n
*
* Mail Utilities
*
makemime (MAKEMIME) [Y/n/?] y
  Default charset (FEATURE_MIME_CHARSET) [] 
popmaildir (POPMAILDIR) [N/y/?] n
reformime (REFORMIME) [N/y/?] n
sendmail (SENDMAIL) [Y/n/?] y
*
* Process Utilities
*
iostat (IOSTAT) [N/y/?] n
lsof (LSOF) [N/y/?] n
mpstat (MPSTAT) [N/y/?] n
nmeter (NMETER) [N/y/?] n
pmap (PMAP) [N/y/?] n
powertop (POWERTOP) [N/y/?] n
pstree (PSTREE) [N/y/?] n
pwdx (PWDX) [N/y/?] n
smemcap (SMEMCAP) [N/y/?] n
top (TOP) [Y/n/?] y
  Show CPU per-process usage percentage (FEATURE_TOP_CPU_USAGE_PERCENTAGE) [Y/n/?] y
    Show CPU global usage percentage (FEATURE_TOP_CPU_GLOBAL_PERCENTS) [Y/n/?] y
      SMP CPU usage display ('c' key) (FEATURE_TOP_SMP_CPU) [Y/n/?] y
    Show 1/10th of a percent in CPU/mem statistics (FEATURE_TOP_DECIMALS) [Y/n/?] y
  Show CPU process runs on ('j' field) (FEATURE_TOP_SMP_PROCESS) [Y/n/?] y
  Topmem command ('s' key) (FEATURE_TOPMEM) [Y/n/?] y
uptime (UPTIME) [Y/n/?] y
free (FREE) [Y/n/?] y
fuser (FUSER) [N/y/?] n
kill (KILL) [Y/n/?] y
  killall (KILLALL) [Y/n/?] y
  killall5 (KILLALL5) [N/y] n
pgrep (PGREP) [N/y/?] n
pidof (PIDOF) [Y/n/?] y
  Enable argument for single shot (-s) (FEATURE_PIDOF_SINGLE) [N/y/?] n
  Enable argument for omitting pids (-o) (FEATURE_PIDOF_OMIT) [N/y/?] n
pkill (PKILL) [N/y/?] n
ps (PS) [Y/n/?] y
  Enable wide output option (-w) (FEATURE_PS_WIDE) [Y/n/?] y
  Enable long output option (-l) (FEATURE_PS_LONG) [N/y/?] n
renice (RENICE) [Y/n/?] y
sysctl (BB_SYSCTL) [N/y/?] n
Support for showing threads in ps/pstree/top (FEATURE_SHOW_THREADS) [Y/n/?] y
watch (WATCH) [Y/n/?] y
*
* Runit Utilities
*
chpst (CHPST) [N/y/?] n
setuidgid (SETUIDGID) [N/y/?] n
envuidgid (ENVUIDGID) [N/y/?] n
envdir (ENVDIR) [N/y/?] n
softlimit (SOFTLIMIT) [N/y/?] n
runsv (RUNSV) [N/y/?] n
runsvdir (RUNSVDIR) [N/y/?] n
sv (SV) [N/y/?] n
svlogd (SVLOGD) [N/y/?] n
*
* Shells
*
ash (ASH) [Y/n/?] y
  bash-compatible extensions (ASH_BASH_COMPAT) [Y/n/?] y
  Idle timeout variable (ASH_IDLE_TIMEOUT) [N/y/?] n
  Job control (ASH_JOB_CONTROL) [N/y/?] n
  Alias support (ASH_ALIAS) [Y/n/?] y
  Builtin getopt to parse positional parameters (ASH_GETOPTS) [N/y/?] n
  Builtin version of 'echo' (ASH_BUILTIN_ECHO) [N/y/?] n
  Builtin version of 'printf' (ASH_BUILTIN_PRINTF) [N/y/?] n
  Builtin version of 'test' (ASH_BUILTIN_TEST) [N/y/?] n
  help builtin (ASH_HELP) [N/y/?] n
  'command' command to override shell builtins (ASH_CMDCMD) [N/y/?] n
  Check for new mail on interactive shells (ASH_MAIL) [N/y/?] n
  Optimize for size instead of speed (ASH_OPTIMIZE_FOR_SIZE) [Y/n/?] y
  Pseudorandom generator and $RANDOM variable (ASH_RANDOM_SUPPORT) [N/y/?] n
  Expand prompt string (ASH_EXPAND_PRMT) [N/y/?] n
cttyhack (CTTYHACK) [N/y/?] n
hush (HUSH) [N/y/?] n
msh (deprecated: aliased to hush) (MSH) [N/y/?] n
Choose which shell is aliased to 'sh' name
> 1. ash (FEATURE_SH_IS_ASH)
  2. none (FEATURE_SH_IS_NONE)
choice[1-2?]: 1
Choose which shell is aliased to 'bash' name
  1. ash (FEATURE_BASH_IS_ASH)
> 2. none (FEATURE_BASH_IS_NONE)
choice[1-2?]: 2
POSIX math support (SH_MATH_SUPPORT) [Y/n/?] y
  Extend POSIX math support to 64 bit (SH_MATH_SUPPORT_64) [N/y/?] n
Hide message on interactive shell startup (FEATURE_SH_EXTRA_QUIET) [Y/n/?] y
Use $HISTFILESIZE (FEATURE_SH_HISTFILESIZE) [N/y/?] n
*
* System Logging Utilities
*
klogd (KLOGD) [Y/n/?] y
  Use the klogctl() interface (FEATURE_KLOGD_KLOGCTL) [N/y/?] n
logger (LOGGER) [Y/n/?] y
syslogd (SYSLOGD) [Y/n/?] y
  Rotate message files (FEATURE_ROTATE_LOGFILE) [Y/n/?] y
  Remote Log support (FEATURE_REMOTE_LOG) [Y/n/?] y
  Support -D (drop dups) option (FEATURE_SYSLOGD_DUP) [N/y/?] n
  Support syslog.conf (FEATURE_SYSLOGD_CFG) [N/y/?] n
  Read buffer size in bytes (FEATURE_SYSLOGD_READ_BUFFER_SIZE) [512] 512
  Circular Buffer support (FEATURE_IPC_SYSLOG) [N/y/?] n
  Linux kernel printk buffer support (FEATURE_KMSG_SYSLOG) [N/y/?] n
make[4]: Leaving directory '/home/jamie/asuswrt-merlin/release/src/router/busybox'
make[3]: Leaving directory '/home/jamie/asuswrt-merlin/release/src/router'
make[2]: Leaving directory '/home/jamie/asuswrt-merlin/release/src-rt-6.x'
make all
make[2]: Entering directory '/home/jamie/asuswrt-merlin/release/src-rt-6.x'
/bin/sh: 1: cannot create ntools/version: Directory nonexistent
make[2]: [Makefile:195: rt_ver_ntools] Error 2 (ignored)

Building RT-AC66U_3.0.0.4_380.71.trx


mkdir: cannot create directory ‘image’: File exists
make[2]: [Makefile:206: all] Error 1 (ignored)
make[3]: Entering directory '/home/jamie/asuswrt-merlin/release/src/router'
"CLM In /wl/clm/src/ NOT CREATING new clm_blob ..."
rm -rf /home/jamie/asuswrt-merlin/release/src-rt-6.x/router/mipsel-uclibc/target
rm -rf /home/jamie/asuswrt-merlin/release/src-rt-6.x/router/mipsel-uclibc/install
rm -f /home/jamie/asuswrt-merlin/release/src-rt-6.x/router/mipsel-uclibc/linux.trx /home/jamie/asuswrt-merlin/release/src-rt-6.x/router/mipsel-uclibc/vmlinuz /home/jamie/asuswrt-merlin/release/src-rt-6.x/router/mipsel-uclibc/target.image
rm -rf /home/jamie/asuswrt-merlin/release/src-rt-6.x/router/mipsel-uclibc/extras
rm -rf kernel_header
make -C /home/jamie/asuswrt-merlin/release/src-rt-6.x/linux/linux-2.6 ARCH=mips headers_install INSTALL_HDR_PATH=/home/jamie/asuswrt-merlin/release/src-rt-6.x/router/kernel_header
make[4]: Entering directory '/home/jamie/asuswrt-merlin/release/src-rt/linux/linux-2.6'
  CHK     include/linux/version.h
make[5]: 'scripts/unifdef' is up to date.
  MKDIR   include
  MKDIR   include/asm-generic
  INSTALL include/asm-generic/errno-base.h
  INSTALL include/asm-generic/errno.h
  INSTALL include/asm-generic/fcntl.h
  INSTALL include/asm-generic/ioctl.h
  INSTALL include/asm-generic/ipc.h
  INSTALL include/asm-generic/mman.h
  INSTALL include/asm-generic/poll.h
  INSTALL include/asm-generic/signal.h
  INSTALL include/asm-generic/statfs.h
  UNIFDEF include/asm-generic/resource.h
  UNIFDEF include/asm-generic/siginfo.h
  MKDIR   include/asm
  INSTALL include/asm/cachectl.h
  INSTALL include/asm/sgidefs.h
  INSTALL include/asm/sysmips.h
  UNIFDEF include/asm/a.out.h
  UNIFDEF include/asm/auxvec.h
  UNIFDEF include/asm/byteorder.h
  UNIFDEF include/asm/elf.h
  UNIFDEF include/asm/errno.h
  UNIFDEF include/asm/fcntl.h
  UNIFDEF include/asm/ioctl.h
  UNIFDEF include/asm/ioctls.h
  UNIFDEF include/asm/ipcbuf.h
  UNIFDEF include/asm/mman.h
  UNIFDEF include/asm/msgbuf.h
  UNIFDEF include/asm/page.h
  UNIFDEF include/asm/param.h
  UNIFDEF include/asm/poll.h
  UNIFDEF include/asm/posix_types.h
  UNIFDEF include/asm/ptrace.h
  UNIFDEF include/asm/resource.h
  UNIFDEF include/asm/sembuf.h
  UNIFDEF include/asm/setup.h
  UNIFDEF include/asm/shmbuf.h
  UNIFDEF include/asm/shmparam.h
  UNIFDEF include/asm/sigcontext.h
  UNIFDEF include/asm/siginfo.h
  UNIFDEF include/asm/signal.h
  UNIFDEF include/asm/socket.h
  UNIFDEF include/asm/sockios.h
  UNIFDEF include/asm/stat.h
  UNIFDEF include/asm/statfs.h
  UNIFDEF include/asm/termbits.h
  UNIFDEF include/asm/termios.h
  UNIFDEF include/asm/types.h
  UNIFDEF include/asm/unistd.h
  UNIFDEF include/asm/user.h
  MKDIR   include/linux
  MKDIR   include/linux/byteorder
  INSTALL include/linux/byteorder/big_endian.h
  INSTALL include/linux/byteorder/little_endian.h
  UNIFDEF include/linux/byteorder/generic.h
  UNIFDEF include/linux/byteorder/swab.h
  MKDIR   include/linux/dvb
  INSTALL include/linux/dvb/ca.h
  INSTALL include/linux/dvb/frontend.h
  INSTALL include/linux/dvb/net.h
  INSTALL include/linux/dvb/osd.h
  INSTALL include/linux/dvb/version.h
  UNIFDEF include/linux/dvb/audio.h
  UNIFDEF include/linux/dvb/dmx.h
  UNIFDEF include/linux/dvb/video.h
  MKDIR   include/linux/hdlc
  INSTALL include/linux/hdlc/ioctl.h
  MKDIR   include/linux/isdn
  INSTALL include/linux/isdn/capicmd.h
  MKDIR   include/linux/netfilter
  INSTALL include/linux/netfilter/nf_conntrack_sctp.h
  INSTALL include/linux/netfilter/nf_conntrack_tuple_common.h
  INSTALL include/linux/netfilter/nfnetlink_conntrack.h
  INSTALL include/linux/netfilter/nfnetlink_log.h
  INSTALL include/linux/netfilter/nfnetlink_queue.h
  INSTALL include/linux/netfilter/xt_CLASSIFY.h
  INSTALL include/linux/netfilter/xt_CONNMARK.h
  INSTALL include/linux/netfilter/xt_CONNSECMARK.h
  INSTALL include/linux/netfilter/xt_DSCP.h
  INSTALL include/linux/netfilter/xt_MARK.h
  INSTALL include/linux/netfilter/xt_NFLOG.h
  INSTALL include/linux/netfilter/xt_NFQUEUE.h
  INSTALL include/linux/netfilter/xt_SECMARK.h
  INSTALL include/linux/netfilter/xt_TCPMSS.h
  INSTALL include/linux/netfilter/xt_comment.h
  INSTALL include/linux/netfilter/xt_connbytes.h
  INSTALL include/linux/netfilter/xt_connmark.h
  INSTALL include/linux/netfilter/xt_conntrack.h
  INSTALL include/linux/netfilter/xt_dccp.h
  INSTALL include/linux/netfilter/xt_dscp.h
  INSTALL include/linux/netfilter/xt_esp.h
  INSTALL include/linux/netfilter/xt_hashlimit.h
  INSTALL include/linux/netfilter/xt_helper.h
  INSTALL include/linux/netfilter/xt_iprange.h
  INSTALL include/linux/netfilter/xt_length.h
  INSTALL include/linux/netfilter/xt_limit.h
  INSTALL include/linux/netfilter/xt_mac.h
  INSTALL include/linux/netfilter/xt_mark.h
  INSTALL include/linux/netfilter/xt_multiport.h
  INSTALL include/linux/netfilter/xt_pkttype.h
  INSTALL include/linux/netfilter/xt_policy.h
  INSTALL include/linux/netfilter/xt_realm.h
  INSTALL include/linux/netfilter/xt_recent.h
  INSTALL include/linux/netfilter/xt_sctp.h
  INSTALL include/linux/netfilter/xt_state.h
  INSTALL include/linux/netfilter/xt_statistic.h
  INSTALL include/linux/netfilter/xt_string.h
  INSTALL include/linux/netfilter/xt_tcpmss.h
  INSTALL include/linux/netfilter/xt_tcpudp.h
  UNIFDEF include/linux/netfilter/nf_conntrack_common.h
  UNIFDEF include/linux/netfilter/nf_conntrack_ftp.h
  UNIFDEF include/linux/netfilter/nf_conntrack_tcp.h
  UNIFDEF include/linux/netfilter/nfnetlink.h
  UNIFDEF include/linux/netfilter/x_tables.h
  UNIFDEF include/linux/netfilter/xt_physdev.h
  MKDIR   include/linux/netfilter_arp
  INSTALL include/linux/netfilter_arp/arpt_mangle.h
  UNIFDEF include/linux/netfilter_arp/arp_tables.h
  MKDIR   include/linux/netfilter_bridge
  INSTALL include/linux/netfilter_bridge/ebt_among.h
  INSTALL include/linux/netfilter_bridge/ebt_arp.h
  INSTALL include/linux/netfilter_bridge/ebt_arpreply.h
  INSTALL include/linux/netfilter_bridge/ebt_ip.h
  INSTALL include/linux/netfilter_bridge/ebt_limit.h
  INSTALL include/linux/netfilter_bridge/ebt_log.h
  INSTALL include/linux/netfilter_bridge/ebt_mark_m.h
  INSTALL include/linux/netfilter_bridge/ebt_mark_t.h
  INSTALL include/linux/netfilter_bridge/ebt_nat.h
  INSTALL include/linux/netfilter_bridge/ebt_pkttype.h
  INSTALL include/linux/netfilter_bridge/ebt_redirect.h
  INSTALL include/linux/netfilter_bridge/ebt_stp.h
  INSTALL include/linux/netfilter_bridge/ebt_ulog.h
  INSTALL include/linux/netfilter_bridge/ebt_vlan.h
  UNIFDEF include/linux/netfilter_bridge/ebt_802_3.h
  UNIFDEF include/linux/netfilter_bridge/ebtables.h
  MKDIR   include/linux/netfilter_ipv4
  INSTALL include/linux/netfilter_ipv4/ipt_CLASSIFY.h
  INSTALL include/linux/netfilter_ipv4/ipt_CLUSTERIP.h
  INSTALL include/linux/netfilter_ipv4/ipt_CONNMARK.h
  INSTALL include/linux/netfilter_ipv4/ipt_DSCP.h
  INSTALL include/linux/netfilter_ipv4/ipt_ECN.h
  INSTALL include/linux/netfilter_ipv4/ipt_LOG.h
  INSTALL include/linux/netfilter_ipv4/ipt_MARK.h
  INSTALL include/linux/netfilter_ipv4/ipt_NFQUEUE.h
  INSTALL include/linux/netfilter_ipv4/ipt_REJECT.h
  INSTALL include/linux/netfilter_ipv4/ipt_SAME.h
  INSTALL include/linux/netfilter_ipv4/ipt_TCPMSS.h
  INSTALL include/linux/netfilter_ipv4/ipt_TOS.h
  INSTALL include/linux/netfilter_ipv4/ipt_TTL.h
  INSTALL include/linux/netfilter_ipv4/ipt_ULOG.h
  INSTALL include/linux/netfilter_ipv4/ipt_addrtype.h
  INSTALL include/linux/netfilter_ipv4/ipt_ah.h
  INSTALL include/linux/netfilter_ipv4/ipt_comment.h
  INSTALL include/linux/netfilter_ipv4/ipt_connbytes.h
  INSTALL include/linux/netfilter_ipv4/ipt_connmark.h
  INSTALL include/linux/netfilter_ipv4/ipt_conntrack.h
  INSTALL include/linux/netfilter_ipv4/ipt_dccp.h
  INSTALL include/linux/netfilter_ipv4/ipt_dscp.h
  INSTALL include/linux/netfilter_ipv4/ipt_ecn.h
  INSTALL include/linux/netfilter_ipv4/ipt_esp.h
  INSTALL include/linux/netfilter_ipv4/ipt_hashlimit.h
  INSTALL include/linux/netfilter_ipv4/ipt_helper.h
  INSTALL include/linux/netfilter_ipv4/ipt_iprange.h
  INSTALL include/linux/netfilter_ipv4/ipt_length.h
  INSTALL include/linux/netfilter_ipv4/ipt_limit.h
  INSTALL include/linux/netfilter_ipv4/ipt_mac.h
  INSTALL include/linux/netfilter_ipv4/ipt_mark.h
  INSTALL include/linux/netfilter_ipv4/ipt_multiport.h
  INSTALL include/linux/netfilter_ipv4/ipt_owner.h
  INSTALL include/linux/netfilter_ipv4/ipt_physdev.h
  INSTALL include/linux/netfilter_ipv4/ipt_pkttype.h
  INSTALL include/linux/netfilter_ipv4/ipt_policy.h
  INSTALL include/linux/netfilter_ipv4/ipt_realm.h
  INSTALL include/linux/netfilter_ipv4/ipt_recent.h
  INSTALL include/linux/netfilter_ipv4/ipt_sctp.h
  INSTALL include/linux/netfilter_ipv4/ipt_state.h
  INSTALL include/linux/netfilter_ipv4/ipt_string.h
  INSTALL include/linux/netfilter_ipv4/ipt_tcpmss.h
  INSTALL include/linux/netfilter_ipv4/ipt_tos.h
  INSTALL include/linux/netfilter_ipv4/ipt_ttl.h
  UNIFDEF include/linux/netfilter_ipv4/ip_queue.h
  UNIFDEF include/linux/netfilter_ipv4/ip_tables.h
  MKDIR   include/linux/netfilter_ipv6
  INSTALL include/linux/netfilter_ipv6/ip6t_HL.h
  INSTALL include/linux/netfilter_ipv6/ip6t_LOG.h
  INSTALL include/linux/netfilter_ipv6/ip6t_MARK.h
  INSTALL include/linux/netfilter_ipv6/ip6t_REJECT.h
  INSTALL include/linux/netfilter_ipv6/ip6t_ah.h
  INSTALL include/linux/netfilter_ipv6/ip6t_esp.h
  INSTALL include/linux/netfilter_ipv6/ip6t_frag.h
  INSTALL include/linux/netfilter_ipv6/ip6t_hl.h
  INSTALL include/linux/netfilter_ipv6/ip6t_ipv6header.h
  INSTALL include/linux/netfilter_ipv6/ip6t_length.h
  INSTALL include/linux/netfilter_ipv6/ip6t_limit.h
  INSTALL include/linux/netfilter_ipv6/ip6t_mac.h
  INSTALL include/linux/netfilter_ipv6/ip6t_mark.h
  INSTALL include/linux/netfilter_ipv6/ip6t_multiport.h
  INSTALL include/linux/netfilter_ipv6/ip6t_opts.h
  INSTALL include/linux/netfilter_ipv6/ip6t_owner.h
  INSTALL include/linux/netfilter_ipv6/ip6t_physdev.h
  INSTALL include/linux/netfilter_ipv6/ip6t_policy.h
  INSTALL include/linux/netfilter_ipv6/ip6t_rt.h
  UNIFDEF include/linux/netfilter_ipv6/ip6_tables.h
  MKDIR   include/linux/nfsd
  UNIFDEF include/linux/nfsd/auth.h
  UNIFDEF include/linux/nfsd/const.h
  UNIFDEF include/linux/nfsd/debug.h
  UNIFDEF include/linux/nfsd/export.h
  UNIFDEF include/linux/nfsd/nfsfh.h
  UNIFDEF include/linux/nfsd/stats.h
  UNIFDEF include/linux/nfsd/syscall.h
  MKDIR   include/linux/raid
  INSTALL include/linux/raid/md_p.h
  INSTALL include/linux/raid/md_u.h
  MKDIR   include/linux/spi
  INSTALL include/linux/spi/spidev.h
  MKDIR   include/linux/sunrpc
  UNIFDEF include/linux/sunrpc/debug.h
  MKDIR   include/linux/tc_act
  INSTALL include/linux/tc_act/tc_gact.h
  INSTALL include/linux/tc_act/tc_ipt.h
  INSTALL include/linux/tc_act/tc_mirred.h
  INSTALL include/linux/tc_act/tc_pedit.h
  MKDIR   include/linux/tc_ematch
  INSTALL include/linux/tc_ematch/tc_em_cmp.h
  INSTALL include/linux/tc_ematch/tc_em_meta.h
  INSTALL include/linux/tc_ematch/tc_em_nbyte.h
  INSTALL include/linux/tc_ematch/tc_em_text.h
  MKDIR   include/linux/usb
  UNIFDEF include/linux/usb/audio.h
  UNIFDEF include/linux/usb/cdc.h
  UNIFDEF include/linux/usb/ch9.h
  UNIFDEF include/linux/usb/gadgetfs.h
  UNIFDEF include/linux/usb/midi.h
  INSTALL include/linux/a.out.h
  INSTALL include/linux/affs_hardblocks.h
  INSTALL include/linux/aio_abi.h
  INSTALL include/linux/arcfb.h
  INSTALL include/linux/atm_eni.h
  INSTALL include/linux/atm_he.h
  INSTALL include/linux/atm_idt77105.h
  INSTALL include/linux/atm_nicstar.h
  INSTALL include/linux/atm_zatm.h
  INSTALL include/linux/atmapi.h
  INSTALL include/linux/atmbr2684.h
  INSTALL include/linux/atmclip.h
  INSTALL include/linux/atmioc.h
  INSTALL include/linux/atmlec.h
  INSTALL include/linux/atmmpc.h
  INSTALL include/linux/atmppp.h
  INSTALL include/linux/atmsap.h
  INSTALL include/linux/atmsvc.h
  INSTALL include/linux/auto_fs4.h
  INSTALL include/linux/auxvec.h
  INSTALL include/linux/ax25.h
  INSTALL include/linux/b1lli.h
  INSTALL include/linux/baycom.h
  INSTALL include/linux/bfs_fs.h
  INSTALL include/linux/blkpg.h
  INSTALL include/linux/bpqether.h
  INSTALL include/linux/cdk.h
  INSTALL include/linux/chio.h
  INSTALL include/linux/coda_psdev.h
  INSTALL include/linux/coff.h
  INSTALL include/linux/comstats.h
  INSTALL include/linux/consolemap.h
  INSTALL include/linux/const.h
  INSTALL include/linux/cycx_cfm.h
  INSTALL include/linux/dlm_device.h
  INSTALL include/linux/dm-ioctl.h
  INSTALL include/linux/dn.h
  INSTALL include/linux/dqblk_v1.h
  INSTALL include/linux/dqblk_v2.h
  INSTALL include/linux/dqblk_xfs.h
  INSTALL include/linux/efs_fs_sb.h
  INSTALL include/linux/elf-em.h
  INSTALL include/linux/elf-fdpic.h
  INSTALL include/linux/elf.h
  INSTALL include/linux/fadvise.h
  INSTALL include/linux/fd.h
  INSTALL include/linux/fdreg.h
  INSTALL include/linux/fib_rules.h
  INSTALL include/linux/firewire-cdev.h
  INSTALL include/linux/firewire-constants.h
  INSTALL include/linux/fuse.h
  INSTALL include/linux/gen_stats.h
  INSTALL include/linux/genetlink.h
  INSTALL include/linux/gigaset_dev.h
  INSTALL include/linux/hdsmart.h
  INSTALL include/linux/hysdn_if.h
  INSTALL include/linux/i2c-dev.h
  INSTALL include/linux/i8k.h
  INSTALL include/linux/if.h
  INSTALL include/linux/if_arcnet.h
  INSTALL include/linux/if_bonding.h
  INSTALL include/linux/if_cablemodem.h
  INSTALL include/linux/if_fc.h
  INSTALL include/linux/if_hippi.h
  INSTALL include/linux/if_infiniband.h
  INSTALL include/linux/if_packet.h
  INSTALL include/linux/if_plip.h
  INSTALL include/linux/if_ppp.h
  INSTALL include/linux/if_slip.h
  INSTALL include/linux/if_strip.h
  INSTALL include/linux/if_tunnel.h
  INSTALL include/linux/in6.h
  INSTALL include/linux/in_route.h
  INSTALL include/linux/ioctl.h
  INSTALL include/linux/ip_mp_alg.h
  INSTALL include/linux/ipmi_msgdefs.h
  INSTALL include/linux/ipsec.h
  INSTALL include/linux/ipx.h
  INSTALL include/linux/irda.h
  INSTALL include/linux/iso_fs.h
  INSTALL include/linux/ixjuser.h
  INSTALL include/linux/jffs2.h
  INSTALL include/linux/keyctl.h
  INSTALL include/linux/kvm.h
  INSTALL include/linux/limits.h
  INSTALL include/linux/lock_dlm_plock.h
  INSTALL include/linux/magic.h
  INSTALL include/linux/major.h
  INSTALL include/linux/matroxfb.h
  INSTALL include/linux/meye.h
  INSTALL include/linux/minix_fs.h
  INSTALL include/linux/mmtimer.h
  INSTALL include/linux/mqueue.h
  INSTALL include/linux/mtio.h
  INSTALL include/linux/ncp_no.h
  INSTALL include/linux/neighbour.h
  INSTALL include/linux/netfilter_arp.h
  INSTALL include/linux/netrom.h
  INSTALL include/linux/nfs2.h
  INSTALL include/linux/nfs4_mount.h
  INSTALL include/linux/nfs_mount.h
  INSTALL include/linux/nl80211.h
  INSTALL include/linux/oom.h
  INSTALL include/linux/param.h
  INSTALL include/linux/pci_regs.h
  INSTALL include/linux/pfkeyv2.h
  INSTALL include/linux/pg.h
  INSTALL include/linux/phantom.h
  INSTALL include/linux/pkt_cls.h
  INSTALL include/linux/pkt_sched.h
  INSTALL include/linux/posix_types.h
  INSTALL include/linux/ppdev.h
  INSTALL include/linux/prctl.h
  INSTALL include/linux/ps2esdi.h
  INSTALL include/linux/qnxtypes.h
  INSTALL include/linux/quotaio_v1.h
  INSTALL include/linux/quotaio_v2.h
  INSTALL include/linux/radeonfb.h
  INSTALL include/linux/raw.h
  INSTALL include/linux/resource.h
  INSTALL include/linux/rose.h
  INSTALL include/linux/serial_reg.h
  INSTALL include/linux/smbno.h
  INSTALL include/linux/snmp.h
  INSTALL include/linux/sockios.h
  INSTALL include/linux/som.h
  INSTALL include/linux/sound.h
  INSTALL include/linux/taskstats.h
  INSTALL include/linux/telephony.h
  INSTALL include/linux/termios.h
  INSTALL include/linux/ticable.h
  INSTALL include/linux/times.h
  INSTALL include/linux/tiocl.h
  INSTALL include/linux/tipc.h
  INSTALL include/linux/toshiba.h
  INSTALL include/linux/ultrasound.h
  INSTALL include/linux/un.h
  INSTALL include/linux/utime.h
  INSTALL include/linux/video_decoder.h
  INSTALL include/linux/video_encoder.h
  INSTALL include/linux/videotext.h
  INSTALL include/linux/vt.h
  INSTALL include/linux/x25.h
  UNIFDEF include/linux/acct.h
  UNIFDEF include/linux/adb.h
  UNIFDEF include/linux/adfs_fs.h
  UNIFDEF include/linux/agpgart.h
  UNIFDEF include/linux/apm_bios.h
  UNIFDEF include/linux/atalk.h
  UNIFDEF include/linux/atm.h
  UNIFDEF include/linux/atm_tcp.h
  UNIFDEF include/linux/atmarp.h
  UNIFDEF include/linux/atmdev.h
  UNIFDEF include/linux/audit.h
  UNIFDEF include/linux/auto_fs.h
  UNIFDEF include/linux/binfmts.h
  UNIFDEF include/linux/capability.h
  UNIFDEF include/linux/capi.h
  UNIFDEF include/linux/cciss_ioctl.h
  UNIFDEF include/linux/cdrom.h
  UNIFDEF include/linux/cm4000_cs.h
  UNIFDEF include/linux/cn_proc.h
  UNIFDEF include/linux/coda.h
  UNIFDEF include/linux/connector.h
  UNIFDEF include/linux/cramfs_fs.h
  UNIFDEF include/linux/cuda.h
  UNIFDEF include/linux/cyclades.h
  UNIFDEF include/linux/dccp.h
  UNIFDEF include/linux/dirent.h
  UNIFDEF include/linux/dlm.h
  UNIFDEF include/linux/elfcore.h
  UNIFDEF include/linux/errno.h
  UNIFDEF include/linux/errqueue.h
  UNIFDEF include/linux/ethtool.h
  UNIFDEF include/linux/eventpoll.h
  UNIFDEF include/linux/ext2_fs.h
  UNIFDEF include/linux/ext3_fs.h
  UNIFDEF include/linux/fb.h
  UNIFDEF include/linux/fcntl.h
  UNIFDEF include/linux/filter.h
  UNIFDEF include/linux/flat.h
  UNIFDEF include/linux/fs.h
  UNIFDEF include/linux/futex.h
  UNIFDEF include/linux/gameport.h
  UNIFDEF include/linux/generic_serial.h
  UNIFDEF include/linux/genhd.h
  UNIFDEF include/linux/gfs2_ondisk.h
  UNIFDEF include/linux/hayesesp.h
  UNIFDEF include/linux/hdlc.h
  UNIFDEF include/linux/hdlcdrv.h
  UNIFDEF include/linux/hdreg.h
  UNIFDEF include/linux/hiddev.h
  UNIFDEF include/linux/hpet.h
  UNIFDEF include/linux/i2c.h
  UNIFDEF include/linux/i2o-dev.h
  UNIFDEF include/linux/icmp.h
  UNIFDEF include/linux/icmpv6.h
  UNIFDEF include/linux/if_addr.h
  UNIFDEF include/linux/if_arp.h
  UNIFDEF include/linux/if_bridge.h
  UNIFDEF include/linux/if_ec.h
  UNIFDEF include/linux/if_eql.h
  UNIFDEF include/linux/if_ether.h
  UNIFDEF include/linux/if_fddi.h
  UNIFDEF include/linux/if_frad.h
  UNIFDEF include/linux/if_link.h
  UNIFDEF include/linux/if_ltalk.h
  UNIFDEF include/linux/if_pppol2tp.h
  UNIFDEF include/linux/if_pppox.h
  UNIFDEF include/linux/if_shaper.h
  UNIFDEF include/linux/if_tr.h
  UNIFDEF include/linux/if_tun.h
  UNIFDEF include/linux/if_vlan.h
  UNIFDEF include/linux/if_wanpipe.h
  UNIFDEF include/linux/igmp.h
  UNIFDEF include/linux/in.h
  UNIFDEF include/linux/inet_diag.h
  UNIFDEF include/linux/inotify.h
  UNIFDEF include/linux/input.h
  UNIFDEF include/linux/ip.h
  UNIFDEF include/linux/ip6_tunnel.h
  UNIFDEF include/linux/ipc.h
  UNIFDEF include/linux/ipmi.h
  UNIFDEF include/linux/ipv6.h
  UNIFDEF include/linux/ipv6_route.h
  UNIFDEF include/linux/isdn.h
  UNIFDEF include/linux/isdn_divertif.h
  UNIFDEF include/linux/isdn_ppp.h
  UNIFDEF include/linux/isdnif.h
  UNIFDEF include/linux/isicom.h
  UNIFDEF include/linux/jbd.h
  UNIFDEF include/linux/joystick.h
  UNIFDEF include/linux/kd.h
  UNIFDEF include/linux/kdev_t.h
  UNIFDEF include/linux/kernel.h
  UNIFDEF include/linux/kernelcapi.h
  UNIFDEF include/linux/keyboard.h
  UNIFDEF include/linux/llc.h
  UNIFDEF include/linux/loop.h
  UNIFDEF include/linux/lp.h
  UNIFDEF include/linux/mempolicy.h
  UNIFDEF include/linux/mii.h
  UNIFDEF include/linux/mman.h
  UNIFDEF include/linux/mroute.h
  UNIFDEF include/linux/mroute6.h
  UNIFDEF include/linux/msdos_fs.h
  UNIFDEF include/linux/msg.h
  UNIFDEF include/linux/n_r3964.h
  UNIFDEF include/linux/nbd.h
  UNIFDEF include/linux/ncp.h
  UNIFDEF include/linux/ncp_fs.h
  UNIFDEF include/linux/ncp_mount.h
  UNIFDEF include/linux/net.h
  UNIFDEF include/linux/netdevice.h
  UNIFDEF include/linux/netfilter.h
  UNIFDEF include/linux/netfilter_bridge.h
  UNIFDEF include/linux/netfilter_decnet.h
  UNIFDEF include/linux/netfilter_ipv4.h
  UNIFDEF include/linux/netfilter_ipv6.h
  UNIFDEF include/linux/netlink.h
  UNIFDEF include/linux/nfs.h
  UNIFDEF include/linux/nfs3.h
  UNIFDEF include/linux/nfs4.h
  UNIFDEF include/linux/nfs_fs.h
  UNIFDEF include/linux/nfs_idmap.h
  UNIFDEF include/linux/nfsacl.h
  UNIFDEF include/linux/nubus.h
  UNIFDEF include/linux/nvram.h
  UNIFDEF include/linux/parport.h
  UNIFDEF include/linux/patchkey.h
  UNIFDEF include/linux/pci.h
  UNIFDEF include/linux/personality.h
  UNIFDEF include/linux/pktcdvd.h
  UNIFDEF include/linux/pmu.h
  UNIFDEF include/linux/poll.h
  UNIFDEF include/linux/ppp-comp.h
  UNIFDEF include/linux/ppp_defs.h
  UNIFDEF include/linux/ptrace.h
  UNIFDEF include/linux/qnx4_fs.h
  UNIFDEF include/linux/quota.h
  UNIFDEF include/linux/random.h
  UNIFDEF include/linux/reboot.h
  UNIFDEF include/linux/reiserfs_fs.h
  UNIFDEF include/linux/reiserfs_xattr.h
  UNIFDEF include/linux/romfs_fs.h
  UNIFDEF include/linux/route.h
  UNIFDEF include/linux/rtc.h
  UNIFDEF include/linux/rtnetlink.h
  UNIFDEF include/linux/scc.h
  UNIFDEF include/linux/sched.h
  UNIFDEF include/linux/sdla.h
  UNIFDEF include/linux/selinux_netlink.h
  UNIFDEF include/linux/sem.h
  UNIFDEF include/linux/serial.h
  UNIFDEF include/linux/serial_core.h
  UNIFDEF include/linux/serio.h
  UNIFDEF include/linux/shm.h
  UNIFDEF include/linux/signal.h
  UNIFDEF include/linux/signalfd.h
  UNIFDEF include/linux/smb.h
  UNIFDEF include/linux/smb_fs.h
  UNIFDEF include/linux/smb_mount.h
  UNIFDEF include/linux/socket.h
  UNIFDEF include/linux/sonet.h
  UNIFDEF include/linux/sonypi.h
  UNIFDEF include/linux/soundcard.h
  UNIFDEF include/linux/stat.h
  UNIFDEF include/linux/stddef.h
  UNIFDEF include/linux/synclink.h
  UNIFDEF include/linux/sysctl.h
  UNIFDEF include/linux/tcp.h
  UNIFDEF include/linux/time.h
  UNIFDEF include/linux/timex.h
  UNIFDEF include/linux/tty.h
  UNIFDEF include/linux/types.h
  UNIFDEF include/linux/udf_fs_i.h
  UNIFDEF include/linux/udp.h
  UNIFDEF include/linux/ufs_fs.h
  UNIFDEF include/linux/uinput.h
  UNIFDEF include/linux/uio.h
  UNIFDEF include/linux/unistd.h
  UNIFDEF include/linux/usbdevice_fs.h
  UNIFDEF include/linux/user.h
  UNIFDEF include/linux/utsname.h
  UNIFDEF include/linux/videodev.h
  UNIFDEF include/linux/videodev2.h
  UNIFDEF include/linux/wait.h
  UNIFDEF include/linux/wanrouter.h
  UNIFDEF include/linux/watchdog.h
  UNIFDEF include/linux/wireless.h
  UNIFDEF include/linux/xattr.h
  UNIFDEF include/linux/xfrm.h
  INSTALL include/linux/version.h
  MKDIR   include/mtd
  INSTALL include/mtd/inftl-user.h
  INSTALL include/mtd/jffs2-user.h
  INSTALL include/mtd/mtd-abi.h
  INSTALL include/mtd/mtd-user.h
  INSTALL include/mtd/nftl-user.h
  INSTALL include/mtd/ubi-header.h
  INSTALL include/mtd/ubi-user.h
  MKDIR   include/rdma
  INSTALL include/rdma/ib_user_mad.h
  MKDIR   include/scsi
  INSTALL include/scsi/scsi.h
  UNIFDEF include/scsi/scsi_ioctl.h
  UNIFDEF include/scsi/sg.h
  MKDIR   include/sound
  INSTALL include/sound/asound_fm.h
  INSTALL include/sound/hdsp.h
  INSTALL include/sound/hdspm.h
  INSTALL include/sound/sfnt_info.h
  INSTALL include/sound/sscape_ioctl.h
  UNIFDEF include/sound/asequencer.h
  UNIFDEF include/sound/asound.h
  UNIFDEF include/sound/emu10k1.h
  UNIFDEF include/sound/sb16_csp.h
  MKDIR   include/video
  UNIFDEF include/video/sisfb.h
make[4]: Leaving directory '/home/jamie/asuswrt-merlin/release/src-rt/linux/linux-2.6'
make -C /home/jamie/asuswrt-merlin/release/src-rt-6.x/linux/linux-2.6 prepare scripts
make[4]: Entering directory '/home/jamie/asuswrt-merlin/release/src-rt/linux/linux-2.6'
scripts/kconfig/conf -s arch/mips/Kconfig
  CHK     include/linux/version.h
  CHK     include/linux/utsrelease.h
  CC      arch/mips/kernel/asm-offsets.s
  GEN     include/asm-mips/asm-offsets.h
  CALL    scripts/checksyscalls.sh
  CC      scripts/mod/empty.o
  HOSTCC  scripts/mod/mk_elfconfig
  MKELF   scripts/mod/elfconfig.h
  HOSTCC  scripts/mod/file2alias.o
  HOSTCC  scripts/mod/modpost.o
  HOSTCC  scripts/mod/sumversion.o
  HOSTLD  scripts/mod/modpost
  HOSTCC  scripts/kallsyms
scripts/kallsyms.c: In function ‘read_symbol’:
scripts/kallsyms.c:83:25: warning: ignoring return value of ‘fgets’ declared with attribute ‘warn_unused_result’ [-Wunused-result]
   83 |                         fgets(str, 500, in);
      |                         ^~~~~~~~~~~~~~~~~~~
  HOSTCC  scripts/bin2c
make[4]: Leaving directory '/home/jamie/asuswrt-merlin/release/src-rt/linux/linux-2.6'
find /home/jamie/asuswrt-merlin/release/src-rt-6.x/linux/linux-2.6/include -name autoconf.h -exec cp {} kernel_header/include/linux/ \;
cp /home/jamie/asuswrt-merlin/release/src-rt-6.x/linux/linux-2.6/Makefile kernel_header/
echo "\033[41;1m   kernel   \033[0m"
[41;1m   kernel   [0m
# Broadcrom MIPS SoC
make[4]: Entering directory '/home/jamie/asuswrt-merlin/release/src-rt/linux/linux-2.6'
  CHK     include/linux/version.h
  CHK     include/linux/utsrelease.h
  CC      arch/mips/kernel/asm-offsets.s
  CC      scripts/mod/empty.o
  MKELF   scripts/mod/elfconfig.h
  HOSTCC  scripts/mod/file2alias.o
  HOSTCC  scripts/mod/modpost.o
  HOSTCC  scripts/mod/sumversion.o
  GEN     include/asm-mips/asm-offsets.h
  CALL    scripts/checksyscalls.sh
  HOSTLD  scripts/mod/modpost
  CC      init/main.o
  CHK     include/linux/compile.h
  CC      init/do_mounts.o
  CC      init/noinitramfs.o
  CC      init/calibrate.o
  LD      usr/built-in.o
  AS      arch/mips/brcm-boards/generic/int-handler.o
  CC      arch/mips/brcm-boards/bcm947xx/../../../../../../../src-rt-6.x/shared/hndmips.o
  CC      arch/mips/brcm-boards/bcm947xx/../../../../../../../src-rt-6.x/shared/hndchipc.o
  CC      arch/mips/brcm-boards/bcm947xx/../../../../../../../src-rt-6.x/shared/linux_gpio.o
  CC      arch/mips/brcm-boards/bcm947xx/../../../../../../../src-rt-6.x/shared/hndsflash.o
  CC      arch/mips/brcm-boards/bcm947xx/../../../../../../../src-rt-6.x/shared/ccsflash.o
  CC      arch/mips/brcm-boards/bcm947xx/../../../../../../../src-rt-6.x/shared/nvram.o
  CC      arch/mips/kernel/cpu-probe.o
  CC      arch/mips/kernel/branch.o
  CC      arch/mips/brcm-boards/bcm947xx/../../../../../../../src-rt-6.x/shared/hndpci.o
  AS      arch/mips/kernel/entry.o
  CC      arch/mips/brcm-boards/bcm947xx/pcibios.o
  UPD     include/linux/compile.h
  CC      arch/mips/mm/cache.o
  CC      arch/mips/math-emu/cp1emu.o
  CC      arch/mips/mm/dma-default.o
  LD      arch/mips/brcm-boards/generic/built-in.o
  CC      arch/mips/brcm-boards/bcm947xx/../../../../../../../src-rt-6.x/shared/hndnand.o
  CC      init/version.o
arch/mips/math-emu/cp1emu.c: In function 'cop1Emulate':
arch/mips/math-emu/cp1emu.c:217: warning: initialization makes pointer from integer without a cast
  AS      arch/mips/kernel/genex.o
arch/mips/math-emu/cp1emu.c:478: warning: initialization makes pointer from integer without a cast
arch/mips/math-emu/cp1emu.c: In function 'fpu_emulator_cop1Handler':
arch/mips/math-emu/cp1emu.c:1320: warning: initialization makes pointer from integer without a cast
  CC      arch/mips/kernel/irq.o
  CC      arch/mips/kernel/process.o
  CC      arch/mips/mm/extable.o
  CC      arch/mips/mm/fault.o
  CC      arch/mips/mm/init.o
  CC      arch/mips/kernel/ptrace.o
  CC      arch/mips/mm/pgtable.o
  CC      arch/mips/brcm-boards/bcm947xx/../../../../../../../src-rt-6.x/shared/nflash.o
  CC      arch/mips/brcm-boards/bcm947xx/setup.o
  CC      arch/mips/brcm-boards/bcm947xx/prom.o
  LD      init/mounts.o
  CC      arch/mips/brcm-boards/bcm947xx/time.o
  CC      arch/mips/mm/tlbex.o
  CC      arch/mips/brcm-boards/bcm947xx/irq.o
  CC      arch/mips/kernel/reset.o
arch/mips/mm/init.c:65: warning: function declaration isn't a prototype
  CC      arch/mips/brcm-boards/bcm947xx/perfcntr.o
  CC      arch/mips/kernel/semaphore.o
  AS      arch/mips/mm/tlbex-fault.o
  CC      arch/mips/mm/ioremap.o
  CC      kernel/sched.o
  CC      arch/mips/mm/pgtable-32.o
  CC      arch/mips/kernel/setup.o
  CC      arch/mips/mm/highmem.o
  CC      arch/mips/mm/c-r4k.o
  CC      kernel/fork.o
  CC      arch/mips/kernel/signal.o
arch/mips/mm/ioremap.c: In function '__ioremap':arch/mips/brcm-boards/bcm947xx/irq.c: In function 'plat_irq_dispatch':
arch/mips/mm/ioremap.c:168: warning: implicit declaration of function 'kmap_atomic_pfn_prot'

arch/mips/brcm-boards/bcm947xx/irq.c:259: warning: implicit declaration of function '__do_softirq'
  CC      arch/mips/math-emu/ieee754m.o
  CC      kernel/exec_domain.o
  AS      arch/mips/mm/cex-gen.o
  CC      arch/mips/math-emu/ieee754d.o
  CC      arch/mips/math-emu/ieee754dp.o
arch/mips/mm/c-r4k.c: In function 'r4k_probe_cache':  CC      arch/mips/kernel/syscall.o

arch/mips/mm/c-r4k.c:1000: warning: unused variable 'dcache_size'
arch/mips/mm/c-r4k.c: In function 'r4k_cache_init':
arch/mips/mm/c-r4k.c:1259: warning: unused variable 'c'
  CC      arch/mips/mm/pg-r4k.o
  CC      arch/mips/kernel/time.o
  CC      arch/mips/kernel/topology.o
  CC      arch/mips/mm/tlb-r4k.o
  CC      arch/mips/kernel/traps.o
  LD      init/built-in.o
  CC      arch/mips/math-emu/ieee754sp.o
  CC      arch/mips/math-emu/ieee754.o
  CC      arch/mips/kernel/unaligned.o
  CC      arch/mips/kernel/vdso.o
  CC      arch/mips/math-emu/ieee754xcpt.o
  CC      kernel/panic.o
  CC      arch/mips/math-emu/dp_frexp.o
  CC      arch/mips/math-emu/dp_modf.o
arch/mips/kernel/unaligned.c: In function 'do_ade':
arch/mips/kernel/unaligned.c:492: warning: 'newval' may be used uninitialized in this function
  CC      arch/mips/math-emu/dp_div.o
  CC      kernel/printk.o
  CC      arch/mips/math-emu/dp_mul.o
  CC      arch/mips/kernel/mips_ksyms.o
  CC      arch/mips/math-emu/dp_sub.o
  CC      arch/mips/kernel/module.o
  CC      kernel/profile.o
  CC      arch/mips/math-emu/dp_add.o
  CC      arch/mips/math-emu/dp_fsp.o
  AS      arch/mips/kernel/r4k_fpu.o
  CC      arch/mips/math-emu/dp_cmp.o
  CC      kernel/exit.o
  CC      arch/mips/math-emu/dp_logb.o
  AS      arch/mips/kernel/r4k_switch.o
  LD      arch/mips/brcm-boards/bcm947xx/bcm947xx.o
  CC      arch/mips/kernel/irq_cpu.o
  CC      arch/mips/math-emu/dp_scalb.o
  CC      arch/mips/math-emu/dp_simple.o
  AS      arch/mips/kernel/scall32-o32.o
  CC      arch/mips/math-emu/dp_tint.o
  CC      arch/mips/math-emu/dp_fint.o
  CC      arch/mips/math-emu/dp_tlong.o
  CC      arch/mips/math-emu/dp_flong.o
  CC      arch/mips/math-emu/sp_frexp.o
  CC      arch/mips/math-emu/sp_modf.o
  CC      kernel/itimer.o
  CC      mm/bootmem.o
  CC      arch/mips/math-emu/sp_div.o
  LD      arch/mips/mm/built-in.o
  CC      arch/mips/math-emu/sp_mul.o
  CC      kernel/time.o
  CC      arch/mips/math-emu/sp_sub.o
  CC      kernel/softirq.o
  CC      arch/mips/math-emu/sp_add.o
  CC      kernel/resource.o
  CC      kernel/sysctl.o
  CC      arch/mips/math-emu/sp_fdp.o
  CC      arch/mips/kernel/proc.o
  AS      arch/mips/kernel/head.o
  CC      mm/filemap.o
  CC      arch/mips/kernel/init_task.o
  CC      arch/mips/math-emu/sp_cmp.o
  LDS     arch/mips/kernel/vmlinux.lds
  CC      arch/mips/math-emu/sp_logb.o
  CC      arch/mips/math-emu/sp_scalb.o
  CC      kernel/capability.o
  CC      arch/mips/math-emu/sp_simple.o
  CC      arch/mips/math-emu/sp_tint.o
  LD      arch/mips/brcm-boards/bcm947xx/built-in.o
  CC      kernel/ptrace.o
  CC      arch/mips/math-emu/sp_fint.o
  LD      arch/mips/kernel/built-in.o
  CC      mm/mempool.o
  CC      kernel/timer.o
  CC      kernel/user.o
  CC      arch/mips/math-emu/sp_flong.o
  CC      arch/mips/math-emu/sp_tlong.o
  CC      arch/mips/math-emu/dp_sqrt.o
  CC      arch/mips/math-emu/sp_sqrt.o
  CC      arch/mips/math-emu/kernel_linkage.o
  CC      arch/mips/math-emu/dsemul.o
  CC      kernel/signal.o
  CC      fs/open.o
  CC      fs/read_write.o
  CC      kernel/sys.o
  CC      kernel/kmod.o
  CC      kernel/workqueue.o
  CC      ipc/util.o
  CC      ipc/msgutil.o
  CC      ipc/msg.o
  CC      kernel/pid.o
  CC      security/commoncap.o
  CC      mm/oom_kill.o
  LD      arch/mips/math-emu/built-in.o
  CC      kernel/rcupdate.o
  CC      ipc/sem.o
mm/oom_kill.c: In function 'badness':
mm/oom_kill.c:161: warning: format '%d' expects type 'int', but argument 4 has type 'long unsigned int'
kernel/sys.c: In function 'sys_getcpu':
kernel/sys.c:2272: warning: 't0' may be used uninitialized in this function
kernel/sys.c:2272: warning: 't1' may be used uninitialized in this function
  CC      crypto/api.o
  CC      kernel/extable.o
  CC      block/elevator.o
  CC      mm/fadvise.o
  LD      drivers/auxdisplay/built-in.o
  CC      fs/file_table.o
  CC      drivers/base/core.o
  CC      kernel/params.o
ipc/msg.c: In function 'sys_msgctl':
ipc/msg.c:390: warning: 'setbuf.qbytes' may be used uninitialized in this function
ipc/msg.c:390: warning: 'setbuf.uid' may be used uninitialized in this function
ipc/msg.c:390: warning: 'setbuf.gid' may be used uninitialized in this function
ipc/msg.c:390: warning: 'setbuf.mode' may be used uninitialized in this function
  LD      drivers/block/built-in.o
  CC      kernel/posix-timers.o
drivers/base/core.c: In function 'device_add':
drivers/base/core.c:716: warning: ignoring return value of 'sysfs_create_link', declared with attribute warn_unused_result
drivers/base/core.c:721: warning: ignoring return value of 'sysfs_create_link', declared with attribute warn_unused_result
drivers/base/core.c:724: warning: ignoring return value of 'sysfs_create_link', declared with attribute warn_unused_result
drivers/base/core.c:730: warning: ignoring return value of 'sysfs_create_link', declared with attribute warn_unused_result
drivers/base/core.c: In function 'device_rename':
drivers/base/core.c:1189: warning: ignoring return value of 'sysfs_create_link', declared with attribute warn_unused_result
drivers/base/core.c:1199: warning: ignoring return value of 'sysfs_create_link', declared with attribute warn_unused_result
  CC      kernel/kthread.o
  CC      block/ll_rw_blk.o
  LD      security/built-in.o
  CC      fs/super.o
  CC      fs/char_dev.o
  CC      fs/stat.o
  CC      mm/page_alloc.o
  CC      fs/exec.o
  LD      sound/built-in.o
ipc/sem.c: In function 'sys_semctl':
ipc/sem.c:861: warning: 'setbuf.uid' may be used uninitialized in this function
ipc/sem.c:861: note: 'setbuf.uid' was declared here
ipc/sem.c:861: warning: 'setbuf.gid' may be used uninitialized in this function
ipc/sem.c:861: note: 'setbuf.gid' was declared here
ipc/sem.c:861: warning: 'setbuf.mode' may be used uninitialized in this function
ipc/sem.c:861: note: 'setbuf.mode' was declared here
  LD      sound/arm/built-in.o
  CC      kernel/wait.o
  CC      crypto/scatterwalk.o
  LD      sound/core/oss/built-in.o
  CC      fs/pipe.o
  CC      ipc/shm.o
  CC      fs/namei.o
  LD      sound/core/seq/built-in.o
  CC      drivers/base/sys.o
  LD      drivers/bluetooth/built-in.o
  LD      sound/core/seq/instr/built-in.o
  CC      fs/fcntl.o
  CC      fs/ioctl.o
  CC      kernel/kfifo.o
  CC      kernel/sys_ni.o
  CC      arch/mips/pci/pci.o
  CC      crypto/cipher.o
  CC      arch/mips/pci/pci-dac.o
  CC      crypto/digest.o
  LD      drivers/cdrom/built-in.o
  CC      kernel/posix-cpu-timers.o
  CC      kernel/mutex.o
  CC      kernel/hrtimer.o
  CC      net/socket.o
  LD      sound/core/built-in.o
  CC      net/802/sysctl_net_802.o
include/linux/mutex.h:123: warning: 'mutex_lock' declared inline after being called
include/linux/mutex.h:123: warning: previous declaration of 'mutex_lock' was here
  CC      net/802/p8022.o
  CC      crypto/compress.o
  CC      ipc/ipc_sysctl.o
  CC      net/802/psnap.o
  CC      drivers/base/bus.o
  LD      arch/mips/pci/built-in.o
  CC      crypto/algapi.o
  CC      fs/readdir.o
  CC      fs/select.o
  CC      crypto/proc.o
  CC      kernel/rwsem.o
  CC      drivers/base/dd.o
  CC      mm/page-writeback.o
  CC      lib/div64.o
  LD      ipc/built-in.o
  CC      crypto/hash.o
  CC      lib/sort.o
  LD      net/802/built-in.o
  CC      arch/mips/lib/iomap.o
  CC      arch/mips/lib/iomap-pci.o
  CC      lib/parser.o
  CC      crypto/blkcipher.o
  CC      drivers/base/driver.o
  CC      drivers/base/class.o
  CC      arch/mips/lib/ashldi3.o
  CC      drivers/base/platform.o
  LD      sound/drivers/built-in.o
  CC      lib/halfmd4.o
  LD      sound/drivers/mpu401/built-in.o
  CC      kernel/latency.o
  CC      arch/mips/lib/ashrdi3.o
  CC      kernel/nsproxy.o
  CC      lib/debug_locks.o
  CC      kernel/srcu.o
  CC      block/ioctl.o
  CC      block/genhd.o
  CC      crypto/cryptomgr.o
  CC      arch/mips/lib/lshrdi3.o
  CC      arch/mips/lib/ucmpdi2.o
  AS      arch/mips/lib/csum_partial.o
  CC      arch/mips/lib/delay.o
  CC      lib/random32.o
  CC      net/8021q/vlan.o
  CC      arch/mips/lib/memcmp.o
  CC      net/8021q/vlan_dev.o
  LD      net/bluetooth/built-in.o
  LD      net/bluetooth/bnep/built-in.o
  LD      net/bluetooth/hidp/built-in.o
  CC      net/bridge/br.o
  CC      kernel/die_notifier.o
  LD      net/bluetooth/rfcomm/built-in.o
  CC      drivers/base/cpu.o
  CC      net/bridge/br_device.o
  AS      arch/mips/lib/memcpy-inatomic.o
  CC      net/bridge/br_fdb.o
  CC      mm/pdflush.o
  LD      sound/drivers/opl3/built-in.o
  CC      lib/bust_spinlocks.o
  CC      crypto/hmac.o
  AS      arch/mips/lib/memcpy.o
  CC      kernel/irq/handle.o
  AS      arch/mips/lib/memset.o
  AS      arch/mips/lib/strlen_user.o
  CC      drivers/base/firmware.o
  CC      net/bridge/br_forward.o
  AS      arch/mips/lib/strncpy_user.o
  AS      arch/mips/lib/strnlen_user.o
  CC      net/bridge/br_if.o
  CC      arch/mips/lib/uncached.o
  LD      arch/mips/lib/built-in.o
  CC      net/bridge/br_input.o
  CC      lib/hexdump.o
  AR      arch/mips/lib/lib.a
  CC      net/8021q/vlanproc.o
  CC      mm/readahead.o
  CC      fs/fifo.o
  CC      fs/locks.o
  CC      net/bridge/br_ioctl.o
  CC      drivers/base/init.o
  CC      block/scsi_ioctl.o
  CC      crypto/sha1.o
  LD      sound/drivers/opl4/built-in.o
  CC      crypto/ecb.o
  CC      kernel/irq/manage.o
  CC      kernel/irq/spurious.o
  CC      lib/iomap_copy.o
  CC      fs/dcache.o
  CC      drivers/base/map.o
  CC      net/bridge/br_notify.o
  CC      crypto/cbc.o
  CC      block/noop-iosched.o
  CC      net/bridge/br_stp.o
  CC      lib/devres.o
  CC      mm/swap.o
  CC      kernel/irq/resend.o
  CC      mm/truncate.o
  CC      lib/hweight.o
  CC      net/bridge/br_stp_bpdu.o
  LD      net/8021q/8021q.o
  CC      net/bridge/br_stp_if.o
  CC      drivers/base/devres.o
  LD      sound/drivers/vx/built-in.o
  CC      net/bridge/br_stp_timer.o
  CC      kernel/irq/chip.o
  CC      lib/plist.o
  CC      lib/bitrev.o
  CC      arch/mips/lib-32/dump_tlb.o
  CC      net/bridge/br_netlink.o
  CC      crypto/arc4.o
  LD      block/built-in.o
  AS      arch/mips/lib-32/watch.o
  CC      lib/crc-ccitt.o
  HOSTCC  lib/gen_crc32table
  CC      fs/inode.o
  CC      lib/textsearch.o
  LD      sound/i2c/built-in.o
  LD      crypto/crypto_algapi.o
  LD      crypto/crypto_hash.o
  CC      drivers/base/attribute_container.o
  LD      sound/isa/built-in.o
  CC      mm/vmscan.o
  LD      sound/i2c/other/built-in.o
  LD      sound/isa/ad1816a/built-in.o
  LD      sound/isa/ad1848/built-in.o
  LD      sound/isa/cs423x/built-in.o
  CC      kernel/irq/devres.o
  AR      arch/mips/lib-32/lib.a
  CC      kernel/irq/autoprobe.o
  LD      net/8021q/built-in.o
  CC      kernel/irq/proc.o
  CC      net/bridge/br_sysfs_if.o
  CC      drivers/base/transport_class.o
  CC      drivers/base/power/shutdown.o
  CC      lib/ts_kmp.o
  LD      sound/parisc/built-in.o
  LD      sound/isa/es1688/built-in.o
  CC      net/core/sock.o
  CC      net/ethernet/eth.o
  LD      sound/mips/built-in.o
  LD      drivers/base/power/built-in.o
  LD      kernel/irq/built-in.o
  CC      net/core/request_sock.o
  CC      net/core/skbuff.o
  CC      mm/prio_tree.o
  LD      sound/isa/gus/built-in.o
  LD      arch/mips/lib-32/built-in.o
  LD      sound/isa/opti9xx/built-in.o
  CC      net/bridge/br_sysfs_br.o
  CC      fs/attr.o
  CC      mm/util.o
  LD      sound/pci/built-in.o
  LD      crypto/built-in.o
  LD      sound/isa/sb/built-in.o
  CC      net/core/iovec.o
  CC      fs/bad_inode.o
  CC      lib/ts_bm.o
  CC      fs/file.o
  LD      net/ethernet/built-in.o
  CC      mm/mmzone.o
  CC      fs/filesystems.o
  LD      sound/isa/wavefront/built-in.o
  LD      sound/pci/ac97/built-in.o
  CC      net/core/datagram.o
  LD      sound/pci/ali5451/built-in.o
  CC      fs/namespace.o
  CC      fs/aio.o
  CC      lib/ts_fsm.o
  LD      sound/pci/au88x0/built-in.o
  CC      mm/vmstat.o
  CC      drivers/base/dma-mapping.o
  CC      kernel/time/timekeeping.o
  LD      net/bridge/netfilter/built-in.o
  CC      fs/seq_file.o
  CC      fs/xattr.o
  LD      sound/pcmcia/pdaudiocf/built-in.o
  CC      kernel/time/ntp.o
  CC      net/core/stream.o
  CC      fs/libfs.o
  LD      sound/pci/ca0106/built-in.o
  CC      drivers/base/dmapool.o
  CC      lib/bitmap.o
  LD      sound/pci/cs46xx/built-in.o
kernel/time/ntp.c: In function 'do_adjtimex':
kernel/time/ntp.c:307: warning: comparison of distinct pointer types lacks a cast
kernel/time/ntp.c:310: warning: comparison of distinct pointer types lacks a cast
  LD      net/bridge/bridge.o
  CC      fs/fs-writeback.o
  CC      net/ipv4/route.o
  CC      mm/backing-dev.o
  LD      sound/pcmcia/vx/built-in.o
  CC      fs/pnode.o
  CC      net/ipv4/inetpeer.o
  CC      net/core/scm.o
  CC      fs/drop_caches.o
  LD      sound/pci/cs5535audio/built-in.o
  CC      kernel/time/clocksource.o
  CC      mm/fremap.o
  CC      mm/highmem.o
  CC      fs/splice.o
  CC      net/core/gen_stats.o
  LD      sound/ppc/built-in.o
  CC      lib/cmdline.o
  CC      net/core/gen_estimator.o
  LD      drivers/base/built-in.o
  CC      net/core/sysctl_net_core.o
  LD      sound/pci/echoaudio/built-in.o
  CC      net/core/dev.o
  CC      net/core/ethtool.o
  CC      net/core/dev_mcast.o
  LD      net/bridge/built-in.o
  CC      lib/ctype.o
  CC      fs/sync.o
  CC      net/core/dst.o
  CC      lib/dec_and_lock.o
  CC      lib/dump_stack.o
  CC      kernel/time/jiffies.o
  CC      mm/madvise.o
  CC      mm/memory.o
  LD      sound/soc/built-in.o
  CC      net/core/netevent.o
  CC      net/core/neighbour.o
  CC      kernel/time/timer_list.o
  CC      net/core/rtnetlink.o
  CC      lib/extable.o
  CC      net/core/utils.o
  LD      sound/pci/emu10k1/built-in.o
  CC      lib/find_next_bit.o
  CC      fs/utimes.o
  CC      lib/idr.o
  CC      net/core/link_watch.o
  CC      net/core/filter.o
  CC      mm/mincore.o
  CC      lib/int_sqrt.o
  LD      kernel/time/built-in.o
  CC      drivers/char/mem.o
  CC      mm/mlock.o
  CC      lib/ioremap.o
  LD      sound/pci/hda/built-in.o
  LD      sound/pci/ice1712/built-in.o
  LD      sound/sparc/built-in.o
  CC      fs/stack.o
  CC      net/ipv6/af_inet6.o
  CC      net/ipv6/anycast.o
  CC      net/core/flow.o
  CC      fs/buffer.o
  CC      net/core/net-sysfs.o
  LD      sound/synth/built-in.o
  CC      net/core/fib_rules.o
  CC      lib/irq_regs.o
  CC      mm/mmap.o
  LD      sound/pci/korg1212/built-in.o
  LD      sound/usb/built-in.o
  LD      sound/pci/mixart/built-in.o
  CC      lib/klist.o
  LD      sound/usb/caiaq/built-in.o
  CC      kernel/futex.o
  LD      sound/synth/emux/built-in.o
  CC      lib/kobject.o
  CC      drivers/char/random.o
  CC      kernel/rtmutex.o
  CC      kernel/module.o
  CC      kernel/kallsyms.o
  GZIP    kernel/config_data.gz
  LD      sound/pci/nm256/built-in.o
  CC      kernel/ksysfs.o
  LD      sound/usb/usx2y/built-in.o
  CC      kernel/utsname_sysctl.o
  IKCFG   kernel/config_data.h
  CC      kernel/configs.o
  LD      sound/pci/pcxhr/built-in.o
  CC      net/ipv6/ip6_output.o
  CC      net/ipv6/ip6_input.o
  CC      net/ipv6/addrconf.o
  CC      net/ipv4/protocol.o
  CC      lib/kobject_uevent.o
  CC      lib/prio_tree.o
  CC      mm/mprotect.o
  CC      lib/radix-tree.o
  CC      mm/mremap.o
  LD      sound/pci/riptide/built-in.o
  LD      sound/pci/rme9652/built-in.o
  CC      lib/rbtree.o
  LD      sound/pci/trident/built-in.o
  CC      mm/msync.o
  CC      drivers/char/tty_io.o
  CC      mm/rmap.o
  LD      net/core/built-in.o
  CC      lib/reciprocal_div.o
  CC      lib/rwsem-spinlock.o
  CC      lib/sha1.o
  CC      lib/string.o
  CC      mm/vmalloc.o
  CC      net/ipv4/ip_input.o
  CC      lib/vsprintf.o
  CC      net/ipv4/ip_fragment.o
  LD      lib/zlib_deflate/built-in.o
  CC      mm/bounce.o
  LD      sound/pci/vx222/built-in.o
  LD      sound/pci/ymfpci/built-in.o
  CC      net/ipv6/route.o
  LD      lib/zlib_inflate/built-in.o
  CC      net/ipv4/ip_forward.o
  LD      net/key/built-in.o
  CC      fs/bio.o
  CC      net/ipv4/ip_options.o
  CC      mm/page_io.o
  CC      net/llc/llc_core.o
  CC      net/netfilter/core.o
  LD      kernel/built-in.o
  CC      mm/swap_state.o
  CC      net/ipv4/ip_output.o
  CC      mm/swapfile.o
  CC      net/netlink/af_netlink.o
  GEN     lib/crc32table.h
  AR      lib/lib.a
  CC      net/netlink/attr.o
  CC      fs/block_dev.o
  CC      net/packet/af_packet.o
  CC      net/llc/llc_input.o
  CC      net/netlink/genetlink.o
  CC      net/ipv4/ip_sockglue.o
  CC      net/ipv4/inet_hashtables.o
  CC      lib/crc32.o
  CC      net/netfilter/nf_log.o
  CC      net/netfilter/nf_queue.o
  CC      mm/thrash.o
  CC      fs/direct-io.o
  CC      mm/shmem.o
  LD      lib/built-in.o
  CC      net/llc/llc_output.o
  CC      net/ipv4/inet_timewait_sock.o
  CC      net/sched/sch_generic.o
  CC      net/ipv4/inet_connection_sock.o
  CC      net/netfilter/nf_sockopt.o
  LD      net/llc/llc.o
  CC      fs/mpage.o
  CC      net/netfilter/nf_conntrack_core.o
  CC      net/ipv4/tcp.o
  CC      net/netfilter/nf_conntrack_standalone.o
  CC      mm/shmem_acl.o
  LD      net/packet/built-in.o
  CC      drivers/char/n_tty.o
  CC      mm/slab.o
net/netfilter/nf_conntrack_core.c: In function 'ip_conntrack_ipct_add':
net/netfilter/nf_conntrack_core.c:486: warning: label 'ipcp_add' defined but not used
net/netfilter/nf_conntrack_core.c:448: warning: label 'ppp_tx_dev' defined but not used
  CC      net/ipv4/tcp_input.o
  CC      net/ipv4/tcp_output.o
  CC      net/sched/sch_api.o
  CC      net/netfilter/nf_conntrack_expect.o
  LD      net/netlink/built-in.o
  CC      fs/ioprio.o
  CC      net/ipv6/ip6_fib.o
mm/slab.c: In function 'kfree':
mm/slab.c:3763: warning: passing argument 2 of '__cache_free' discards qualifiers from pointer target type
  CC      net/ipv4/tcp_timer.o
  CC      net/ipv6/ipv6_sockglue.o
  CC      net/ipv6/ndisc.o
  CC      net/netfilter/nf_conntrack_helper.o
  CC      net/netfilter/nf_conntrack_proto.o
  CC      fs/inotify.o
  LD      net/llc/built-in.o
  LD      net/sunrpc/built-in.o
  LD      net/sunrpc/auth_gss/built-in.o
  CC      fs/inotify_user.o
  CC      net/netfilter/nf_conntrack_l3proto_generic.o
  CC      net/unix/af_unix.o
  CC      net/netfilter/nf_conntrack_proto_generic.o
  LD      net/wireless/built-in.o
  CC      net/ipv4/tcp_ipv4.o
  CC      net/unix/garbage.o
  CC      net/netfilter/nf_conntrack_proto_tcp.o
  CC      net/ipv4/tcp_minisocks.o
  CC      drivers/char/tty_ioctl.o
  CC      net/xfrm/xfrm_policy.o
  CC      net/sched/sch_blackhole.o
  CC      net/xfrm/xfrm_state.o
  CC      net/netfilter/nf_conntrack_proto_udp.o
  CC      net/sysctl_net.o
  CC      net/ipv6/udp.o
  CC      fs/eventpoll.o
  LD      mm/built-in.o
  CC      net/xfrm/xfrm_hash.o
  CC      net/ipv6/udplite.o
  CC      net/ipv4/tcp_cong.o
  CC      net/unix/sysctl_net_unix.o
  CC      net/sched/cls_api.o
  CC      net/sched/act_police.o
  CC      drivers/char/pty.o
  CC      net/xfrm/xfrm_input.o
  CC      net/ipv4/datagram.o
  CC      net/ipv4/raw.o
  CC      net/netfilter/nf_sysctl.o
  CC      net/ipv6/raw.o
  CC      net/ipv4/udp.o
  CC      net/ipv6/protocol.o
  CC      net/ipv6/icmp.o
  CC      net/netfilter/nfnetlink.o
  CC      fs/anon_inodes.o
  CC      net/sched/sch_fifo.o
  CC      net/ipv4/udplite.o
  CC      net/ipv4/arp.o
  CC      drivers/char/misc.o
  CC      drivers/char/sysrq.o
  CC      net/sched/sch_htb.o
  CC      net/ipv6/mcast.o
  CC      net/xfrm/xfrm_algo.o
  CC      net/ipv6/reassembly.o
  CC      fs/signalfd.o
  LD      net/unix/unix.o
  CC      drivers/char/n_hdlc.o
  LD      net/netfilter/nf_conntrack.o
  CC      net/netfilter/nf_conntrack_tftp.o
  CC      net/ipv4/icmp.o
  CC      net/sched/sch_ingress.o
  CC      net/ipv4/devinet.o
  CC      net/ipv4/af_inet.o
  CC      net/ipv4/igmp.o
  CC      net/ipv4/sysctl_net_ipv4.o
  CC      fs/timerfd.o
  CC      net/ipv4/fib_frontend.o
  CC      net/ipv6/tcp_ipv6.o
  CC      net/ipv6/exthdrs.o
  LD      net/xfrm/built-in.o
  CC      net/sched/sch_sfq.o
  CC      net/netfilter/x_tables.o
  LD      net/unix/built-in.o
  LD      drivers/char/built-in.o
  CC      net/ipv4/fib_semantics.o
  CC      net/netfilter/xt_tcpudp.o
  CC      net/ipv4/fib_hash.o
  CC      fs/eventfd.o
  CC      net/sched/sch_prio.o
  CC      net/ipv4/proc.o
  CC      net/ipv4/fib_rules.o
  CC      net/sched/cls_u32.o
  CC      net/sched/cls_route.o
  CC      net/sched/cls_fw.o
  LD      drivers/clocksource/built-in.o
  CC      net/ipv4/ipmr.o
  CC      net/ipv4/syncookies.o
  CC      fs/nfsctl.o
  CC      net/netfilter/xt_CLASSIFY.o
  CC      net/sched/cls_tcindex.o
  CC      net/netfilter/xt_CONNMARK.o
  CC      net/ipv4/netfilter.o
  CC      net/sched/cls_basic.o
  CC      net/ipv6/sysctl_net_ipv6.o
  CC      net/ipv4/xfrm4_policy.o
  CC      net/ipv4/netfilter/nf_nat_rule.o
  LD      drivers/connector/built-in.o
  CC      fs/binfmt_script.o
  CC      net/ipv4/xfrm4_state.o
  CC      net/ipv4/netfilter/nf_nat_standalone.o
  CC      net/ipv4/xfrm4_input.o
  CC      net/ipv4/xfrm4_output.o
  CC      net/ipv4/netfilter/ipt_cone.o
  LD      drivers/crypto/built-in.o
  LD      drivers/firmware/built-in.o
  CC      fs/binfmt_elf.o
  CC      net/netfilter/xt_MARK.o
  CC      net/ipv6/datagram.o
  CC      net/netfilter/xt_TCPMSS.o
  CC      net/ipv4/netfilter/nf_conntrack_l3proto_ipv4.o
  CC      net/ipv4/netfilter/nf_conntrack_proto_icmp.o
  CC      net/ipv6/ip6_flowlabel.o
  LD      net/sched/built-in.o
  CC      net/ipv6/inet6_connection_sock.o
  LD      drivers/hid/built-in.o
  LD      drivers/i2c/algos/built-in.o
  CC      net/ipv6/ip6mr.o
  LD      drivers/i2c/busses/built-in.o
  CC      net/ipv6/xfrm6_policy.o
  CC      net/ipv4/netfilter/nf_conntrack_l3proto_ipv4_compat.o
  CC      net/ipv4/netfilter/nf_nat_core.o
  LD      drivers/i2c/chips/built-in.o
  CC      net/ipv4/netfilter/nf_nat_helper.o
  CC      net/netfilter/xt_connbytes.o
  CC      net/netfilter/xt_connlimit.o
  CC      net/netfilter/xt_connmark.o
  LD      drivers/hid/usbhid/built-in.o
  CC      net/ipv4/netfilter/nf_nat_proto_unknown.o
  CC      net/ipv4/netfilter/nf_nat_proto_tcp.o
  CC      net/ipv6/xfrm6_state.o
  CC      net/ipv4/netfilter/nf_nat_proto_udp.o
  CC      net/ipv6/xfrm6_input.o
  CC      net/ipv4/netfilter/nf_nat_proto_icmp.o
  LD      drivers/i2c/built-in.o
  CC      fs/posix_acl.o
  CC      net/ipv4/netfilter/nf_nat_tftp.o
  CC      net/ipv6/xfrm6_output.o
  CC      net/netfilter/xt_conntrack.o
  CC      net/ipv4/netfilter/ip_tables.o
  LD      drivers/input/built-in.o
  CC      net/netfilter/xt_iprange.o
  CC      net/ipv4/netfilter/iptable_filter.o
  CC      net/ipv6/netfilter.o
  CC      net/netfilter/xt_limit.o
  CC      net/ipv6/fib6_rules.o
  CC      net/ipv4/netfilter/iptable_mangle.o
  CC      net/ipv4/netfilter/ipt_u32.o
  CC      net/ipv4/netfilter/ipt_REJECT.o
  CC      net/ipv4/netfilter/ipt_MASQUERADE.o
  CC      net/ipv4/netfilter/ipt_TRIGGER.o
  CC      fs/xattr_acl.o
  CC      net/ipv4/netfilter/ipt_LOG.o
  CC      net/ipv6/proc.o
  CC      net/ipv6/netfilter/ip6_tables.o
  CC      net/ipv4/netfilter/ipt_SKIPLOG.o
  CC      net/netfilter/xt_mac.o
  CC      net/netfilter/xt_mark.o
  LD      drivers/macintosh/built-in.o
  LD      fs/cifs/built-in.o
  CC      net/netfilter/xt_multiport.o
  CC      net/ipv6/addrconf_core.o
  CC      net/ipv4/netfilter/tomato_ct.o
  CC      net/ipv4/netfilter/lfp.o
  CC      net/ipv6/exthdrs_core.o
  CC      net/ipv6/inet6_hashtables.o
  LD      drivers/media/common/built-in.o
  CC      net/ipv4/netfilter/dnsmq.o
  LD      drivers/media/radio/built-in.o
  LD      drivers/media/video/built-in.o
  LD      drivers/mfd/built-in.o
  LD      drivers/media/video/uvc/built-in.o
  CC      net/netfilter/xt_recent.o
  CC      fs/configfs/inode.o
  CC      fs/configfs/file.o
  CC      net/netfilter/xt_state.o
  CC      net/ipv4/netfilter/ipt_account.o
  CC      fs/devpts/inode.o
net/ipv4/netfilter/lfp.c: In function 'lfp_hit_hook_func':
net/ipv4/netfilter/lfp.c:42: warning: no return statement in function returning non-void
  CC      fs/configfs/dir.o
  LD      net/ipv6/ipv6.o
  CC      fs/configfs/symlink.o
  CC      fs/configfs/mount.o
  CC      net/netfilter/xt_statistic.o
  CC      fs/configfs/item.o
  LD      net/ipv4/netfilter/nf_conntrack_ipv4.o
net/ipv4/netfilter/dnsmq.c: In function 'dnsmq_ctrl':
net/ipv4/netfilter/dnsmq.c:195: warning: unused variable 'str'
  LD      drivers/misc/built-in.o
  LD      net/ipv4/netfilter/nf_nat.o
  LD      net/ipv4/netfilter/iptable_nat.o
  LD      drivers/media/built-in.o
  LD      fs/devpts/devpts.o
  LD      fs/exportfs/built-in.o
  CC      net/netfilter/xt_string.o
  LD      fs/ext2/built-in.o
  CC      drivers/mmc/card/block.o
  CC      drivers/mmc/core/core.o
  CC      drivers/mmc/host/sdhci.o
  CC      drivers/mmc/card/queue.o
  LD      fs/ext3/built-in.o
  LD      fs/fat/built-in.o
  LD      fs/fuse/built-in.o
  CC      drivers/mtd/mtdcore.o
  CC      net/ipv6/netfilter/ip6t_rt.o
  LD      fs/jbd/built-in.o
  CC      drivers/mtd/mtdsuper.o
  CC      net/netfilter/xt_webstr.o
  CC      net/netfilter/xt_time.o
  CC      drivers/mtd/mtdpart.o
  LD      fs/jffs/built-in.o
  CC      net/netfilter/xt_tcpmss.o
  CC      drivers/mtd/mtdchar.o
  CC      drivers/mmc/core/sysfs.o
  LD      fs/configfs/configfs.o
  CC      drivers/mmc/core/mmc.o
  LD      drivers/mmc/card/mmc_block.o
  CC      drivers/mmc/core/mmc_ops.o
  CC      drivers/mmc/core/sd.o
  CC      drivers/mmc/core/sd_ops.o
  LD      net/ipv4/netfilter/built-in.o
  CC      drivers/mtd/mtd_blkdevs.o
  CC      drivers/net/mii.o
  LD      fs/devpts/built-in.o
  CC      drivers/net/Space.o
  CC      drivers/mtd/mtdblock.o
  CC      net/ipv6/netfilter/nf_conntrack_l3proto_ipv6.o
  CC      net/ipv6/netfilter/nf_conntrack_proto_icmpv6.o
  CC      net/ipv6/netfilter/nf_conntrack_reasm.o
  LD      drivers/mmc/host/built-in.o
  LD      net/netfilter/netfilter.o
  CC      drivers/net/loopback.o
  CC      drivers/mtd/47xxnand/brcmnand_47xx.o
  CC      drivers/net/ppp_generic.o
  LD      drivers/mmc/core/mmc_core.o
  CC      drivers/mtd/47xxnand/brcmnand_bbt.o
  LD      drivers/mmc/card/built-in.o
  LD      fs/configfs/built-in.o
  CC      drivers/mtd/chips/chipreg.o
  LD      fs/jffs2/built-in.o
  LD      fs/lockd/built-in.o
  LD      fs/nfs/built-in.o
  LD      fs/nfs_common/built-in.o
net/ipv6/netfilter/nf_conntrack_l3proto_ipv6.c: In function 'ipv6_defrag':
net/ipv6/netfilter/nf_conntrack_l3proto_ipv6.c:223: warning: implicit declaration of function 'ip_conntrack_ipct_add'
  CC      drivers/mtd/chips/cfi_probe.o
drivers/mtd/47xxnand/brcmnand_47xx.c:139: warning: excess elements in array initializer
drivers/mtd/47xxnand/brcmnand_47xx.c:139: warning: (near initialization for 'brcmnand_oob_128.oobfree')
drivers/mtd/47xxnand/brcmnand_47xx.c:140: warning: excess elements in array initializer
drivers/mtd/47xxnand/brcmnand_47xx.c:140: warning: (near initialization for 'brcmnand_oob_128.oobfree')
drivers/net/ppp_generic.c:104:1: warning: "ROUNDUP" redefined
In file included from /home/jamie/asuswrt-merlin/release/src-rt-6.x/include/ctf/hndctf.h:22,
                 from include/linux/if_ppp.h:41,
                 from drivers/net/ppp_generic.c:34:
/home/jamie/asuswrt-merlin/release/src-rt-6.x/include/bcmutils.h:674:1: warning: this is the location of the previous definition
  LD      fs/nfsd/built-in.o
  LD      net/ipv4/built-in.o
drivers/net/ppp_generic.c: In function 'ppp_rxstats_upd':
drivers/net/ppp_generic.c:2971: warning: ISO C90 forbids mixed declarations and code
drivers/net/ppp_generic.c: In function 'ppp_txstats_upd':
drivers/net/ppp_generic.c:2984: warning: ISO C90 forbids mixed declarations and code
  CC      drivers/net/ppp_async.o
  CC      fs/nls/nls_base.o
  CC      drivers/pci/access.o
  LD      drivers/scsi/built-in.o
  CC      drivers/pci/bus.o
  CC      drivers/pci/probe.o
  CC      fs/partitions/check.o
  CC      fs/partitions/msdos.o
  CC      drivers/mtd/devices/sflash.o
  LD      net/netfilter/built-in.o
  LD      drivers/mmc/core/built-in.o
  CC      fs/proc/mmu.o
  CC      fs/proc/task_mmu.o
  CC      fs/nls/nls_utf8.o
fs/partitions/check.c: In function 'add_partition':
fs/partitions/check.c:392: warning: ignoring return value of 'kobject_add', declared with attribute warn_unused_result
fs/partitions/check.c:395: warning: ignoring return value of 'sysfs_create_link', declared with attribute warn_unused_result
fs/partitions/check.c:403: warning: ignoring return value of 'sysfs_create_file', declared with attribute warn_unused_result
  CC      fs/ramfs/inode.o
  CC      fs/ramfs/file-mmu.o
drivers/mtd/devices/sflash.c: In function 'bcmsflash_mtd_init':
drivers/mtd/devices/sflash.c:248: warning: implicit declaration of function 'partitions_mutex_init'
drivers/mtd/devices/sflash.c:248: warning: assignment makes pointer from integer without a cast
  CC      drivers/pci/remove.o
  LD      net/ipv6/netfilter/nf_conntrack_ipv6.o
  CC      drivers/mtd/chips/cfi_util.o
  CC      drivers/pci/pci.o
  LD      fs/nls/built-in.o
  CC      drivers/pci/quirks.o
  CC      drivers/pci/pci-driver.o
  CC      drivers/pci/search.o
  CC      drivers/serial/serial_core.o
  CC      drivers/mtd/devices/bcm_nflash.o
  CC      fs/partitions/efi.o
  CC      drivers/serial/8250.o
  CC      drivers/mtd/chips/cfi_cmdset_0020.o
  LD      fs/ramfs/ramfs.o
  CC      fs/proc/inode.o
drivers/pci/search.c: In function 'pci_find_slot':
drivers/pci/search.c:99: warning: 'pci_find_device' is deprecated (declared at include/linux/pci.h:479)
drivers/pci/search.c: At top level:  CC      drivers/net/ppp_synctty.o

drivers/pci/search.c:434: warning: 'pci_find_device' is deprecated (declared at drivers/pci/search.c:241)
drivers/pci/search.c:434: warning: 'pci_find_device' is deprecated (declared at drivers/pci/search.c:241)
  CC      drivers/net/ppp_mppe_mppc.o
  CC      drivers/net/pppox.o
  LD      drivers/mtd/47xxnand/built-in.o
  LD      drivers/mmc/built-in.o
  CC      drivers/pci/pci-sysfs.o
  CC      drivers/net/pppoe.o
  CC      drivers/pci/rom.o
drivers/net/ppp_mppe_mppc.c: In function 'mppc_compress':
drivers/net/ppp_mppe_mppc.c:627: warning: value computed is not used
  CC      fs/proc/root.o
  LD      net/ipv6/netfilter/built-in.o
  CC      drivers/net/pppol2tp.o
  LD      fs/partitions/built-in.o
  CC      drivers/pci/setup-res.o
  LD      fs/reiserfs/built-in.o
  CC      fs/squashfs/inode.o
  LD      drivers/mtd/devices/built-in.o
  CC      fs/proc/base.o
  CC      fs/proc/generic.o
  CC      drivers/mtd/chips/cfi_cmdset_0002.o
  CC      fs/proc/array.o
  LD      fs/ramfs/built-in.o
  CC      drivers/pci/proc.o
  CC      drivers/pci/hotplug.o
  CC      drivers/pci/setup-bus.o
  CC      drivers/pci/setup-irq.o
  CC      drivers/net/pptp.o
  CC      drivers/serial/8250_pci.o
  CC      drivers/pci/syscall.o
  CC      fs/proc/proc_tty.o
  CC      fs/proc/proc_misc.o
  CC      drivers/net/slhc.o
  LD      net/ipv6/built-in.o
  CC      fs/sysfs/inode.o
  CC      drivers/serial/8250_early.o
  LD      drivers/net/bcm57xx/built-in.o
  CC      fs/sysfs/file.o
  CC      fs/sysfs/dir.o
  CC      drivers/mtd/maps/bcm947xx-flash.o
  CC      fs/proc/proc_sysctl.o
  CC      fs/sysfs/symlink.o
  CC      fs/sysfs/mount.o
  LD      drivers/pci/built-in.o
drivers/mtd/maps/bcm947xx-flash.c: In function 'init_bcm947xx_map':
drivers/mtd/maps/bcm947xx-flash.c:139: warning: implicit declaration of function 'partitions_mutex_init'
drivers/mtd/maps/bcm947xx-flash.c:139: warning: assignment makes pointer from integer without a cast
  LD      fs/vfat/built-in.o
  LD      drivers/net/bonding/built-in.o
  CC      fs/generic_acl.o
  LD      fs/xfs/built-in.o
  CC      fs/sysfs/bin.o
  CC      fs/proc/kcore.o
  CC      fs/proc/kmsg.o
  LD      drivers/serial/built-in.o
  LD      drivers/mtd/maps/built-in.o
  CC      fs/dnotify.o
  CC      drivers/mtd/nand/nand_base.o
  CC      fs/sysfs/group.o
  CC      drivers/mtd/chips/cfi_cmdset_0001.o
  LD      drivers/net/ctf/built-in.o
  LD      drivers/net/emf/built-in.o
  LD      drivers/net/et/built-in.o
  CC      drivers/mtd/nand/nand_bbt.o
  CC      fs/squashfs/squashfs2_0.o
  CC      drivers/net/hnd/../../../../../../src-rt-6.x/shared/aiutils.o
  LD      drivers/usb/class/built-in.o
  CC      drivers/video/fb_notify.o
  CC      drivers/../arch/mips/brcm-boards/bcm947xx/nvram_linux.o
  LD      fs/sysfs/built-in.o
  LD      net/built-in.o
  LD      drivers/video/backlight/built-in.o
  LD      fs/proc/proc.o
  LD      drivers/video/display/built-in.o
  LD      drivers/net/igs/built-in.o
  LD      drivers/usb/core/built-in.o
  LD      drivers/net/usb/built-in.o
  CC      fs/squashfs/sqlzma.o
  CC      drivers/mtd/chips/gen_probe.o
  LD      drivers/mtd/onenand/built-in.o
  CC      drivers/usb/host/pci-quirks.o
drivers/../arch/mips/brcm-boards/bcm947xx/nvram_linux.c: In function 'asusnls_u2c':
drivers/../arch/mips/brcm-boards/bcm947xx/nvram_linux.c:169: warning: assignment makes integer from pointer without a cast
drivers/../arch/mips/brcm-boards/bcm947xx/nvram_linux.c:189: warning: suggest parentheses around assignment used as truth value
drivers/../arch/mips/brcm-boards/bcm947xx/nvram_linux.c: In function 'asusnls_c2u':
drivers/../arch/mips/brcm-boards/bcm947xx/nvram_linux.c:250: warning: assignment makes integer from pointer without a cast
drivers/../arch/mips/brcm-boards/bcm947xx/nvram_linux.c: In function 'nvram_xfr':
drivers/../arch/mips/brcm-boards/bcm947xx/nvram_linux.c:343: warning: assignment discards qualifiers from pointer target type
  LD      drivers/net/wireless/built-in.o
  LD      drivers/net/wl/built-in.o
  LD      drivers/usb/serial/built-in.o
  CC      drivers/net/hnd/../../../../../../src-rt-6.x/shared/bcmotp.o
  LD      drivers/video/built-in.o
  CC      drivers/mtd/nand/nand_ecc.o
  CC      drivers/mtd/nand/nand_ids.o
  LD      drivers/net/usb/hso_26-v1.14/built-in.o
  CC      drivers/net/hnd/../../../../../../src-rt-6.x/shared/bcmsrom.o
  LD      drivers/mtd/mtd.o
  LD      drivers/usb/storage/built-in.o
  CC      drivers/net/hnd/../../../../../../src-rt-6.x/shared/bcmutils.o
  LD      drivers/usb/host/built-in.o
  CC      drivers/net/hnd/../../../../../../src-rt-6.x/shared/hnddma.o
  CC      drivers/net/hnd/../../../../../../src-rt-6.x/shared/hndpmu.o
  CC      drivers/net/hnd/../../../../../../src-rt-6.x/shared/linux_osl.o
drivers/../arch/mips/brcm-boards/bcm947xx/nvram_linux.c: In function 'nvram_set':
drivers/../arch/mips/brcm-boards/bcm947xx/nvram_linux.c:660: warning: 'ret' may be used uninitialized in this function
  CC      drivers/net/hnd/../../../../../../src-rt-6.x/shared/nicpci.o
  CC      drivers/net/hnd/../../../../../../src-rt-6.x/shared/sbutils.o
  CC      drivers/net/hnd/../../../../../../src-rt-6.x/shared/siutils.o
  LD      fs/proc/built-in.o
  LD      fs/squashfs/squashfs.o
  CC      drivers/net/hnd/../../../../../../src-rt-6.x/shared/bcmrobo.o
  LD      drivers/mtd/nand/nand.o
drivers/net/hnd/../../../../../../src-rt-6.x/shared/linux_osl.c:1660: warning: function declaration isn't a prototype
  LD      drivers/nvram_linux.o
  LD      drivers/usb/built-in.o
  LD      fs/squashfs/built-in.o
  LD      drivers/mtd/chips/built-in.o
  LD      drivers/mtd/nand/built-in.o
  LD      fs/built-in.o
  LD      drivers/mtd/built-in.o
sh -e drivers/net/hnd/shared_ksyms.sh drivers/net/hnd/../../../../../../src-rt-6.x/shared/aiutils.o drivers/net/hnd/../../../../../../src-rt-6.x/shared/bcmotp.o drivers/net/hnd/../../../../../../src-rt-6.x/shared/bcmsrom.o drivers/net/hnd/../../../../../../src-rt-6.x/shared/bcmutils.o drivers/net/hnd/../../../../../../src-rt-6.x/shared/hnddma.o drivers/net/hnd/../../../../../../src-rt-6.x/shared/hndpmu.o drivers/net/hnd/../../../../../../src-rt-6.x/shared/linux_osl.o drivers/net/hnd/../../../../../../src-rt-6.x/shared/nicpci.o drivers/net/hnd/../../../../../../src-rt-6.x/shared/sbutils.o drivers/net/hnd/../../../../../../src-rt-6.x/shared/siutils.o drivers/net/hnd/../../../../../../src-rt-6.x/shared/bcmrobo.o > drivers/net/hnd/shared_ksyms.c
  LD      drivers/net/hnd/hnd.o
  CC      drivers/net/hnd/shared_ksyms.o
  LD      drivers/net/hnd/built-in.o
  LD      drivers/net/built-in.o
  LD      drivers/built-in.o
  GEN     .version
  CC      init/main.o
  CHK     include/linux/compile.h
  CC      init/do_mounts.o
  CC      init/noinitramfs.o
  CC      init/calibrate.o
  UPD     include/linux/compile.h
  CC      init/version.o
  LD      init/mounts.o
  LD      init/built-in.o
  LD      .tmp_vmlinux1
  KSYM    .tmp_kallsyms1.S
  AS      .tmp_kallsyms1.o
  LD      .tmp_vmlinux2
  KSYM    .tmp_kallsyms2.S
  AS      .tmp_kallsyms2.o
  LD      vmlinux
  SYSMAP  System.map
  SYSMAP  .tmp_System.map
  MODPOST vmlinux
WARNING: drivers/built-in.o(.text+0x88830): Section mismatch: reference to .init.data:ram_nvram_buf (between 'early_nvram_init' and 'nvram_getall')
WARNING: drivers/built-in.o(.text+0x8885c): Section mismatch: reference to .init.data:ram_nvram_buf (between 'early_nvram_init' and 'nvram_getall')
WARNING: drivers/built-in.o(.text+0x88868): Section mismatch: reference to .init.data:ram_nvram_buf (between 'early_nvram_init' and 'nvram_getall')
make[4]: Leaving directory '/home/jamie/asuswrt-merlin/release/src-rt/linux/linux-2.6'
if grep -q "CONFIG_MODULES=y" /home/jamie/asuswrt-merlin/release/src-rt-6.x/linux/linux-2.6/.config ; then \
	make -C /home/jamie/asuswrt-merlin/release/src-rt-6.x/linux/linux-2.6 modules CC=/home/jamie/asuswrt-merlin/release/src-rt-6.x/../../tools/brcm/K26/hndtools-mipsel-linux-uclibc-4.2.3/bin/mipsel-linux-uclibc-gcc -j`grep -c '^processor' /proc/cpuinfo`; \
fi
make[4]: Entering directory '/home/jamie/asuswrt-merlin/release/src-rt/linux/linux-2.6'
  CHK     include/linux/version.h
  CHK     include/linux/utsrelease.h
  CC      scripts/mod/empty.o
  MKELF   scripts/mod/elfconfig.h
  HOSTCC  scripts/mod/file2alias.o
  HOSTCC  scripts/mod/modpost.o
  HOSTCC  scripts/mod/sumversion.o
  HOSTLD  scripts/mod/modpost
  CC      arch/mips/kernel/asm-offsets.s
  GEN     include/asm-mips/asm-offsets.h
  CALL    scripts/checksyscalls.sh
  CC [M]  crypto/xcbc.o
  CC [M]  crypto/md5.o
  CC [M]  crypto/sha256.o
  CC [M]  crypto/sha512.o
  CC [M]  crypto/des.o
  CC [M]  drivers/block/loop.o
  CC [M]  crypto/aes.o
  CC [M]  drivers/cdrom/cdrom.o
  CC [M]  crypto/deflate.o
  CC [M]  drivers/bluetooth/hci_usb.o
  CC [M]  sound/sound_core.o
  CC [M]  drivers/bluetooth/hci_vhci.o
  CC [M]  drivers/connector/cn_queue.o
  CC [M]  fs/mbcache.o
  CC [M]  drivers/base/firmware_class.o
  CC [M]  drivers/bluetooth/hci_ldisc.o
  CC [M]  drivers/connector/connector.o
  CC [M]  sound/core/hwdep.o
  CC [M]  drivers/hid/hid-core.o
  CC [M]  net/bluetooth/af_bluetooth.o
  CC [M]  net/bluetooth/hci_core.o
  CC [M]  net/bluetooth/hci_conn.o
  CC [M]  sound/core/memalloc.o
  CC [M]  net/bluetooth/hci_event.o
  CC [M]  net/bluetooth/hci_sock.o
  CC [M]  sound/core/sgbuf.o
  CC [M]  fs/cifs/cifsfs.o
  CC [M]  fs/cifs/cifssmb.o
  CC [M]  drivers/bluetooth/hci_h4.o
  LD [M]  drivers/connector/cn.o
  CC [M]  drivers/input/input.o
  CC [M]  fs/cifs/cifs_debug.o
  CC [M]  drivers/bluetooth/hci_bcsp.o
  CC [M]  drivers/hid/hid-input.o
  CC [M]  drivers/bluetooth/bcm203x.o
  CC [M]  drivers/bluetooth/bpa10x.o
  CC [M]  drivers/bluetooth/bfusb.o
  CC [M]  sound/core/pcm.o
  CC [M]  sound/core/pcm_native.o
  CC [M]  drivers/media/video/v4l2-dev.o
  CC [M]  drivers/media/video/v4l2-ioctl.o
  CC [M]  drivers/media/video/v4l2-device.o
  CC [M]  drivers/media/video/v4l2-int-device.o
  CC [M]  drivers/media/video/v4l2-common.o
  CC [M]  drivers/media/video/uvc/uvc_driver.o
include/sound/pcm.h: In function 'hw_param_interval_c':
include/sound/pcm.h:800: warning: passing argument 1 of 'hw_param_interval' discards qualifiers from pointer target type
  CC [M]  fs/cifs/connect.o
  CC [M]  fs/cifs/dir.o
  CC [M]  fs/exportfs/expfs.o
  LD [M]  drivers/bluetooth/hci_uart.o
  CC [M]  sound/core/pcm_lib.o
  CC [M]  sound/core/pcm_timer.o
  CC [M]  net/bluetooth/hci_sysfs.o
  LD [M]  sound/soundcore.o
  CC [M]  sound/usb/usbaudio.o
  CC [M]  sound/usb/usbmixer.o
  CC [M]  net/bluetooth/lib.o
  CC [M]  sound/usb/usbmidi.o
include/sound/pcm.h: In function 'hw_param_mask_c':
include/sound/pcm.h:794: warning: passing argument 1 of 'hw_param_mask' discards qualifiers from pointer target type
include/sound/pcm.h: In function 'hw_param_interval_c':
include/sound/pcm.h:800: warning: passing argument 1 of 'hw_param_interval' discards qualifiers from pointer target type
  LD [M]  fs/exportfs/exportfs.o
  CC [M]  drivers/input/ff-core.o
  CC [M]  drivers/input/mousedev.o
  CC [M]  sound/core/pcm_misc.o
  CC [M]  sound/core/pcm_memory.o
  CC [M]  drivers/hid/usbhid/hid-core.o
  CC [M]  sound/core/rawmidi.o
  CC [M]  fs/cifs/file.o
  CC [M]  net/bluetooth/l2cap.o
  CC [M]  drivers/input/joydev.o
  CC [M]  sound/core/timer.o
  CC [M]  net/bluetooth/sco.o
  CC [M]  sound/core/sound.o
  CC [M]  sound/core/init.o
sound/core/init.c: In function 'snd_card_disconnect':
sound/core/init.c:307: warning: the address of 'snd_shutdown_f_ops' will always evaluate as 'true'
  CC [M]  fs/ext2/balloc.o
  CC [M]  drivers/input/evdev.o
  LD [M]  drivers/media/video/videodev.o
  CC [M]  drivers/media/video/uvc/uvc_queue.o
  CC [M]  sound/core/memory.o
  CC [M]  net/bridge/netfilter/ebtables.o
  CC [M]  net/bluetooth/bnep/core.o
  CC [M]  sound/core/info.o
  CC [M]  drivers/hid/usbhid/hid-quirks.o
  CC [M]  sound/core/control.o
  CC [M]  net/bluetooth/hidp/core.o
  CC [M]  net/bluetooth/rfcomm/core.o
  CC [M]  drivers/net/ppp_deflate.o
  CC [M]  drivers/scsi/scsi.o
  CC [M]  drivers/media/video/uvc/uvc_v4l2.o
  LD [M]  drivers/input/input-core.o
  CC [M]  drivers/hid/usbhid/hiddev.o
  CC [M]  drivers/scsi/hosts.o
  LD [M]  sound/usb/snd-usb-audio.o
  CC [M]  fs/ext2/dir.o
  CC [M]  sound/core/misc.o
  CC [M]  drivers/net/imq.o
  LD [M]  net/bluetooth/bluetooth.o
  CC [M]  sound/core/device.o
  CC [M]  sound/core/sound_oss.o
  CC [M]  net/bluetooth/bnep/sock.o
  CC [M]  fs/cifs/inode.o
  CC [M]  sound/core/info_oss.o
  CC [M]  drivers/scsi/scsi_ioctl.o
  CC [M]  fs/cifs/link.o
  CC [M]  sound/core/oss/mixer_oss.o
  CC [M]  sound/core/seq/seq_device.o
  CC [M]  drivers/scsi/constants.o
  CC [M]  drivers/scsi/scsicam.o
  CC [M]  net/bluetooth/hidp/sock.o
  CC [M]  drivers/net/tun.o
  CC [M]  fs/cifs/misc.o
  CC [M]  drivers/hid/usbhid/usbkbd.o
  CC [M]  fs/ext2/file.o
  CC [M]  fs/ext2/fsync.o
  LD [M]  sound/core/snd.o
  CC [M]  net/bluetooth/bnep/netdev.o
  LD [M]  sound/usb/snd-usb-lib.o
  CC [M]  drivers/media/video/uvc/uvc_video.o
  LD [M]  sound/core/snd-hwdep.o
  LD [M]  sound/core/snd-timer.o
  CC [M]  drivers/scsi/scsi_error.o
  LD [M]  sound/core/snd-pcm.o
  CC [M]  drivers/hid/usbhid/usbmouse.o
  CC [M]  net/bridge/netfilter/ebtable_broute.o
  CC [M]  sound/core/seq/seq_midi_event.o
  CC [M]  fs/ext2/ialloc.o
drivers/net/tun.c: In function 'tun_chr_aio_read':
drivers/net/tun.c:423: warning: passing argument 3 of 'tun_put_user' discards qualifiers from pointer target type
  CC [M]  net/bridge/netfilter/ebtable_filter.o
  LD [M]  net/bluetooth/hidp/hidp.o
drivers/net/tun.c: In function 'tun_chr_aio_write':
drivers/net/tun.c:322: warning: passing argument 2 of 'tun_get_user' discards qualifiers from pointer target type
  CC [M]  net/bluetooth/rfcomm/sock.o
  LD [M]  net/bluetooth/bnep/bnep.o
  CC [M]  sound/core/seq/seq_midi.o
  CC [M]  drivers/net/bcm57xx/../../../../../../src-rt-6.x/bcm57xx/linux/b57um.o
  CC [M]  drivers/net/bcm57xx/../../../../../../src-rt-6.x/bcm57xx/linux/b57proc.o
  CC [M]  net/bridge/netfilter/ebtable_nat.o
  CC [M]  net/bridge/netfilter/ebt_arp.o
  CC [M]  drivers/net/bcm57xx/../../../../../../src-rt-6.x/bcm57xx/linux/b57diag.o
  LD [M]  drivers/hid/usbhid/usbhid.o
  CC [M]  drivers/net/bcm57xx/../../../../../../src-rt-6.x/bcm57xx/sys/tigon3.o
  CC [M]  sound/core/seq/seq.o
  CC [M]  net/bridge/netfilter/ebt_ip.o
  CC [M]  sound/core/seq/seq_lock.o
  CC [M]  sound/core/oss/pcm_oss.o
  LD [M]  sound/core/snd-page-alloc.o
  CC [M]  drivers/usb/class/cdc-acm.o
  CC [M]  drivers/media/video/uvc/uvc_ctrl.o
  CC [M]  fs/cifs/netmisc.o
  CC [M]  drivers/scsi/scsi_lib.o
  CC [M]  fs/ext2/inode.o
  CC [M]  drivers/scsi/scsi_scan.o
  CC [M]  net/bridge/netfilter/ebt_limit.o
  CC [M]  sound/core/seq/seq_clientmgr.o
  CC [M]  net/bridge/netfilter/ebt_pkttype.o
  CC [M]  drivers/scsi/scsi_sysfs.o
include/sound/pcm.h: In function 'hw_param_mask_c':
include/sound/pcm.h:794: warning: passing argument 1 of 'hw_param_mask' discards qualifiers from pointer target type
include/sound/pcm.h: In function 'hw_param_interval_c':
include/sound/pcm.h:800: warning: passing argument 1 of 'hw_param_interval' discards qualifiers from pointer target type
drivers/net/bcm57xx/../../../../../../src-rt-6.x/bcm57xx/linux/b57um.c: In function 'bcm5700_start_xmit':
drivers/net/bcm57xx/../../../../../../src-rt-6.x/bcm57xx/linux/b57um.c:2500: warning: control reaches end of non-void function
  CC [M]  drivers/usb/class/usblp.o
  CC [M]  net/bridge/netfilter/ebt_stp.o
  CC [M]  net/bluetooth/rfcomm/tty.o
  LD [M]  drivers/hid/hid.o
  CC [M]  drivers/net/bcm57xx/../../../../../../src-rt-6.x/bcm57xx/sys/autoneg.o
  CC [M]  net/bridge/netfilter/ebt_vlan.o
  CC [M]  fs/cifs/smbdes.o
  CC [M]  drivers/net/bcm57xx/../../../../../../src-rt-6.x/bcm57xx/sys/5701rls.o
drivers/usb/class/usblp.c: In function 'usblp_open':
drivers/usb/class/usblp.c:581: warning: initialization makes integer from pointer without a cast
  LD [M]  sound/core/snd-rawmidi.o
  CC [M]  net/bridge/netfilter/ebt_arpreply.o
  CC [M]  net/bridge/netfilter/ebt_mark.o
  CC [M]  fs/cifs/smbencrypt.o
  CC [M]  drivers/media/video/uvc/uvc_status.o
  CC [M]  drivers/scsi/scsi_devinfo.o
  CC [M]  fs/cifs/transport.o
  CC [M]  fs/ext2/ioctl.o
  CC [M]  net/bridge/netfilter/ebt_dnat.o
  CC [M]  drivers/net/bcm57xx/../../../../../../src-rt-6.x/bcm57xx/sys/tcp_seg.o
  CC [M]  drivers/scsi/scsi_sysctl.o
  CC [M]  sound/core/seq/seq_memory.o
  CC [M]  sound/core/seq/seq_queue.o
  CC [M]  drivers/scsi/scsi_proc.o
  CC [M]  drivers/scsi/sd.o
  CC [M]  drivers/scsi/sr.o
  CC [M]  fs/cifs/asn1.o
  LD [M]  net/bluetooth/rfcomm/rfcomm.o
  CC [M]  net/bridge/netfilter/ebt_redirect.o
  CC [M]  fs/cifs/md4.o
  CC [M]  drivers/usb/class/cdc-wdm.o
  CC [M]  fs/ext2/namei.o
  CC [M]  drivers/scsi/sr_ioctl.o
  CC [M]  drivers/media/video/uvc/uvc_isight.o
  CC [M]  net/bridge/netfilter/ebt_snat.o
  CC [M]  drivers/net/bcm57xx/../../../../../../src-rt-6.x/shared/hndgige.o
  CC [M]  drivers/scsi/sr_vendor.o
  CC [M]  fs/cifs/md5.o
  CC [M]  sound/core/seq/seq_fifo.o
  CC [M]  sound/core/seq/seq_prioq.o
  CC [M]  net/bridge/netfilter/ebt_log.o
  LD [M]  drivers/media/video/uvc/uvcvideo.o
  CC [M]  fs/cifs/cifs_unicode.o
  CC [M]  sound/core/seq/seq_timer.o
  CC [M]  sound/core/oss/pcm_plugin.o
  CC [M]  fs/ext2/super.o
  CC [M]  fs/ext2/symlink.o
  CC [M]  fs/cifs/nterr.o
  CC [M]  fs/ext2/xattr.o
  CC [M]  fs/ext2/xattr_user.o
  CC [M]  sound/core/seq/seq_system.o
  CC [M]  drivers/scsi/sg.o
  CC [M]  fs/ext2/xattr_trusted.o
  CC [M]  drivers/scsi/scsi_wait_scan.o
  CC [M]  fs/cifs/xattr.o
  CC [M]  fs/cifs/cifsencrypt.o
  CC [M]  sound/core/seq/seq_ports.o
  CC [M]  net/ipv4/ah4.o
  CC [M]  drivers/usb/core/usb.o
  CC [M]  net/ipv6/ah6.o
  CC [M]  net/ipv6/esp6.o
  CC [M]  drivers/usb/host/ehci-hcd.o
  CC [M]  net/ipv4/esp4.o
  CC [M]  net/ipv6/ipcomp6.o
  CC [M]  drivers/usb/core/hub.o
  CC [M]  drivers/usb/core/hcd.o
  CC [M]  net/ipv6/xfrm6_tunnel.o
  CC [M]  fs/cifs/fcntl.o
  CC [M]  fs/ext3/balloc.o
  CC [M]  sound/core/oss/io.o
  CC [M]  sound/core/seq/seq_info.o
  CC [M]  sound/core/oss/copy.o
  LD [M]  fs/ext2/ext2.o
  CC [M]  sound/core/oss/linear.o
  CC [M]  sound/core/oss/mulaw.o
  CC [M]  fs/cifs/readdir.o
  CC [M]  net/ipv6/tunnel6.o
  CC [M]  fs/cifs/ioctl.o
  LD [M]  sound/core/seq/snd-seq.o
  CC [M]  net/ipv4/ipcomp.o
  CC [M]  net/ipv6/xfrm6_mode_transport.o
  CC [M]  sound/core/oss/route.o
  CC [M]  net/ipv6/xfrm6_mode_tunnel.o
  CC [M]  sound/core/oss/rate.o
  CC [M]  net/ipv6/xfrm6_mode_beet.o
  CC [M]  net/ipv6/sit.o
  LD [M]  drivers/net/ctf/ctf.o
  CC [M]  fs/ext3/bitmap.o
  CC [M]  drivers/net/bonding/bond_main.o
  CC [M]  drivers/net/bonding/bond_3ad.o
  CC [M]  drivers/net/bonding/bond_alb.o
  CC [M]  fs/cifs/sess.o
  LD [M]  sound/core/oss/snd-mixer-oss.o
  CC [M]  net/ipv6/netfilter/ip6table_filter.o
  CC [M]  fs/fat/cache.o
  CC [M]  fs/fuse/dev.o
  CC [M]  fs/fuse/dir.o
  LD [M]  sound/core/seq/snd-seq-device.o
  CC [M]  fs/ext3/dir.o
  CC [M]  net/ipv4/xfrm4_tunnel.o
  CC [M]  fs/fuse/file.o
  CC [M]  net/ipv6/netfilter/ip6table_mangle.o
  LD [M]  drivers/net/bcm57xx/bcm57xx.o
  LD [M]  drivers/scsi/scsi_mod.o
  CC [M]  fs/fat/dir.o
  CC [M]  drivers/usb/core/urb.o
  CC [M]  net/ipv6/netfilter/ip6t_LOG.o
  CC [M]  fs/cifs/export.o
  CC [M]  net/ipv4/xfrm4_mode_beet.o
  CC [M]  net/ipv6/netfilter/ip6t_SKIPLOG.o
  LD [M]  sound/core/oss/snd-pcm-oss.o
  CC [M]  fs/fat/fatent.o
drivers/net/bonding/bond_alb.c: In function 'rlb_choose_channel':
drivers/net/bonding/bond_alb.c:678: warning: 'vlan_id' may be used uninitialized in this function
  CC [M]  fs/ext3/file.o
  CC [M]  fs/jbd/transaction.o
  LD [M]  sound/core/seq/snd-seq-midi.o
  LD [M]  sound/core/seq/snd-seq-midi-event.o
  CC [M]  fs/cifs/cifsacl.o
  CC [M]  drivers/usb/core/message.o
  CC [M]  fs/jffs/jffs_fm.o
  CC [M]  fs/fuse/inode.o
  CC [M]  drivers/usb/core/driver.o
  CC [M]  fs/fuse/control.o
  CC [M]  fs/ext3/fsync.o
  CC [M]  net/ipv4/tunnel4.o
  CC [M]  net/ipv4/xfrm4_mode_transport.o
  CC [M]  net/ipv6/netfilter/ip6t_REJECT.o
  LD [M]  drivers/scsi/sd_mod.o
  CC [M]  fs/jffs/intrep.o
  LD [M]  fs/cifs/cifs.o
  CC [M]  fs/jffs/jffs_gc.o
  CC [M]  fs/ext3/ialloc.o
  CC [M]  net/ipv6/netfilter/ip6t_ROUTE.o
  CC [M]  fs/jffs/inode-v23.o
  CC [M]  fs/fat/file.o
drivers/net/bonding/bond_main.c: In function 'bond_dev_queue_xmit':
drivers/net/bonding/bond_main.c:379: warning: 'vlan_id' may be used uninitialized in this function
  CC [M]  drivers/usb/core/config.o
  LD [M]  fs/fuse/fuse.o
  CC [M]  drivers/usb/serial/usb-serial.o
  CC [M]  drivers/usb/core/file.o
  CC [M]  net/ipv4/xfrm4_mode_tunnel.o
  CC [M]  drivers/net/bonding/bond_sysfs.o
  CC [M]  fs/fat/inode.o
  CC [M]  fs/jbd/commit.o
  CC [M]  drivers/usb/host/ohci-hcd.o
  CC [M]  fs/jbd/recovery.o
  LD [M]  drivers/scsi/sr_mod.o
  CC [M]  drivers/usb/host/uhci-hcd.o
  CC [M]  fs/ext3/inode.o
  CC [M]  fs/jbd/checkpoint.o
  CC [M]  fs/fat/misc.o
  CC [M]  fs/jbd/revoke.o
  CC [M]  fs/jbd/journal.o
  CC [M]  net/ipv4/tcp_vegas.o
  CC [M]  fs/jffs2/compr.o
  CC [M]  fs/jffs2/dir.o
  CC [M]  drivers/usb/core/buffer.o
  CC [M]  fs/lockd/clntlock.o
  CC [M]  net/ipv4/netfilter/nf_nat_ftp.o
  CC [M]  net/ipv4/netfilter/nf_nat_h323.o
  CC [M]  fs/nfs/client.o
  CC [M]  fs/nfs/dir.o
  CC [M]  drivers/usb/serial/generic.o
  CC [M]  fs/nfs/file.o
  CC [M]  drivers/usb/core/sysfs.o
  CC [M]  drivers/usb/core/endpoint.o
  LD [M]  fs/jffs/jffs.o
  LD [M]  fs/fat/fat.o
  CC [M]  drivers/usb/core/devio.o
  CC [M]  drivers/usb/serial/bus.o
  LD [M]  drivers/net/bonding/bonding.o
  CC [M]  drivers/usb/serial/option.o
  CC [M]  net/ipv4/netfilter/nf_nat_rtsp.o
  CC [M]  fs/lockd/clntproc.o
  CC [M]  fs/jffs2/file.o
  CC [M]  drivers/usb/core/notify.o
  CC [M]  drivers/usb/core/generic.o
  CC [M]  net/ipv4/netfilter/nf_nat_pptp.o
  CC [M]  drivers/usb/core/quirks.o
  CC [M]  fs/nfs/getroot.o
  LD [M]  fs/jbd/jbd.o
  CC [M]  lib/zlib_deflate/deflate.o
  CC [M]  lib/zlib_deflate/deftree.o
  CC [M]  fs/nls/nls_cp437.o
  CC [M]  fs/nfsd/nfssvc.o
  CC [M]  fs/nls/nls_cp850.o
  CC [M]  drivers/usb/core/hcd-pci.o
  CC [M]  drivers/usb/core/inode.o
  LD [M]  drivers/usb/serial/usbserial.o
  CC [M]  fs/nfs/inode.o
  CC [M]  fs/nls/nls_cp852.o
  CC [M]  fs/jffs2/ioctl.o
  CC [M]  drivers/usb/storage/scsiglue.o
  CC [M]  fs/lockd/host.o
  CC [M]  fs/nls/nls_cp866.o
  CC [M]  fs/ext3/ioctl.o
  CC [M]  fs/nfs/super.o
  CC [M]  net/ipv4/netfilter/nf_nat_sip.o
  CC [M]  fs/nfs/nfs2xdr.o
  LD [M]  drivers/net/emf/emf.o
  CC [M]  drivers/net/et/../../../../../../src-rt-6.x/et/sys/et_linux.o
  CC [M]  fs/jffs2/nodelist.o
  CC [M]  fs/nfs/pagelist.o
  CC [M]  fs/nls/nls_cp932.o
  CC [M]  drivers/usb/core/devices.o
  CC [M]  fs/nfsd/nfsctl.o
  CC [M]  lib/zlib_deflate/deflate_syms.o
  CC [M]  fs/nls/nls_euc-jp.o
  LD [M]  lib/zlib_deflate/zlib_deflate.o
  CC [M]  fs/nls/nls_cp936.o
  CC [M]  fs/nls/nls_cp949.o
  CC [M]  fs/ext3/namei.o
  CC [M]  drivers/usb/storage/protocol.o
  CC [M]  fs/lockd/svc.o
  CC [M]  drivers/usb/storage/transport.o
  CC [M]  drivers/usb/storage/usb.o
  CC [M]  net/ipv4/netfilter/nf_nat_proto_gre.o
  CC [M]  net/ipv4/netfilter/iptable_raw.o
  CC [M]  fs/nls/nls_cp950.o
  CC [M]  fs/jffs2/malloc.o
  CC [M]  fs/nfs/proc.o
  CC [M]  fs/nfs/read.o
  CC [M]  fs/nfsd/nfsproc.o
  LD [M]  drivers/usb/core/usbcore.o
  LD [M]  drivers/net/igs/igs.o
  CC [M]  drivers/net/usb/asix.o
  CC [M]  drivers/net/usb/cdc_ether.o
  CC [M]  drivers/usb/storage/initializers.o
  CC [M]  net/ipv4/netfilter/ipt_ipp2p.o
  CC [M]  drivers/usb/storage/option_ms.o
  CC [M]  fs/jffs2/read.o
  CC [M]  fs/jffs2/nodemgmt.o
  CC [M]  lib/zlib_inflate/inffast.o
  CC [M]  lib/zlib_inflate/inflate.o
  CC [M]  lib/zlib_inflate/inftrees.o
  CC [M]  lib/zlib_inflate/inflate_syms.o
  CC [M]  fs/lockd/svclock.o
  CC [M]  fs/lockd/svcshare.o
  CC [M]  fs/lockd/svcproc.o
  CC [M]  fs/nfsd/nfsfh.o
  LD [M]  drivers/net/wl/wl.o
  CC [M]  fs/lockd/svcsubs.o
  CC [M]  fs/nfsd/vfs.o
  LD [M]  drivers/usb/storage/usb-storage.o
  CC [M]  fs/lockd/mon.o
  CC [M]  drivers/net/usb/rndis_host.o
  CC [M]  fs/jffs2/readinode.o
  CC [M]  fs/lockd/xdr.o
  CC [M]  fs/nfs/symlink.o
  CC [M]  fs/nfs/unlink.o
  CC [M]  fs/nfs/write.o
  CC [M]  drivers/net/et/../../../../../../src-rt-6.x/et/sys/etc.o
  CC [M]  fs/lockd/xdr4.o
  LD [M]  lib/zlib_inflate/zlib_inflate.o
  CC [M]  net/ipv4/netfilter/ipt_tos.o
  CC [M]  fs/lockd/svc4proc.o
  CC [M]  net/ipv4/netfilter/ipt_time.o
  CC [M]  drivers/net/usb/usbnet.o
  CC [M]  fs/nfs/namespace.o
  CC [M]  fs/nfsd/export.o
  CC [M]  fs/nfs/mount_clnt.o
  CC [M]  fs/nfs/nfs3proc.o
  CC [M]  fs/nfs/nfs3xdr.o
  CC [M]  fs/ext3/super.o
  CC [M]  drivers/net/usb/cdc_ncm.o
  CC [M]  fs/nfs/sysctl.o
  CC [M]  net/ipv4/netfilter/ipt_web.o
net/ipv4/netfilter/ipt_time.c: In function 'match':
net/ipv4/netfilter/ipt_time.c:63: warning: passing argument 1 of '__net_timestamp' discards qualifiers from pointer target type
  CC [M]  net/ipv4/netfilter/ipt_webmon.o
  CC [M]  drivers/net/et/../../../../../../src-rt-6.x/et/sys/etc47xx.o
  CC [M]  net/ipv4/netfilter/ipt_TOS.o
  CC [M]  net/ipv4/netfilter/ipt_REDIRECT.o
  CC [M]  fs/nfsd/auth.o
  CC [M]  net/ipv4/netfilter/ipt_ROUTE.o
  CC [M]  net/ipv4/netfilter/ipt_NETMAP.o
  LD [M]  fs/lockd/lockd.o
  CC [M]  fs/jffs2/write.o
  CC [M]  fs/jffs2/scan.o
  CC [M]  drivers/net/et/../../../../../../src-rt-6.x/et/sys/etc_adm.o
  CC [M]  net/ipv4/netfilter/ip_set.o
net/ipv4/netfilter/ipt_webmon.c: In function 'add_queue_node_last':
net/ipv4/netfilter/ipt_webmon.c:188: warning: ISO C90 forbids mixed declarations and code
net/ipv4/netfilter/ipt_webmon.c: In function 'within_edit_distance':
net/ipv4/netfilter/ipt_webmon.c:287: warning: ISO C90 forbids mixed declarations and code
net/ipv4/netfilter/ipt_webmon.c: In function 'webmon_proc_domain_show':
net/ipv4/netfilter/ipt_webmon.c:580: warning: ISO C90 forbids mixed declarations and code
net/ipv4/netfilter/ipt_webmon.c: In function 'webmon_proc_search_show':
net/ipv4/netfilter/ipt_webmon.c:595: warning: ISO C90 forbids mixed declarations and code
net/ipv4/netfilter/ipt_webmon.c: In function 'init':
net/ipv4/netfilter/ipt_webmon.c:1247: warning: ISO C90 forbids mixed declarations and code
  CC [M]  fs/nfsd/lockd.o
  CC [M]  net/ipv4/netfilter/ip_set_ipmap.o
  CC [M]  net/ipv4/netfilter/ip_set_portmap.o
  CC [M]  net/ipv4/netfilter/ip_set_macipmap.o
  CC [M]  net/ipv4/netfilter/ip_set_iphash.o
  CC [M]  net/ipv4/netfilter/ip_set_nethash.o
  CC [M]  net/ipv4/netfilter/ip_set_ipporthash.o
  CC [M]  fs/nfsd/nfscache.o
  CC [M]  fs/nfsd/nfsxdr.o
  CC [M]  fs/ext3/symlink.o
  CC [M]  drivers/net/usb/qmi_wwan.o
  CC [M]  drivers/net/et/../../../../../../src-rt-6.x/et/sys/etcgmac.o
  CC [M]  drivers/net/usb/cdc_mbim.o
  CC [M]  drivers/net/usb/ipheth.o
  CC [M]  net/ipv4/netfilter/ip_set_ipportiphash.o
  CC [M]  net/ipv4/netfilter/ip_set_ipportnethash.o
  CC [M]  net/ipv4/netfilter/ip_set_iptree.o
  CC [M]  fs/ext3/hash.o
  LD [M]  fs/nfs/nfs.o
  CC [M]  fs/nfsd/stats.o
  CC [M]  fs/jffs2/gc.o
  CC [M]  fs/nfsd/nfs3proc.o
  CC [M]  net/ipv4/netfilter/ip_set_iptreemap.o
  CC [M]  fs/ext3/resize.o
  CC [M]  net/ipv4/netfilter/ip_set_setlist.o
  CC [M]  fs/ext3/ext3_jbd.o
  CC [M]  drivers/net/usb/hso_26-v1.14/hso.o
  CC [M]  fs/nfsd/nfs3xdr.o
  CC [M]  fs/ext3/xattr.o
  CC [M]  fs/ext3/xattr_user.o
  CC [M]  fs/ext3/xattr_trusted.o
  CC [M]  net/ipv4/netfilter/ipt_set.o
  CC [M]  net/ipv4/netfilter/ipt_SET.o
  CC [M]  fs/jffs2/symlink.o
net/ipv4/netfilter/ipt_set.c:112: warning: initialization from incompatible pointer type
net/ipv4/netfilter/ipt_set.c:114: warning: initialization from incompatible pointer type
  CC [M]  fs/jffs2/build.o
drivers/net/usb/hso_26-v1.14/hso.c:3593: warning: 'reset_device' defined but not used
  CC [M]  fs/jffs2/erase.o
  CC [M]  fs/jffs2/background.o
  CC [M]  fs/reiserfs/bitmap.o
  CC [M]  net/key/af_key.o
  CC [M]  fs/reiserfs/do_balan.o
  CC [M]  fs/reiserfs/namei.o
  CC [M]  fs/reiserfs/inode.o
net/ipv4/netfilter/ipt_SET.c:124: warning: initialization from incompatible pointer type
net/ipv4/netfilter/ipt_SET.c:126: warning: initialization from incompatible pointer type
  CC [M]  fs/reiserfs/file.o
  CC [M]  net/netfilter/nf_conntrack_proto_gre.o
  CC [M]  net/netfilter/nf_conntrack_ftp.o
  CC [M]  fs/jffs2/fs.o
  LD [M]  drivers/net/et/et.o
  CC [M]  fs/jffs2/writev.o
  CC [M]  fs/jffs2/super.o
  CC [M]  fs/reiserfs/dir.o
  CC [M]  fs/reiserfs/fix_node.o
  CC [M]  fs/jffs2/debug.o
  CC [M]  fs/jffs2/wbuf.o
  CC [M]  net/netfilter/nf_conntrack_h323_main.o
  CC [M]  net/netfilter/nf_conntrack_h323_asn1.o
  LD [M]  fs/nfsd/nfsd.o
  CC [M]  net/netfilter/nf_conntrack_pptp.o
  LD [M]  fs/ext3/ext3.o
  CC [M]  fs/jffs2/compr_zlib.o
  CC [M]  net/netfilter/nf_conntrack_sip.o
  CC [M]  fs/reiserfs/super.o
  CC [M]  net/netfilter/nf_conntrack_rtsp.o
  CC [M]  fs/reiserfs/prints.o
  CC [M]  fs/reiserfs/objectid.o
  CC [M]  fs/reiserfs/lbalance.o
  CC [M]  net/netfilter/xt_DSCP.o
  CC [M]  fs/reiserfs/ibalance.o
  CC [M]  net/netfilter/xt_HL.o
  CC [M]  net/netfilter/xt_IMQ.o
  CC [M]  net/netfilter/xt_NFQUEUE.o
  CC [M]  fs/vfat/namei.o
  CC [M]  fs/reiserfs/stree.o
  LD [M]  fs/jffs2/jffs2.o
  CC [M]  fs/reiserfs/hashes.o
  CC [M]  fs/xfs/linux-2.6/xfs_stats.o
  CC [M]  net/netfilter/xt_NOTRACK.o
  CC [M]  net/netfilter/xt_dscp.o
  CC [M]  net/sched/sch_hfsc.o
  CC [M]  net/netfilter/xt_geoip.o
  CC [M]  net/netfilter/xt_hl.o
  CC [M]  net/sched/sch_red.o
  CC [M]  net/netfilter/xt_length.o
  CC [M]  net/sched/sch_esfq.o
  CC [M]  fs/reiserfs/tail_conversion.o
  CC [M]  net/netfilter/xt_policy.o
  CC [M]  fs/reiserfs/journal.o
  CC [M]  net/netfilter/xt_quota.o
  CC [M]  fs/xfs/linux-2.6/xfs_sysctl.o
  CC [M]  net/netfilter/xt_layer7.o
  CC [M]  net/netfilter/xt_condition.o
  CC [M]  fs/reiserfs/resize.o
  CC [M]  net/netfilter/xt_hashlimit.o
  LD [M]  fs/vfat/vfat.o
  CC [M]  net/sunrpc/clnt.o
  CC [M]  fs/reiserfs/item_ops.o
  CC [M]  net/sunrpc/xprt.o
  CC [M]  net/sunrpc/socklib.o
  CC [M]  net/sunrpc/xprtsock.o
  CC [M]  fs/reiserfs/ioctl.o
  CC [M]  fs/xfs/xfs_alloc.o
  CC [M]  net/sunrpc/sched.o
  CC [M]  net/sunrpc/auth.o
  CC [M]  net/sunrpc/auth_null.o
  LD [M]  net/netfilter/nf_conntrack_h323.o
  CC [M]  net/sunrpc/auth_unix.o
  CC [M]  fs/reiserfs/procfs.o
  CC [M]  net/sunrpc/svc.o
  CC [M]  net/sched/sch_tbf.o
  CC [M]  fs/reiserfs/xattr.o
  CC [M]  net/sunrpc/svcsock.o
  CC [M]  net/sunrpc/svcauth.o
  CC [M]  fs/reiserfs/xattr_user.o
  CC [M]  fs/reiserfs/xattr_trusted.o
  CC [M]  net/sunrpc/svcauth_unix.o
  CC [M]  fs/xfs/xfs_alloc_btree.o
  CC [M]  fs/xfs/xfs_attr.o
  CC [M]  net/sunrpc/rpcb_clnt.o
  CC [M]  net/sunrpc/timer.o
  CC [M]  fs/xfs/xfs_attr_leaf.o
  CC [M]  fs/xfs/xfs_behavior.o
  CC [M]  net/sunrpc/xdr.o
  CC [M]  net/sunrpc/sunrpc_syms.o
  CC [M]  net/sunrpc/cache.o
  CC [M]  net/sunrpc/rpc_pipe.o
  CC [M]  net/xfrm/xfrm_user.o
  CC [M]  net/sunrpc/stats.o
  CC [M]  net/sunrpc/sysctl.o
  CC [M]  net/sunrpc/auth_gss/auth_gss.o
net/sunrpc/cache.c: In function 'c_stop':
net/sunrpc/cache.c:1188: warning: unused variable 'cd'
  CC [M]  net/sunrpc/auth_gss/gss_generic_token.o
  CC [M]  net/sunrpc/auth_gss/gss_mech_switch.o
  CC [M]  net/sunrpc/auth_gss/svcauth_gss.o
  CC [M]  net/sunrpc/auth_gss/gss_krb5_crypto.o
  CC [M]  net/sunrpc/auth_gss/gss_krb5_mech.o
  CC [M]  net/sunrpc/auth_gss/gss_krb5_seal.o
  CC [M]  net/sunrpc/auth_gss/gss_krb5_unseal.o
  CC [M]  fs/xfs/xfs_bit.o
  CC [M]  net/sunrpc/auth_gss/gss_krb5_seqnum.o
  CC [M]  net/sunrpc/auth_gss/gss_krb5_wrap.o
  CC [M]  fs/xfs/xfs_bmap.o
  CC [M]  fs/xfs/xfs_bmap_btree.o
  CC [M]  fs/xfs/xfs_btree.o
  CC [M]  fs/xfs/xfs_buf_item.o
  CC [M]  fs/xfs/xfs_da_btree.o
  CC [M]  fs/xfs/xfs_dir2.o
  CC [M]  fs/xfs/xfs_dir2_block.o
  CC [M]  fs/xfs/xfs_dir2_data.o
  CC [M]  fs/xfs/xfs_dir2_leaf.o
  CC [M]  fs/xfs/xfs_dir2_node.o
  CC [M]  fs/xfs/xfs_dir2_sf.o
  CC [M]  fs/xfs/xfs_error.o
  CC [M]  fs/xfs/xfs_extfree_item.o
  CC [M]  fs/xfs/xfs_fsops.o
  CC [M]  fs/xfs/xfs_ialloc.o
  LD [M]  net/sunrpc/sunrpc.o
  LD [M]  net/sunrpc/auth_gss/auth_rpcgss.o
  CC [M]  fs/xfs/xfs_ialloc_btree.o
  CC [M]  fs/xfs/xfs_iget.o
  CC [M]  fs/xfs/xfs_inode.o
  CC [M]  fs/xfs/xfs_inode_item.o
  CC [M]  fs/xfs/xfs_iocore.o
  LD [M]  fs/reiserfs/reiserfs.o
  CC [M]  fs/xfs/xfs_iomap.o
  CC [M]  fs/xfs/xfs_itable.o
  LD [M]  net/sunrpc/auth_gss/rpcsec_gss_krb5.o
  CC [M]  fs/xfs/xfs_dfrag.o
  CC [M]  fs/xfs/xfs_log.o
  CC [M]  fs/xfs/xfs_log_recover.o
  CC [M]  fs/xfs/xfs_mount.o
  CC [M]  fs/xfs/xfs_rename.o
  CC [M]  fs/xfs/xfs_trans.o
  CC [M]  fs/xfs/xfs_trans_ail.o
  CC [M]  fs/xfs/xfs_trans_buf.o
  CC [M]  fs/xfs/xfs_trans_extfree.o
  CC [M]  fs/xfs/xfs_trans_inode.o
fs/xfs/xfs_bmap.c: In function 'xfs_bmap_rtalloc':
fs/xfs/xfs_bmap.c:2650: warning: 'rtx' is used uninitialized in this function
  CC [M]  fs/xfs/xfs_trans_item.o
  CC [M]  fs/xfs/xfs_utils.o
  CC [M]  fs/xfs/xfs_vfsops.o
  CC [M]  fs/xfs/xfs_vnodeops.o
  CC [M]  fs/xfs/xfs_rw.o
  CC [M]  fs/xfs/xfs_dmops.o
  CC [M]  fs/xfs/xfs_qmops.o
  CC [M]  fs/xfs/linux-2.6/kmem.o
  CC [M]  fs/xfs/linux-2.6/xfs_aops.o
  CC [M]  fs/xfs/linux-2.6/xfs_buf.o
  CC [M]  fs/xfs/linux-2.6/xfs_export.o
  CC [M]  fs/xfs/linux-2.6/xfs_file.o
  CC [M]  fs/xfs/linux-2.6/xfs_fs_subr.o
  CC [M]  fs/xfs/linux-2.6/xfs_globals.o
  CC [M]  fs/xfs/linux-2.6/xfs_ioctl.o
  CC [M]  fs/xfs/linux-2.6/xfs_iops.o
  CC [M]  fs/xfs/linux-2.6/xfs_lrw.o
  CC [M]  fs/xfs/linux-2.6/xfs_super.o
  CC [M]  fs/xfs/linux-2.6/xfs_vfs.o
  CC [M]  fs/xfs/linux-2.6/xfs_vnode.o
  CC [M]  fs/xfs/support/debug.o
  CC [M]  fs/xfs/support/move.o
  CC [M]  fs/xfs/support/uuid.o
  LD [M]  fs/xfs/xfs.o
  Building modules, stage 2.
  MODPOST 210 modules
  CC      crypto/aes.mod.o
  CC      crypto/deflate.mod.o
  CC      crypto/des.mod.o
  CC      crypto/md5.mod.o
  CC      crypto/sha256.mod.o
  CC      crypto/sha512.mod.o
  CC      crypto/xcbc.mod.o
  CC      drivers/base/firmware_class.mod.o
  CC      drivers/block/loop.mod.o
  CC      drivers/bluetooth/bcm203x.mod.o
  CC      drivers/bluetooth/bfusb.mod.o
  CC      drivers/bluetooth/bpa10x.mod.o
  CC      drivers/bluetooth/hci_uart.mod.o
  CC      drivers/bluetooth/hci_usb.mod.o
  CC      drivers/bluetooth/hci_vhci.mod.o
  CC      drivers/cdrom/cdrom.mod.o
  CC      drivers/connector/cn.mod.o
  CC      drivers/hid/hid.mod.o
  CC      drivers/hid/usbhid/usbhid.mod.o
  CC      drivers/hid/usbhid/usbkbd.mod.o
  CC      drivers/hid/usbhid/usbmouse.mod.o
  CC      drivers/input/evdev.mod.o
  CC      drivers/input/input-core.mod.o
  CC      drivers/input/joydev.mod.o
  CC      drivers/input/mousedev.mod.o
  CC      drivers/media/video/uvc/uvcvideo.mod.o
  CC      drivers/media/video/v4l2-int-device.mod.o
  CC      drivers/media/video/v4l2-common.mod.o
  CC      drivers/media/video/videodev.mod.o
  CC      drivers/net/bcm57xx/bcm57xx.mod.o
  CC      drivers/net/bonding/bonding.mod.o
  CC      drivers/net/ctf/ctf.mod.o
  CC      drivers/net/emf/emf.mod.o
  CC      drivers/net/et/et.mod.o
  CC      drivers/net/igs/igs.mod.o
  CC      drivers/net/imq.mod.o
  CC      drivers/net/ppp_deflate.mod.o
  CC      drivers/net/tun.mod.o
  CC      drivers/net/usb/asix.mod.o
  CC      drivers/net/usb/cdc_ether.mod.o
  CC      drivers/net/usb/cdc_mbim.mod.o
  CC      drivers/net/usb/cdc_ncm.mod.o
  CC      drivers/net/usb/hso_26-v1.14/hso.mod.o
  CC      drivers/net/usb/qmi_wwan.mod.o
  CC      drivers/net/usb/ipheth.mod.o
  CC      drivers/net/usb/rndis_host.mod.o
  CC      drivers/net/usb/usbnet.mod.o
  CC      drivers/net/wl/wl.mod.o
  CC      drivers/scsi/scsi_mod.mod.o
  CC      drivers/scsi/scsi_wait_scan.mod.o
  CC      drivers/scsi/sd_mod.mod.o
  CC      drivers/scsi/sg.mod.o
  CC      drivers/scsi/sr_mod.mod.o
  CC      drivers/usb/class/cdc-acm.mod.o
  CC      drivers/usb/class/cdc-wdm.mod.o
  CC      drivers/usb/class/usblp.mod.o
  CC      drivers/usb/core/usbcore.mod.o
  CC      drivers/usb/host/ehci-hcd.mod.o
  CC      drivers/usb/host/ohci-hcd.mod.o
  CC      drivers/usb/host/uhci-hcd.mod.o
  CC      drivers/usb/serial/option.mod.o
  CC      drivers/usb/serial/usbserial.mod.o
  CC      drivers/usb/storage/usb-storage.mod.o
  CC      fs/cifs/cifs.mod.o
  CC      fs/exportfs/exportfs.mod.o
  CC      fs/ext2/ext2.mod.o
  CC      fs/ext3/ext3.mod.o
  CC      fs/fat/fat.mod.o
  CC      fs/fuse/fuse.mod.o
  CC      fs/jbd/jbd.mod.o
  CC      fs/jffs/jffs.mod.o
  CC      fs/lockd/lockd.mod.o
  CC      fs/mbcache.mod.o
  CC      fs/nfs/nfs.mod.o
  CC      fs/jffs2/jffs2.mod.o
  CC      fs/nfsd/nfsd.mod.o
  CC      fs/nls/nls_cp437.mod.o
  CC      fs/nls/nls_cp850.mod.o
  CC      fs/nls/nls_cp852.mod.o
  CC      fs/nls/nls_cp866.mod.o
  CC      fs/nls/nls_cp932.mod.o
  CC      fs/nls/nls_cp936.mod.o
  CC      fs/nls/nls_cp949.mod.o
  CC      fs/nls/nls_cp950.mod.o
  CC      fs/nls/nls_euc-jp.mod.o
  CC      fs/reiserfs/reiserfs.mod.o
  CC      fs/vfat/vfat.mod.o
  CC      fs/xfs/xfs.mod.o
  CC      lib/zlib_deflate/zlib_deflate.mod.o
  CC      lib/zlib_inflate/zlib_inflate.mod.o
  CC      net/bluetooth/bluetooth.mod.o
  CC      net/bluetooth/bnep/bnep.mod.o
  CC      net/bluetooth/hidp/hidp.mod.o
  CC      net/bluetooth/l2cap.mod.o
  CC      net/bluetooth/rfcomm/rfcomm.mod.o
  CC      net/bluetooth/sco.mod.o
  CC      net/bridge/netfilter/ebt_arp.mod.o
  CC      net/bridge/netfilter/ebt_arpreply.mod.o
  CC      net/bridge/netfilter/ebt_dnat.mod.o
  CC      net/bridge/netfilter/ebt_ip.mod.o
  CC      net/bridge/netfilter/ebt_limit.mod.o
  CC      net/bridge/netfilter/ebt_log.mod.o
  CC      net/bridge/netfilter/ebt_mark.mod.o
  CC      net/bridge/netfilter/ebt_pkttype.mod.o
  CC      net/bridge/netfilter/ebt_redirect.mod.o
  CC      net/bridge/netfilter/ebt_snat.mod.o
  CC      net/bridge/netfilter/ebt_stp.mod.o
  CC      net/bridge/netfilter/ebt_vlan.mod.o
  CC      net/bridge/netfilter/ebtable_broute.mod.o
  CC      net/bridge/netfilter/ebtable_filter.mod.o
  CC      net/bridge/netfilter/ebtable_nat.mod.o
  CC      net/bridge/netfilter/ebtables.mod.o
  CC      net/ipv4/ah4.mod.o
  CC      net/ipv4/esp4.mod.o
  CC      net/ipv4/ipcomp.mod.o
  CC      net/ipv4/netfilter/ip_set.mod.o
  CC      net/ipv4/netfilter/ip_set_iphash.mod.o
  CC      net/ipv4/netfilter/ip_set_ipmap.mod.o
  CC      net/ipv4/netfilter/ip_set_ipporthash.mod.o
  CC      net/ipv4/netfilter/ip_set_ipportiphash.mod.o
  CC      net/ipv4/netfilter/ip_set_ipportnethash.mod.o
  CC      net/ipv4/netfilter/ip_set_iptree.mod.o
  CC      net/ipv4/netfilter/ip_set_iptreemap.mod.o
  CC      net/ipv4/netfilter/ip_set_macipmap.mod.o
  CC      net/ipv4/netfilter/ip_set_nethash.mod.o
  CC      net/ipv4/netfilter/ip_set_portmap.mod.o
  CC      net/ipv4/netfilter/ip_set_setlist.mod.o
  CC      net/ipv4/netfilter/ipt_NETMAP.mod.o
  CC      net/ipv4/netfilter/ipt_REDIRECT.mod.o
  CC      net/ipv4/netfilter/ipt_SET.mod.o
  CC      net/ipv4/netfilter/ipt_ROUTE.mod.o
  CC      net/ipv4/netfilter/ipt_ipp2p.mod.o
  CC      net/ipv4/netfilter/ipt_TOS.mod.o
  CC      net/ipv4/netfilter/ipt_set.mod.o
  CC      net/ipv4/netfilter/ipt_time.mod.o
  CC      net/ipv4/netfilter/ipt_tos.mod.o
  CC      net/ipv4/netfilter/ipt_web.mod.o
  CC      net/ipv4/netfilter/ipt_webmon.mod.o
  CC      net/ipv4/netfilter/iptable_raw.mod.o
  CC      net/ipv4/netfilter/nf_nat_ftp.mod.o
  CC      net/ipv4/netfilter/nf_nat_h323.mod.o
  CC      net/ipv4/netfilter/nf_nat_pptp.mod.o
  CC      net/ipv4/netfilter/nf_nat_proto_gre.mod.o
  CC      net/ipv4/netfilter/nf_nat_rtsp.mod.o
  CC      net/ipv4/netfilter/nf_nat_sip.mod.o
  CC      net/ipv4/tcp_vegas.mod.o
  CC      net/ipv4/tunnel4.mod.o
  CC      net/ipv4/xfrm4_mode_beet.mod.o
  CC      net/ipv4/xfrm4_mode_transport.mod.o
  CC      net/ipv4/xfrm4_mode_tunnel.mod.o
  CC      net/ipv4/xfrm4_tunnel.mod.o
  CC      net/ipv6/ah6.mod.o
  CC      net/ipv6/esp6.mod.o
  CC      net/ipv6/ipcomp6.mod.o
  CC      net/ipv6/netfilter/ip6t_LOG.mod.o
  CC      net/ipv6/netfilter/ip6t_REJECT.mod.o
  CC      net/ipv6/netfilter/ip6t_ROUTE.mod.o
  CC      net/ipv6/netfilter/ip6t_SKIPLOG.mod.o
  CC      net/ipv6/netfilter/ip6table_mangle.mod.o
  CC      net/ipv6/netfilter/ip6table_filter.mod.o
  CC      net/ipv6/sit.mod.o
  CC      net/ipv6/tunnel6.mod.o
  CC      net/ipv6/xfrm6_mode_beet.mod.o
  CC      net/ipv6/xfrm6_mode_transport.mod.o
  CC      net/ipv6/xfrm6_mode_tunnel.mod.o
  CC      net/ipv6/xfrm6_tunnel.mod.o
  CC      net/key/af_key.mod.o
  CC      net/netfilter/nf_conntrack_ftp.mod.o
  CC      net/netfilter/nf_conntrack_h323.mod.o
  CC      net/netfilter/nf_conntrack_pptp.mod.o
  CC      net/netfilter/nf_conntrack_proto_gre.mod.o
  CC      net/netfilter/nf_conntrack_rtsp.mod.o
  CC      net/netfilter/nf_conntrack_sip.mod.o
  CC      net/netfilter/xt_DSCP.mod.o
  CC      net/netfilter/xt_HL.mod.o
  CC      net/netfilter/xt_NFQUEUE.mod.o
  CC      net/netfilter/xt_IMQ.mod.o
  CC      net/netfilter/xt_condition.mod.o
  CC      net/netfilter/xt_NOTRACK.mod.o
  CC      net/netfilter/xt_dscp.mod.o
  CC      net/netfilter/xt_geoip.mod.o
  CC      net/netfilter/xt_hashlimit.mod.o
  CC      net/netfilter/xt_hl.mod.o
  CC      net/netfilter/xt_layer7.mod.o
  CC      net/netfilter/xt_length.mod.o
  CC      net/netfilter/xt_policy.mod.o
  CC      net/netfilter/xt_quota.mod.o
  CC      net/sched/sch_hfsc.mod.o
  CC      net/sched/sch_esfq.mod.o
  CC      net/sched/sch_tbf.mod.o
  CC      net/sched/sch_red.mod.o
  CC      net/sunrpc/auth_gss/auth_rpcgss.mod.o
  CC      net/sunrpc/auth_gss/rpcsec_gss_krb5.mod.o
  CC      net/sunrpc/sunrpc.mod.o
  CC      net/xfrm/xfrm_user.mod.o
  CC      sound/core/oss/snd-mixer-oss.mod.o
  CC      sound/core/oss/snd-pcm-oss.mod.o
  CC      sound/core/seq/snd-seq-device.mod.o
  CC      sound/core/seq/snd-seq-midi-event.mod.o
  CC      sound/core/seq/snd-seq-midi.mod.o
  CC      sound/core/seq/snd-seq.mod.o
  CC      sound/core/snd-hwdep.mod.o
  CC      sound/core/snd-page-alloc.mod.o
  CC      sound/core/snd-pcm.mod.o
  CC      sound/core/snd-rawmidi.mod.o
  CC      sound/core/snd-timer.mod.o
  CC      sound/core/snd.mod.o
  CC      sound/soundcore.mod.o
  CC      sound/usb/snd-usb-audio.mod.o
  CC      sound/usb/snd-usb-lib.mod.o
  LD [M]  crypto/aes.ko
  LD [M]  crypto/deflate.ko
  LD [M]  crypto/des.ko
  LD [M]  crypto/md5.ko
  LD [M]  crypto/sha256.ko
  LD [M]  crypto/sha512.ko
  LD [M]  crypto/xcbc.ko
  LD [M]  drivers/base/firmware_class.ko
  LD [M]  drivers/block/loop.ko
  LD [M]  drivers/bluetooth/bcm203x.ko
  LD [M]  drivers/bluetooth/bfusb.ko
  LD [M]  drivers/bluetooth/bpa10x.ko
  LD [M]  drivers/bluetooth/hci_uart.ko
  LD [M]  drivers/bluetooth/hci_usb.ko
  LD [M]  drivers/bluetooth/hci_vhci.ko
  LD [M]  drivers/cdrom/cdrom.ko
  LD [M]  drivers/connector/cn.ko
  LD [M]  drivers/hid/hid.ko
  LD [M]  drivers/hid/usbhid/usbhid.ko
  LD [M]  drivers/hid/usbhid/usbkbd.ko
  LD [M]  drivers/hid/usbhid/usbmouse.ko
  LD [M]  drivers/input/evdev.ko
  LD [M]  drivers/input/input-core.ko
  LD [M]  drivers/input/joydev.ko
  LD [M]  drivers/input/mousedev.ko
  LD [M]  drivers/media/video/uvc/uvcvideo.ko
  LD [M]  drivers/media/video/v4l2-common.ko
  LD [M]  drivers/media/video/v4l2-int-device.ko
  LD [M]  drivers/media/video/videodev.ko
  LD [M]  drivers/net/bcm57xx/bcm57xx.ko
  LD [M]  drivers/net/bonding/bonding.ko
  LD [M]  drivers/net/ctf/ctf.ko
  LD [M]  drivers/net/emf/emf.ko
  LD [M]  drivers/net/igs/igs.ko
  LD [M]  drivers/net/et/et.ko
  LD [M]  drivers/net/imq.ko
  LD [M]  drivers/net/ppp_deflate.ko
  LD [M]  drivers/net/tun.ko
  LD [M]  drivers/net/usb/asix.ko
  LD [M]  drivers/net/usb/cdc_ether.ko
  LD [M]  drivers/net/usb/cdc_mbim.ko
  LD [M]  drivers/net/usb/cdc_ncm.ko
  LD [M]  drivers/net/usb/hso_26-v1.14/hso.ko
  LD [M]  drivers/net/usb/ipheth.ko
  LD [M]  drivers/net/usb/qmi_wwan.ko
  LD [M]  drivers/net/usb/rndis_host.ko
  LD [M]  drivers/net/usb/usbnet.ko
  LD [M]  drivers/net/wl/wl.ko
  LD [M]  drivers/scsi/scsi_mod.ko
  LD [M]  drivers/scsi/scsi_wait_scan.ko
  LD [M]  drivers/scsi/sd_mod.ko
  LD [M]  drivers/scsi/sg.ko
  LD [M]  drivers/scsi/sr_mod.ko
  LD [M]  drivers/usb/class/cdc-acm.ko
  LD [M]  drivers/usb/class/cdc-wdm.ko
  LD [M]  drivers/usb/class/usblp.ko
  LD [M]  drivers/usb/core/usbcore.ko
  LD [M]  drivers/usb/host/ehci-hcd.ko
  LD [M]  drivers/usb/host/ohci-hcd.ko
  LD [M]  drivers/usb/host/uhci-hcd.ko
  LD [M]  drivers/usb/serial/option.ko
  LD [M]  drivers/usb/storage/usb-storage.ko
  LD [M]  drivers/usb/serial/usbserial.ko
  LD [M]  fs/cifs/cifs.ko
  LD [M]  fs/exportfs/exportfs.ko
  LD [M]  fs/ext2/ext2.ko
  LD [M]  fs/ext3/ext3.ko
  LD [M]  fs/fat/fat.ko
  LD [M]  fs/fuse/fuse.ko
  LD [M]  fs/jbd/jbd.ko
  LD [M]  fs/jffs/jffs.ko
  LD [M]  fs/jffs2/jffs2.ko
  LD [M]  fs/lockd/lockd.ko
  LD [M]  fs/mbcache.ko
  LD [M]  fs/nfs/nfs.ko
  LD [M]  fs/nfsd/nfsd.ko
  LD [M]  fs/nls/nls_cp437.ko
  LD [M]  fs/nls/nls_cp850.ko
  LD [M]  fs/nls/nls_cp852.ko
  LD [M]  fs/nls/nls_cp866.ko
  LD [M]  fs/nls/nls_cp932.ko
  LD [M]  fs/nls/nls_cp936.ko
  LD [M]  fs/nls/nls_cp949.ko
  LD [M]  fs/nls/nls_cp950.ko
  LD [M]  fs/nls/nls_euc-jp.ko
  LD [M]  fs/reiserfs/reiserfs.ko
  LD [M]  fs/vfat/vfat.ko
  LD [M]  fs/xfs/xfs.ko
  LD [M]  lib/zlib_deflate/zlib_deflate.ko
  LD [M]  lib/zlib_inflate/zlib_inflate.ko
  LD [M]  net/bluetooth/bluetooth.ko
  LD [M]  net/bluetooth/bnep/bnep.ko
  LD [M]  net/bluetooth/hidp/hidp.ko
  LD [M]  net/bluetooth/l2cap.ko
  LD [M]  net/bluetooth/rfcomm/rfcomm.ko
  LD [M]  net/bluetooth/sco.ko
  LD [M]  net/bridge/netfilter/ebt_arp.ko
  LD [M]  net/bridge/netfilter/ebt_arpreply.ko
  LD [M]  net/bridge/netfilter/ebt_dnat.ko
  LD [M]  net/bridge/netfilter/ebt_ip.ko
  LD [M]  net/bridge/netfilter/ebt_limit.ko
  LD [M]  net/bridge/netfilter/ebt_log.ko
  LD [M]  net/bridge/netfilter/ebt_mark.ko
  LD [M]  net/bridge/netfilter/ebt_pkttype.ko
  LD [M]  net/bridge/netfilter/ebt_redirect.ko
  LD [M]  net/bridge/netfilter/ebt_snat.ko
  LD [M]  net/bridge/netfilter/ebt_stp.ko
  LD [M]  net/bridge/netfilter/ebt_vlan.ko
  LD [M]  net/bridge/netfilter/ebtable_broute.ko
  LD [M]  net/bridge/netfilter/ebtable_filter.ko
  LD [M]  net/bridge/netfilter/ebtable_nat.ko
  LD [M]  net/bridge/netfilter/ebtables.ko
  LD [M]  net/ipv4/ah4.ko
  LD [M]  net/ipv4/esp4.ko
  LD [M]  net/ipv4/ipcomp.ko
  LD [M]  net/ipv4/netfilter/ip_set.ko
  LD [M]  net/ipv4/netfilter/ip_set_iphash.ko
  LD [M]  net/ipv4/netfilter/ip_set_ipmap.ko
  LD [M]  net/ipv4/netfilter/ip_set_ipporthash.ko
  LD [M]  net/ipv4/netfilter/ip_set_ipportiphash.ko
  LD [M]  net/ipv4/netfilter/ip_set_ipportnethash.ko
  LD [M]  net/ipv4/netfilter/ip_set_iptree.ko
  LD [M]  net/ipv4/netfilter/ip_set_iptreemap.ko
  LD [M]  net/ipv4/netfilter/ip_set_macipmap.ko
  LD [M]  net/ipv4/netfilter/ip_set_nethash.ko
  LD [M]  net/ipv4/netfilter/ip_set_portmap.ko
  LD [M]  net/ipv4/netfilter/ip_set_setlist.ko
  LD [M]  net/ipv4/netfilter/ipt_NETMAP.ko
  LD [M]  net/ipv4/netfilter/ipt_REDIRECT.ko
  LD [M]  net/ipv4/netfilter/ipt_ROUTE.ko
  LD [M]  net/ipv4/netfilter/ipt_SET.ko
  LD [M]  net/ipv4/netfilter/ipt_TOS.ko
  LD [M]  net/ipv4/netfilter/ipt_ipp2p.ko
  LD [M]  net/ipv4/netfilter/ipt_set.ko
  LD [M]  net/ipv4/netfilter/ipt_time.ko
  LD [M]  net/ipv4/netfilter/ipt_tos.ko
  LD [M]  net/ipv4/netfilter/ipt_web.ko
  LD [M]  net/ipv4/netfilter/ipt_webmon.ko
  LD [M]  net/ipv4/netfilter/iptable_raw.ko
  LD [M]  net/ipv4/netfilter/nf_nat_ftp.ko
  LD [M]  net/ipv4/netfilter/nf_nat_h323.ko
  LD [M]  net/ipv4/netfilter/nf_nat_pptp.ko
  LD [M]  net/ipv4/netfilter/nf_nat_proto_gre.ko
  LD [M]  net/ipv4/netfilter/nf_nat_rtsp.ko
  LD [M]  net/ipv4/netfilter/nf_nat_sip.ko
  LD [M]  net/ipv4/tcp_vegas.ko
  LD [M]  net/ipv4/tunnel4.ko
  LD [M]  net/ipv4/xfrm4_mode_beet.ko
  LD [M]  net/ipv4/xfrm4_mode_transport.ko
  LD [M]  net/ipv4/xfrm4_mode_tunnel.ko
  LD [M]  net/ipv4/xfrm4_tunnel.ko
  LD [M]  net/ipv6/ah6.ko
  LD [M]  net/ipv6/esp6.ko
  LD [M]  net/ipv6/ipcomp6.ko
  LD [M]  net/ipv6/netfilter/ip6t_LOG.ko
  LD [M]  net/ipv6/netfilter/ip6t_REJECT.ko
  LD [M]  net/ipv6/netfilter/ip6t_ROUTE.ko
  LD [M]  net/ipv6/netfilter/ip6t_SKIPLOG.ko
  LD [M]  net/ipv6/netfilter/ip6table_filter.ko
  LD [M]  net/ipv6/netfilter/ip6table_mangle.ko
  LD [M]  net/ipv6/sit.ko
  LD [M]  net/ipv6/tunnel6.ko
  LD [M]  net/ipv6/xfrm6_mode_beet.ko
  LD [M]  net/ipv6/xfrm6_mode_tunnel.ko
  LD [M]  net/ipv6/xfrm6_mode_transport.ko
  LD [M]  net/ipv6/xfrm6_tunnel.ko
  LD [M]  net/key/af_key.ko
  LD [M]  net/netfilter/nf_conntrack_ftp.ko
  LD [M]  net/netfilter/nf_conntrack_h323.ko
  LD [M]  net/netfilter/nf_conntrack_pptp.ko
  LD [M]  net/netfilter/nf_conntrack_proto_gre.ko
  LD [M]  net/netfilter/nf_conntrack_rtsp.ko
  LD [M]  net/netfilter/nf_conntrack_sip.ko
  LD [M]  net/netfilter/xt_DSCP.ko
  LD [M]  net/netfilter/xt_HL.ko
  LD [M]  net/netfilter/xt_IMQ.ko
  LD [M]  net/netfilter/xt_NFQUEUE.ko
  LD [M]  net/netfilter/xt_NOTRACK.ko
  LD [M]  net/netfilter/xt_condition.ko
  LD [M]  net/netfilter/xt_dscp.ko
  LD [M]  net/netfilter/xt_geoip.ko
  LD [M]  net/netfilter/xt_hashlimit.ko
  LD [M]  net/netfilter/xt_hl.ko
  LD [M]  net/netfilter/xt_layer7.ko
  LD [M]  net/netfilter/xt_length.ko
  LD [M]  net/netfilter/xt_policy.ko
  LD [M]  net/netfilter/xt_quota.ko
  LD [M]  net/sched/sch_esfq.ko
  LD [M]  net/sched/sch_hfsc.ko
  LD [M]  net/sched/sch_red.ko
  LD [M]  net/sched/sch_tbf.ko
  LD [M]  net/sunrpc/auth_gss/auth_rpcgss.ko
  LD [M]  net/sunrpc/auth_gss/rpcsec_gss_krb5.ko
  LD [M]  net/sunrpc/sunrpc.ko
  LD [M]  net/xfrm/xfrm_user.ko
  LD [M]  sound/core/oss/snd-mixer-oss.ko
  LD [M]  sound/core/oss/snd-pcm-oss.ko
  LD [M]  sound/core/seq/snd-seq-device.ko
  LD [M]  sound/core/seq/snd-seq-midi-event.ko
  LD [M]  sound/core/seq/snd-seq-midi.ko
  LD [M]  sound/core/seq/snd-seq.ko
  LD [M]  sound/core/snd-hwdep.ko
  LD [M]  sound/core/snd-page-alloc.ko
  LD [M]  sound/core/snd-pcm.ko
  LD [M]  sound/core/snd-rawmidi.ko
  LD [M]  sound/core/snd-timer.ko
  LD [M]  sound/core/snd.ko
  LD [M]  sound/soundcore.ko
  LD [M]  sound/usb/snd-usb-audio.ko
  LD [M]  sound/usb/snd-usb-lib.ko
make[4]: Leaving directory '/home/jamie/asuswrt-merlin/release/src-rt/linux/linux-2.6'
make -C /home/jamie/asuswrt-merlin/release/src-rt-6.x/linux/linux-2.6/arch/mips/brcm-boards/bcm947xx/compressed srctree=/home/jamie/asuswrt-merlin/release/src-rt-6.x/linux/linux-2.6 -j`grep -c '^processor' /proc/cpuinfo`
make[4]: Entering directory '/home/jamie/asuswrt-merlin/release/src-rt/linux/linux-2.6/arch/mips/brcm-boards/bcm947xx/compressed'
mipsel-uclibc-gcc -D__ASSEMBLY__ -DLOADADDR=0x80001000 -march=mips32r2 -Wa,-mips32r2 -Wa,--trap -G 0 -mno-abicalls -fno-pic -pipe -I/home/jamie/asuswrt-merlin/release/src-rt-6.x/include   -c -o boot.o /home/jamie/asuswrt-merlin/release/src-rt-6.x/shared/boot.S
mipsel-uclibc-gcc -D__ASSEMBLY__ -DLOADADDR=0x80001000 -march=mips32r2 -Wa,-mips32r2 -Wa,--trap -G 0 -mno-abicalls -fno-pic -pipe -I/home/jamie/asuswrt-merlin/release/src-rt-6.x/include   -c -o sisdram.o /home/jamie/asuswrt-merlin/release/src-rt-6.x/shared/sisdram.S
mipsel-uclibc-gcc -D__ASSEMBLY__ -DLOADADDR=0x80001000 -march=mips32r2 -Wa,-mips32r2 -Wa,--trap -G 0 -mno-abicalls -fno-pic -pipe -I/home/jamie/asuswrt-merlin/release/src-rt-6.x/include   -c -o sbsdram.o /home/jamie/asuswrt-merlin/release/src-rt-6.x/shared/sbsdram.S
mipsel-uclibc-gcc -D__ASSEMBLY__ -DLOADADDR=0x80001000 -march=mips32r2 -Wa,-mips32r2 -Wa,--trap -G 0 -mno-abicalls -fno-pic -pipe -I/home/jamie/asuswrt-merlin/release/src-rt-6.x/include   -c -o aisdram.o /home/jamie/asuswrt-merlin/release/src-rt-6.x/shared/aisdram.S
mipsel-uclibc-gcc -DBCMWPA2 -DBCMQOS -DEXT_ACS -DD11AC_IOTYPES -DPHYMON -DPROXYARP -DTRAFFIC_MGMT -DTRAFFIC_MGMT_RSSI_POLICY -DLINUX26 -DCONFIG_BCMWL5 -DDEBUG_NOISY -DDEBUG_RCTEST -pipe -DBCMWPA2 -funit-at-a-time -Wno-pointer-sign -mtune=mips32r2 -mips32r2 -DRTCONFIG_NVRAM_64K  -DLINUX_KERNEL_VERSION=132630  -DRTAC66U -DBCM_DCS -D__CONFIG_EMF__ -D__CONFIG_WPS__ -DLOADADDR=0x80001000 -march=mips32r2 -Wa,-mips32r2 -Wa,--trap -Ulinux -D_MINOSL_ -ffreestanding -ffunction-sections  -G 0 -mno-abicalls -fno-pic -pipe -msoft-float -DUSE_BZIP2 -I/home/jamie/asuswrt-merlin/release/src-rt-6.x/include -DBCMDRIVER   -c -o load.o /home/jamie/asuswrt-merlin/release/src-rt-6.x/shared/load.c
mipsel-uclibc-gcc -DBCMWPA2 -DBCMQOS -DEXT_ACS -DD11AC_IOTYPES -DPHYMON -DPROXYARP -DTRAFFIC_MGMT -DTRAFFIC_MGMT_RSSI_POLICY -DLINUX26 -DCONFIG_BCMWL5 -DDEBUG_NOISY -DDEBUG_RCTEST -pipe -DBCMWPA2 -funit-at-a-time -Wno-pointer-sign -mtune=mips32r2 -mips32r2 -DRTCONFIG_NVRAM_64K  -DLINUX_KERNEL_VERSION=132630  -DRTAC66U -DBCM_DCS -D__CONFIG_EMF__ -D__CONFIG_WPS__ -DLOADADDR=0x80001000 -march=mips32r2 -Wa,-mips32r2 -Wa,--trap -Ulinux -D_MINOSL_ -ffreestanding -ffunction-sections  -G 0 -mno-abicalls -fno-pic -pipe -msoft-float -DUSE_BZIP2 -I/home/jamie/asuswrt-merlin/release/src-rt-6.x/include -DBCMDRIVER   -c -o sflash.o /home/jamie/asuswrt-merlin/release/src-rt-6.x/shared/sflash.c
mipsel-uclibc-gcc -DBCMWPA2 -DBCMQOS -DEXT_ACS -DD11AC_IOTYPES -DPHYMON -DPROXYARP -DTRAFFIC_MGMT -DTRAFFIC_MGMT_RSSI_POLICY -DLINUX26 -DCONFIG_BCMWL5 -DDEBUG_NOISY -DDEBUG_RCTEST -pipe -DBCMWPA2 -funit-at-a-time -Wno-pointer-sign -mtune=mips32r2 -mips32r2 -DRTCONFIG_NVRAM_64K  -DLINUX_KERNEL_VERSION=132630  -DRTAC66U -DBCM_DCS -D__CONFIG_EMF__ -D__CONFIG_WPS__ -DLOADADDR=0x80001000 -march=mips32r2 -Wa,-mips32r2 -Wa,--trap -Ulinux -D_MINOSL_ -ffreestanding -ffunction-sections  -G 0 -mno-abicalls -fno-pic -pipe -msoft-float -DUSE_BZIP2 -I/home/jamie/asuswrt-merlin/release/src-rt-6.x/include -DBCMDRIVER   -c -o hndmips.o /home/jamie/asuswrt-merlin/release/src-rt-6.x/shared/hndmips.c
mipsel-uclibc-gcc -DBCMWPA2 -DBCMQOS -DEXT_ACS -DD11AC_IOTYPES -DPHYMON -DPROXYARP -DTRAFFIC_MGMT -DTRAFFIC_MGMT_RSSI_POLICY -DLINUX26 -DCONFIG_BCMWL5 -DDEBUG_NOISY -DDEBUG_RCTEST -pipe -DBCMWPA2 -funit-at-a-time -Wno-pointer-sign -mtune=mips32r2 -mips32r2 -DRTCONFIG_NVRAM_64K  -DLINUX_KERNEL_VERSION=132630  -DRTAC66U -DBCM_DCS -D__CONFIG_EMF__ -D__CONFIG_WPS__ -DLOADADDR=0x80001000 -march=mips32r2 -Wa,-mips32r2 -Wa,--trap -Ulinux -D_MINOSL_ -ffreestanding -ffunction-sections  -G 0 -mno-abicalls -fno-pic -pipe -msoft-float -DUSE_BZIP2 -I/home/jamie/asuswrt-merlin/release/src-rt-6.x/include -DBCMDRIVER   -c -o hndchipc.o /home/jamie/asuswrt-merlin/release/src-rt-6.x/shared/hndchipc.c
mipsel-uclibc-gcc -DBCMWPA2 -DBCMQOS -DEXT_ACS -DD11AC_IOTYPES -DPHYMON -DPROXYARP -DTRAFFIC_MGMT -DTRAFFIC_MGMT_RSSI_POLICY -DLINUX26 -DCONFIG_BCMWL5 -DDEBUG_NOISY -DDEBUG_RCTEST -pipe -DBCMWPA2 -funit-at-a-time -Wno-pointer-sign -mtune=mips32r2 -mips32r2 -DRTCONFIG_NVRAM_64K  -DLINUX_KERNEL_VERSION=132630  -DRTAC66U -DBCM_DCS -D__CONFIG_EMF__ -D__CONFIG_WPS__ -DLOADADDR=0x80001000 -march=mips32r2 -Wa,-mips32r2 -Wa,--trap -Ulinux -D_MINOSL_ -ffreestanding -ffunction-sections  -G 0 -mno-abicalls -fno-pic -pipe -msoft-float -DUSE_BZIP2 -I/home/jamie/asuswrt-merlin/release/src-rt-6.x/include -DBCMDRIVER   -c -o sbutils.o /home/jamie/asuswrt-merlin/release/src-rt-6.x/shared/sbutils.c
mipsel-uclibc-gcc -DBCMWPA2 -DBCMQOS -DEXT_ACS -DD11AC_IOTYPES -DPHYMON -DPROXYARP -DTRAFFIC_MGMT -DTRAFFIC_MGMT_RSSI_POLICY -DLINUX26 -DCONFIG_BCMWL5 -DDEBUG_NOISY -DDEBUG_RCTEST -pipe -DBCMWPA2 -funit-at-a-time -Wno-pointer-sign -mtune=mips32r2 -mips32r2 -DRTCONFIG_NVRAM_64K  -DLINUX_KERNEL_VERSION=132630  -DRTAC66U -DBCM_DCS -D__CONFIG_EMF__ -D__CONFIG_WPS__ -DLOADADDR=0x80001000 -march=mips32r2 -Wa,-mips32r2 -Wa,--trap -Ulinux -D_MINOSL_ -ffreestanding -ffunction-sections  -G 0 -mno-abicalls -fno-pic -pipe -msoft-float -DUSE_BZIP2 -I/home/jamie/asuswrt-merlin/release/src-rt-6.x/include -DBCMDRIVER   -c -o aiutils.o /home/jamie/asuswrt-merlin/release/src-rt-6.x/shared/aiutils.c
mipsel-uclibc-gcc -DBCMWPA2 -DBCMQOS -DEXT_ACS -DD11AC_IOTYPES -DPHYMON -DPROXYARP -DTRAFFIC_MGMT -DTRAFFIC_MGMT_RSSI_POLICY -DLINUX26 -DCONFIG_BCMWL5 -DDEBUG_NOISY -DDEBUG_RCTEST -pipe -DBCMWPA2 -funit-at-a-time -Wno-pointer-sign -mtune=mips32r2 -mips32r2 -DRTCONFIG_NVRAM_64K  -DLINUX_KERNEL_VERSION=132630  -DRTAC66U -DBCM_DCS -D__CONFIG_EMF__ -D__CONFIG_WPS__ -DLOADADDR=0x80001000 -march=mips32r2 -Wa,-mips32r2 -Wa,--trap -Ulinux -D_MINOSL_ -ffreestanding -ffunction-sections  -G 0 -mno-abicalls -fno-pic -pipe -msoft-float -DUSE_BZIP2 -I/home/jamie/asuswrt-merlin/release/src-rt-6.x/include -DBCMDRIVER   -c -o siutils.o /home/jamie/asuswrt-merlin/release/src-rt-6.x/shared/siutils.c
mipsel-uclibc-gcc -DBCMWPA2 -DBCMQOS -DEXT_ACS -DD11AC_IOTYPES -DPHYMON -DPROXYARP -DTRAFFIC_MGMT -DTRAFFIC_MGMT_RSSI_POLICY -DLINUX26 -DCONFIG_BCMWL5 -DDEBUG_NOISY -DDEBUG_RCTEST -pipe -DBCMWPA2 -funit-at-a-time -Wno-pointer-sign -mtune=mips32r2 -mips32r2 -DRTCONFIG_NVRAM_64K  -DLINUX_KERNEL_VERSION=132630  -DRTAC66U -DBCM_DCS -D__CONFIG_EMF__ -D__CONFIG_WPS__ -DLOADADDR=0x80001000 -march=mips32r2 -Wa,-mips32r2 -Wa,--trap -Ulinux -D_MINOSL_ -ffreestanding -ffunction-sections  -G 0 -mno-abicalls -fno-pic -pipe -msoft-float -DUSE_BZIP2 -I/home/jamie/asuswrt-merlin/release/src-rt-6.x/include -DBCMDRIVER   -c -o hndpmu.o /home/jamie/asuswrt-merlin/release/src-rt-6.x/shared/hndpmu.c
mipsel-uclibc-gcc -DBCMWPA2 -DBCMQOS -DEXT_ACS -DD11AC_IOTYPES -DPHYMON -DPROXYARP -DTRAFFIC_MGMT -DTRAFFIC_MGMT_RSSI_POLICY -DLINUX26 -DCONFIG_BCMWL5 -DDEBUG_NOISY -DDEBUG_RCTEST -pipe -DBCMWPA2 -funit-at-a-time -Wno-pointer-sign -mtune=mips32r2 -mips32r2 -DRTCONFIG_NVRAM_64K  -DLINUX_KERNEL_VERSION=132630  -DRTAC66U -DBCM_DCS -D__CONFIG_EMF__ -D__CONFIG_WPS__ -DLOADADDR=0x80001000 -march=mips32r2 -Wa,-mips32r2 -Wa,--trap -Ulinux -D_MINOSL_ -ffreestanding -ffunction-sections  -G 0 -mno-abicalls -fno-pic -pipe -msoft-float -DUSE_BZIP2 -I/home/jamie/asuswrt-merlin/release/src-rt-6.x/include -DBCMDRIVER   -c -o nicpci.o /home/jamie/asuswrt-merlin/release/src-rt-6.x/shared/nicpci.c
mipsel-uclibc-gcc -DBCMWPA2 -DBCMQOS -DEXT_ACS -DD11AC_IOTYPES -DPHYMON -DPROXYARP -DTRAFFIC_MGMT -DTRAFFIC_MGMT_RSSI_POLICY -DLINUX26 -DCONFIG_BCMWL5 -DDEBUG_NOISY -DDEBUG_RCTEST -pipe -DBCMWPA2 -funit-at-a-time -Wno-pointer-sign -mtune=mips32r2 -mips32r2 -DRTCONFIG_NVRAM_64K  -DLINUX_KERNEL_VERSION=132630  -DRTAC66U -DBCM_DCS -D__CONFIG_EMF__ -D__CONFIG_WPS__ -DLOADADDR=0x80001000 -march=mips32r2 -Wa,-mips32r2 -Wa,--trap -Ulinux -D_MINOSL_ -ffreestanding -ffunction-sections  -G 0 -mno-abicalls -fno-pic -pipe -msoft-float -DUSE_BZIP2 -I/home/jamie/asuswrt-merlin/release/src-rt-6.x/include -DBCMDRIVER   -c -o min_osl.o /home/jamie/asuswrt-merlin/release/src-rt-6.x/shared/min_osl.c
mipsel-uclibc-gcc -DBCMWPA2 -DBCMQOS -DEXT_ACS -DD11AC_IOTYPES -DPHYMON -DPROXYARP -DTRAFFIC_MGMT -DTRAFFIC_MGMT_RSSI_POLICY -DLINUX26 -DCONFIG_BCMWL5 -DDEBUG_NOISY -DDEBUG_RCTEST -pipe -DBCMWPA2 -funit-at-a-time -Wno-pointer-sign -mtune=mips32r2 -mips32r2 -DRTCONFIG_NVRAM_64K  -DLINUX_KERNEL_VERSION=132630  -DRTAC66U -DBCM_DCS -D__CONFIG_EMF__ -D__CONFIG_WPS__ -DLOADADDR=0x80001000 -march=mips32r2 -Wa,-mips32r2 -Wa,--trap -Ulinux -D_MINOSL_ -ffreestanding -ffunction-sections  -G 0 -mno-abicalls -fno-pic -pipe -msoft-float -DUSE_BZIP2 -I/home/jamie/asuswrt-merlin/release/src-rt-6.x/include -DBCMDRIVER   -c -o bcmutils.o /home/jamie/asuswrt-merlin/release/src-rt-6.x/shared/bcmutils.c
mipsel-uclibc-gcc -DBCMWPA2 -DBCMQOS -DEXT_ACS -DD11AC_IOTYPES -DPHYMON -DPROXYARP -DTRAFFIC_MGMT -DTRAFFIC_MGMT_RSSI_POLICY -DLINUX26 -DCONFIG_BCMWL5 -DDEBUG_NOISY -DDEBUG_RCTEST -pipe -DBCMWPA2 -funit-at-a-time -Wno-pointer-sign -mtune=mips32r2 -mips32r2 -DRTCONFIG_NVRAM_64K  -DLINUX_KERNEL_VERSION=132630  -DRTAC66U -DBCM_DCS -D__CONFIG_EMF__ -D__CONFIG_WPS__ -DLOADADDR=0x80001000 -march=mips32r2 -Wa,-mips32r2 -Wa,--trap -Ulinux -D_MINOSL_ -ffreestanding -ffunction-sections  -G 0 -mno-abicalls -fno-pic -pipe -msoft-float -DUSE_BZIP2 -I/home/jamie/asuswrt-merlin/release/src-rt-6.x/include -DBCMDRIVER   -c -o sromstubs.o /home/jamie/asuswrt-merlin/release/src-rt-6.x/shared/sromstubs.c
mipsel-uclibc-gcc -DBCMWPA2 -DBCMQOS -DEXT_ACS -DD11AC_IOTYPES -DPHYMON -DPROXYARP -DTRAFFIC_MGMT -DTRAFFIC_MGMT_RSSI_POLICY -DLINUX26 -DCONFIG_BCMWL5 -DDEBUG_NOISY -DDEBUG_RCTEST -pipe -DBCMWPA2 -funit-at-a-time -Wno-pointer-sign -mtune=mips32r2 -mips32r2 -DRTCONFIG_NVRAM_64K  -DLINUX_KERNEL_VERSION=132630  -DRTAC66U -DBCM_DCS -D__CONFIG_EMF__ -D__CONFIG_WPS__ -DLOADADDR=0x80001000 -march=mips32r2 -Wa,-mips32r2 -Wa,--trap -Ulinux -D_MINOSL_ -ffreestanding -ffunction-sections  -G 0 -mno-abicalls -fno-pic -pipe -msoft-float -DUSE_BZIP2 -I/home/jamie/asuswrt-merlin/release/src-rt-6.x/include -DBCMDRIVER   -c -o nvramstubs.o /home/jamie/asuswrt-merlin/release/src-rt-6.x/shared/nvramstubs.c
mipsel-uclibc-gcc -DBCMWPA2 -DBCMQOS -DEXT_ACS -DD11AC_IOTYPES -DPHYMON -DPROXYARP -DTRAFFIC_MGMT -DTRAFFIC_MGMT_RSSI_POLICY -DLINUX26 -DCONFIG_BCMWL5 -DDEBUG_NOISY -DDEBUG_RCTEST -pipe -DBCMWPA2 -funit-at-a-time -Wno-pointer-sign -mtune=mips32r2 -mips32r2 -DRTCONFIG_NVRAM_64K  -DLINUX_KERNEL_VERSION=132630  -DRTAC66U -DBCM_DCS -D__CONFIG_EMF__ -D__CONFIG_WPS__ -DLOADADDR=0x80001000 -march=mips32r2 -Wa,-mips32r2 -Wa,--trap -Ulinux -D_MINOSL_ -ffreestanding -ffunction-sections  -G 0 -mno-abicalls -fno-pic -pipe -msoft-float -DUSE_BZIP2 -I/home/jamie/asuswrt-merlin/release/src-rt-6.x/include -DBCMDRIVER   -c -o bcmstdlib.o /home/jamie/asuswrt-merlin/release/src-rt-6.x/shared/bcmstdlib.c
mipsel-uclibc-objcopy -O binary -R .reginfo -R .note -R .comment -R .mdebug -S /home/jamie/asuswrt-merlin/release/src-rt-6.x/linux/linux-2.6/vmlinux piggy
bzip2 -c piggy > piggz
make -C /home/jamie/asuswrt-merlin/release/src-rt-6.x/lzma/CPP/7zip/Compress/LZMA_Alone -f makefile.gcc
make[5]: Entering directory '/home/jamie/asuswrt-merlin/release/src/lzma/CPP/7zip/Compress/LZMA_Alone'
g++ -O2 -Wall -c LzmaAlone.cpp
g++ -O2 -Wall -c LzmaBench.cpp
g++ -O2 -Wall -c LzmaBenchCon.cpp
g++ -O2 -Wall -c LzmaRam.cpp
g++ -O2 -Wall -c ../LZMA/LZMADecoder.cpp
g++ -O2 -Wall -c ../LZMA/LZMAEncoder.cpp
g++ -O2 -Wall -c ../LZ/LZOutWindow.cpp
g++ -O2 -Wall -c ../RangeCoder/RangeCoderBit.cpp
g++ -O2 -Wall -c ../../Common/InBuffer.cpp
g++ -O2 -Wall -c ../../Common/OutBuffer.cpp
g++ -O2 -Wall -c ../../Common/FileStreams.cpp
g++ -O2 -Wall -c ../../Common/StreamUtils.cpp
g++ -O2 -Wall -c ../../../Common/C_FileIO.cpp
g++ -O2 -Wall -c ../../../Common/CommandLineParser.cpp
g++ -O2 -Wall -c ../../../Common/CRC.cpp
g++ -O2 -Wall -c ../../../Common/IntToString.cpp
g++ -O2 -Wall -c ../../../Common/MyString.cpp
g++ -O2 -Wall -c ../../../Common/StringConvert.cpp
g++ -O2 -Wall -c ../../../Common/StringToInt.cpp
LzmaBenchCon.cpp: In member function ‘virtual LONG CBenchCallback::SetDecodeResult(const CBenchInfo&, bool)’:
LzmaBenchCon.cpp:145:12: warning: format not a string literal and no format arguments [-Wformat-security]
  145 |     fprintf(f, kSep);
      |     ~~~~~~~^~~~~~~~~
In file included from ../../../Common/MyString.h:9,
                 from ../../../Common/CommandLineParser.h:6,
                 from ../../../Common/CommandLineParser.cpp:5:
../../../Common/MyVector.h: In member function ‘int CObjectVector<T>::Find(const T&) const’:
../../../Common/MyVector.h:204:5: warning: this ‘for’ clause does not guard... [-Wmisleading-indentation]
  204 |     for(int i = 0; i < Size(); i++)
      |     ^~~
../../../Common/MyVector.h:207:7: note: ...this statement, but the latter is misleadingly indented as if it were guarded by the ‘for’
  207 |       return -1;
      |       ^~~~~~
LzmaBenchCon.cpp: In function ‘LONG LzmaBenchCon(FILE*, UInt32, UInt32, UInt32)’:
LzmaBenchCon.cpp:204:14: warning: format not a string literal and no format arguments [-Wformat-security]
  204 |       fprintf(f, kSep);
      |       ~~~~~~~^~~~~~~~~
LzmaBenchCon.cpp:211:14: warning: format not a string literal and no format arguments [-Wformat-security]
  211 |       fprintf(f, kSep);
      |       ~~~~~~~^~~~~~~~~
In file included from ../../../Common/MyString.h:9,
                 from ../../../Common/StringConvert.h:7,
                 from ../../../Common/StringConvert.cpp:5:
../../../Common/MyVector.h: In member function ‘int CObjectVector<T>::Find(const T&) const’:
../../../Common/MyVector.h:204:5: warning: this ‘for’ clause does not guard... [-Wmisleading-indentation]
  204 |     for(int i = 0; i < Size(); i++)
      |     ^~~
../../../Common/MyVector.h:207:7: note: ...this statement, but the latter is misleadingly indented as if it were guarded by the ‘for’
  207 |       return -1;
      |       ^~~~~~
../../../Common/MyString.h: In member function ‘int CStringBase<T>::FindOneOf(const CStringBase<T>&) const’:
../../../Common/MyString.h:422:5: warning: this ‘for’ clause does not guard... [-Wmisleading-indentation]
  422 |     for(int i = 0; i < _length; i++)
      |     ^~~
../../../Common/MyString.h:425:7: note: ...this statement, but the latter is misleadingly indented as if it were guarded by the ‘for’
  425 |       return -1;
      |       ^~~~~~
In file included from ../../../Common/MyString.h:9,
                 from ../../../Common/MyString.cpp:11:
../../../Common/MyVector.h: In member function ‘int CObjectVector<T>::Find(const T&) const’:
../../../Common/MyVector.h:204:5: warning: this ‘for’ clause does not guard... [-Wmisleading-indentation]
  204 |     for(int i = 0; i < Size(); i++)
      |     ^~~
../../../Common/MyVector.h:207:7: note: ...this statement, but the latter is misleadingly indented as if it were guarded by the ‘for’
  207 |       return -1;
      |       ^~~~~~
In file included from ../../../Common/MyString.h:9,
                 from ../../../Common/CommandLineParser.h:6,
                 from LzmaAlone.cpp:18:
../../../Common/MyVector.h: In member function ‘int CObjectVector<T>::Find(const T&) const’:
../../../Common/MyVector.h:204:5: warning: this ‘for’ clause does not guard... [-Wmisleading-indentation]
  204 |     for(int i = 0; i < Size(); i++)
      |     ^~~
../../../Common/MyVector.h:207:7: note: ...this statement, but the latter is misleadingly indented as if it were guarded by the ‘for’
  207 |       return -1;
      |       ^~~~~~
../../../Common/MyString.h: In member function ‘int CStringBase<T>::FindOneOf(const CStringBase<T>&) const’:
../../../Common/MyString.h:422:5: warning: this ‘for’ clause does not guard... [-Wmisleading-indentation]
  422 |     for(int i = 0; i < _length; i++)
      |     ^~~
../../../Common/MyString.h:425:7: note: ...this statement, but the latter is misleadingly indented as if it were guarded by the ‘for’
  425 |       return -1;
      |       ^~~~~~
../../../Common/MyString.h: In member function ‘int CStringBase<T>::FindOneOf(const CStringBase<T>&) const’:
../../../Common/MyString.h:422:5: warning: this ‘for’ clause does not guard... [-Wmisleading-indentation]
  422 |     for(int i = 0; i < _length; i++)
      |     ^~~
../../../Common/MyString.h:425:7: note: ...this statement, but the latter is misleadingly indented as if it were guarded by the ‘for’
  425 |       return -1;
      |       ^~~~~~
../../../Common/MyString.h: In member function ‘int CStringBase<T>::FindOneOf(const CStringBase<T>&) const’:
../../../Common/MyString.h:422:5: warning: this ‘for’ clause does not guard... [-Wmisleading-indentation]
  422 |     for(int i = 0; i < _length; i++)
      |     ^~~
../../../Common/MyString.h:425:7: note: ...this statement, but the latter is misleadingly indented as if it were guarded by the ‘for’
  425 |       return -1;
      |       ^~~~~~
In file included from ../LZMA/LZMADecoder.h:6,
                 from ../LZMA/LZMADecoder.cpp:5:
../LZMA/LZMADecoder.h: In member function ‘virtual ULONG NCompress::NLZMA::CDecoder::Release()’:
../LZMA/../../../Common/MyCom.h:168:32: warning: this ‘if’ clause does not guard... [-Wmisleading-indentation]
  168 | STDMETHOD_(ULONG, Release)() { if (--__m_RefCount != 0)  \
      |                                ^~
../LZMA/../../../Common/MyCom.h:175:3: note: in expansion of macro ‘MY_ADDREF_RELEASE’
  175 |   MY_ADDREF_RELEASE
      |   ^~~~~~~~~~~~~~~~~
../LZMA/../../../Common/MyCom.h:209:45: note: in expansion of macro ‘MY_UNKNOWN_IMP_SPEC’
  209 | #define MY_UNKNOWN_IMP5(i1, i2, i3, i4, i5) MY_UNKNOWN_IMP_SPEC( \
      |                                             ^~~~~~~~~~~~~~~~~~~
../LZMA/LZMADecoder.h:195:3: note: in expansion of macro ‘MY_UNKNOWN_IMP5’
  195 |   MY_UNKNOWN_IMP5(
      |   ^~~~~~~~~~~~~~~
../LZMA/../../../Common/MyCom.h:169:24: note: ...this statement, but the latter is misleadingly indented as if it were guarded by the ‘if’
  169 |   return __m_RefCount; delete this; return 0; }
      |                        ^~~~~~
../LZMA/../../../Common/MyCom.h:175:3: note: in expansion of macro ‘MY_ADDREF_RELEASE’
  175 |   MY_ADDREF_RELEASE
      |   ^~~~~~~~~~~~~~~~~
../LZMA/../../../Common/MyCom.h:209:45: note: in expansion of macro ‘MY_UNKNOWN_IMP_SPEC’
  209 | #define MY_UNKNOWN_IMP5(i1, i2, i3, i4, i5) MY_UNKNOWN_IMP_SPEC( \
      |                                             ^~~~~~~~~~~~~~~~~~~
../LZMA/LZMADecoder.h:195:3: note: in expansion of macro ‘MY_UNKNOWN_IMP5’
  195 |   MY_UNKNOWN_IMP5(
      |   ^~~~~~~~~~~~~~~
In file included from LzmaBench.cpp:36:
../LZMA/LZMADecoder.h: In member function ‘virtual ULONG NCompress::NLZMA::CDecoder::Release()’:
../../../Common/MyCom.h:168:32: warning: this ‘if’ clause does not guard... [-Wmisleading-indentation]
  168 | STDMETHOD_(ULONG, Release)() { if (--__m_RefCount != 0)  \
      |                                ^~
../../../Common/MyCom.h:175:3: note: in expansion of macro ‘MY_ADDREF_RELEASE’
  175 |   MY_ADDREF_RELEASE
      |   ^~~~~~~~~~~~~~~~~
../../../Common/MyCom.h:209:45: note: in expansion of macro ‘MY_UNKNOWN_IMP_SPEC’
  209 | #define MY_UNKNOWN_IMP5(i1, i2, i3, i4, i5) MY_UNKNOWN_IMP_SPEC( \
      |                                             ^~~~~~~~~~~~~~~~~~~
../LZMA/LZMADecoder.h:195:3: note: in expansion of macro ‘MY_UNKNOWN_IMP5’
  195 |   MY_UNKNOWN_IMP5(
      |   ^~~~~~~~~~~~~~~
../../../Common/MyCom.h:169:24: note: ...this statement, but the latter is misleadingly indented as if it were guarded by the ‘if’
  169 |   return __m_RefCount; delete this; return 0; }
      |                        ^~~~~~
../../../Common/MyCom.h:175:3: note: in expansion of macro ‘MY_ADDREF_RELEASE’
  175 |   MY_ADDREF_RELEASE
      |   ^~~~~~~~~~~~~~~~~
../../../Common/MyCom.h:209:45: note: in expansion of macro ‘MY_UNKNOWN_IMP_SPEC’
  209 | #define MY_UNKNOWN_IMP5(i1, i2, i3, i4, i5) MY_UNKNOWN_IMP_SPEC( \
      |                                             ^~~~~~~~~~~~~~~~~~~
../LZMA/LZMADecoder.h:195:3: note: in expansion of macro ‘MY_UNKNOWN_IMP5’
  195 |   MY_UNKNOWN_IMP5(
      |   ^~~~~~~~~~~~~~~
In file included from ../../Common/FileStreams.h:17,
                 from LzmaAlone.cpp:22:
../../Common/FileStreams.h: In member function ‘virtual ULONG CInFileStream::Release()’:
../../Common/../../Common/MyCom.h:168:32: warning: this ‘if’ clause does not guard... [-Wmisleading-indentation]
  168 | STDMETHOD_(ULONG, Release)() { if (--__m_RefCount != 0)  \
      |                                ^~
../../Common/../../Common/MyCom.h:175:3: note: in expansion of macro ‘MY_ADDREF_RELEASE’
  175 |   MY_ADDREF_RELEASE
      |   ^~~~~~~~~~~~~~~~~
../../Common/../../Common/MyCom.h:188:33: note: in expansion of macro ‘MY_UNKNOWN_IMP_SPEC’
  188 | #define MY_UNKNOWN_IMP2(i1, i2) MY_UNKNOWN_IMP_SPEC( \
      |                                 ^~~~~~~~~~~~~~~~~~~
../../Common/FileStreams.h:47:3: note: in expansion of macro ‘MY_UNKNOWN_IMP2’
   47 |   MY_UNKNOWN_IMP2(IInStream, IStreamGetSize)
      |   ^~~~~~~~~~~~~~~
../../Common/../../Common/MyCom.h:169:24: note: ...this statement, but the latter is misleadingly indented as if it were guarded by the ‘if’
  169 |   return __m_RefCount; delete this; return 0; }
      |                        ^~~~~~
../../Common/../../Common/MyCom.h:175:3: note: in expansion of macro ‘MY_ADDREF_RELEASE’
  175 |   MY_ADDREF_RELEASE
      |   ^~~~~~~~~~~~~~~~~
../../Common/../../Common/MyCom.h:188:33: note: in expansion of macro ‘MY_UNKNOWN_IMP_SPEC’
  188 | #define MY_UNKNOWN_IMP2(i1, i2) MY_UNKNOWN_IMP_SPEC( \
      |                                 ^~~~~~~~~~~~~~~~~~~
../../Common/FileStreams.h:47:3: note: in expansion of macro ‘MY_UNKNOWN_IMP2’
   47 |   MY_UNKNOWN_IMP2(IInStream, IStreamGetSize)
      |   ^~~~~~~~~~~~~~~
../../Common/FileStreams.h: In member function ‘virtual ULONG CStdInFileStream::Release()’:
../../Common/../../Common/MyCom.h:168:32: warning: this ‘if’ clause does not guard... [-Wmisleading-indentation]
  168 | STDMETHOD_(ULONG, Release)() { if (--__m_RefCount != 0)  \
      |                                ^~
../../Common/../../Common/MyCom.h:181:3: note: in expansion of macro ‘MY_ADDREF_RELEASE’
  181 |   MY_ADDREF_RELEASE
      |   ^~~~~~~~~~~~~~~~~
../../Common/FileStreams.h:64:3: note: in expansion of macro ‘MY_UNKNOWN_IMP’
   64 |   MY_UNKNOWN_IMP
      |   ^~~~~~~~~~~~~~
../../Common/../../Common/MyCom.h:169:24: note: ...this statement, but the latter is misleadingly indented as if it were guarded by the ‘if’
  169 |   return __m_RefCount; delete this; return 0; }
      |                        ^~~~~~
../../Common/../../Common/MyCom.h:181:3: note: in expansion of macro ‘MY_ADDREF_RELEASE’
  181 |   MY_ADDREF_RELEASE
      |   ^~~~~~~~~~~~~~~~~
../../Common/FileStreams.h:64:3: note: in expansion of macro ‘MY_UNKNOWN_IMP’
   64 |   MY_UNKNOWN_IMP
      |   ^~~~~~~~~~~~~~
../../Common/FileStreams.h: In member function ‘virtual ULONG COutFileStream::Release()’:
../../Common/../../Common/MyCom.h:168:32: warning: this ‘if’ clause does not guard... [-Wmisleading-indentation]
  168 | STDMETHOD_(ULONG, Release)() { if (--__m_RefCount != 0)  \
      |                                ^~
../../Common/../../Common/MyCom.h:175:3: note: in expansion of macro ‘MY_ADDREF_RELEASE’
  175 |   MY_ADDREF_RELEASE
      |   ^~~~~~~~~~~~~~~~~
../../Common/../../Common/MyCom.h:183:28: note: in expansion of macro ‘MY_UNKNOWN_IMP_SPEC’
  183 | #define MY_UNKNOWN_IMP1(i) MY_UNKNOWN_IMP_SPEC( \
      |                            ^~~~~~~~~~~~~~~~~~~
../../Common/FileStreams.h:123:3: note: in expansion of macro ‘MY_UNKNOWN_IMP1’
  123 |   MY_UNKNOWN_IMP1(IOutStream)
      |   ^~~~~~~~~~~~~~~
../../Common/../../Common/MyCom.h:169:24: note: ...this statement, but the latter is misleadingly indented as if it were guarded by the ‘if’
  169 |   return __m_RefCount; delete this; return 0; }
      |                        ^~~~~~
../../Common/../../Common/MyCom.h:175:3: note: in expansion of macro ‘MY_ADDREF_RELEASE’
  175 |   MY_ADDREF_RELEASE
      |   ^~~~~~~~~~~~~~~~~
../../Common/../../Common/MyCom.h:183:28: note: in expansion of macro ‘MY_UNKNOWN_IMP_SPEC’
  183 | #define MY_UNKNOWN_IMP1(i) MY_UNKNOWN_IMP_SPEC( \
      |                            ^~~~~~~~~~~~~~~~~~~
../../Common/FileStreams.h:123:3: note: in expansion of macro ‘MY_UNKNOWN_IMP1’
  123 |   MY_UNKNOWN_IMP1(IOutStream)
      |   ^~~~~~~~~~~~~~~
In file included from ../LZMA/LZMADecoder.h:6,
                 from LzmaRam.cpp:5:
../LZMA/LZMADecoder.h: In member function ‘virtual ULONG NCompress::NLZMA::CDecoder::Release()’:
../LZMA/../../../Common/MyCom.h:168:32: warning: this ‘if’ clause does not guard... [-Wmisleading-indentation]
  168 | STDMETHOD_(ULONG, Release)() { if (--__m_RefCount != 0)  \
      |                                ^~
../LZMA/../../../Common/MyCom.h:175:3: note: in expansion of macro ‘MY_ADDREF_RELEASE’
  175 |   MY_ADDREF_RELEASE
      |   ^~~~~~~~~~~~~~~~~
../LZMA/../../../Common/MyCom.h:209:45: note: in expansion of macro ‘MY_UNKNOWN_IMP_SPEC’
  209 | #define MY_UNKNOWN_IMP5(i1, i2, i3, i4, i5) MY_UNKNOWN_IMP_SPEC( \
      |                                             ^~~~~~~~~~~~~~~~~~~
../LZMA/LZMADecoder.h:195:3: note: in expansion of macro ‘MY_UNKNOWN_IMP5’
  195 |   MY_UNKNOWN_IMP5(
      |   ^~~~~~~~~~~~~~~
../LZMA/../../../Common/MyCom.h:169:24: note: ...this statement, but the latter is misleadingly indented as if it were guarded by the ‘if’
  169 |   return __m_RefCount; delete this; return 0; }
      |                        ^~~~~~
../LZMA/../../../Common/MyCom.h:175:3: note: in expansion of macro ‘MY_ADDREF_RELEASE’
  175 |   MY_ADDREF_RELEASE
      |   ^~~~~~~~~~~~~~~~~
../LZMA/../../../Common/MyCom.h:209:45: note: in expansion of macro ‘MY_UNKNOWN_IMP_SPEC’
  209 | #define MY_UNKNOWN_IMP5(i1, i2, i3, i4, i5) MY_UNKNOWN_IMP_SPEC( \
      |                                             ^~~~~~~~~~~~~~~~~~~
../LZMA/LZMADecoder.h:195:3: note: in expansion of macro ‘MY_UNKNOWN_IMP5’
  195 |   MY_UNKNOWN_IMP5(
      |   ^~~~~~~~~~~~~~~
../../Common/FileStreams.h: In member function ‘virtual ULONG CStdOutFileStream::Release()’:
../../Common/../../Common/MyCom.h:168:32: warning: this ‘if’ clause does not guard... [-Wmisleading-indentation]
  168 | STDMETHOD_(ULONG, Release)() { if (--__m_RefCount != 0)  \
      |                                ^~
../../Common/../../Common/MyCom.h:181:3: note: in expansion of macro ‘MY_ADDREF_RELEASE’
  181 |   MY_ADDREF_RELEASE
      |   ^~~~~~~~~~~~~~~~~
../../Common/FileStreams.h:136:3: note: in expansion of macro ‘MY_UNKNOWN_IMP’
  136 |   MY_UNKNOWN_IMP
      |   ^~~~~~~~~~~~~~
../../Common/../../Common/MyCom.h:169:24: note: ...this statement, but the latter is misleadingly indented as if it were guarded by the ‘if’
  169 |   return __m_RefCount; delete this; return 0; }
      |                        ^~~~~~
../../Common/../../Common/MyCom.h:181:3: note: in expansion of macro ‘MY_ADDREF_RELEASE’
  181 |   MY_ADDREF_RELEASE
      |   ^~~~~~~~~~~~~~~~~
../../Common/FileStreams.h:136:3: note: in expansion of macro ‘MY_UNKNOWN_IMP’
  136 |   MY_UNKNOWN_IMP
      |   ^~~~~~~~~~~~~~
g++ -O2 -Wall -c ../../../Common/MyVector.cpp
In file included from ../LZMA/LZMAEncoder.h:6,
                 from ../LZMA/LZMAEncoder.cpp:22:
../LZMA/LZMAEncoder.h: In member function ‘virtual ULONG NCompress::NLZMA::CEncoder::Release()’:
../LZMA/../../../Common/MyCom.h:168:32: warning: this ‘if’ clause does not guard... [-Wmisleading-indentation]
  168 | STDMETHOD_(ULONG, Release)() { if (--__m_RefCount != 0)  \
      |                                ^~
../LZMA/../../../Common/MyCom.h:175:3: note: in expansion of macro ‘MY_ADDREF_RELEASE’
  175 |   MY_ADDREF_RELEASE
      |   ^~~~~~~~~~~~~~~~~
../LZMA/../../../Common/MyCom.h:194:37: note: in expansion of macro ‘MY_UNKNOWN_IMP_SPEC’
  194 | #define MY_UNKNOWN_IMP3(i1, i2, i3) MY_UNKNOWN_IMP_SPEC( \
      |                                     ^~~~~~~~~~~~~~~~~~~
../LZMA/LZMAEncoder.h:425:3: note: in expansion of macro ‘MY_UNKNOWN_IMP3’
  425 |   MY_UNKNOWN_IMP3(
      |   ^~~~~~~~~~~~~~~
../LZMA/../../../Common/MyCom.h:169:24: note: ...this statement, but the latter is misleadingly indented as if it were guarded by the ‘if’
  169 |   return __m_RefCount; delete this; return 0; }
      |                        ^~~~~~
../LZMA/../../../Common/MyCom.h:175:3: note: in expansion of macro ‘MY_ADDREF_RELEASE’
  175 |   MY_ADDREF_RELEASE
      |   ^~~~~~~~~~~~~~~~~
../LZMA/../../../Common/MyCom.h:194:37: note: in expansion of macro ‘MY_UNKNOWN_IMP_SPEC’
  194 | #define MY_UNKNOWN_IMP3(i1, i2, i3) MY_UNKNOWN_IMP_SPEC( \
      |                                     ^~~~~~~~~~~~~~~~~~~
../LZMA/LZMAEncoder.h:425:3: note: in expansion of macro ‘MY_UNKNOWN_IMP3’
  425 |   MY_UNKNOWN_IMP3(
      |   ^~~~~~~~~~~~~~~
../LZMA/LZMAEncoder.h: In member function ‘virtual ULONG NCompress::NLZMA::CEncoder::Release()’:
../../../Common/MyCom.h:168:32: warning: this ‘if’ clause does not guard... [-Wmisleading-indentation]
  168 | STDMETHOD_(ULONG, Release)() { if (--__m_RefCount != 0)  \
      |                                ^~
../../../Common/MyCom.h:175:3: note: in expansion of macro ‘MY_ADDREF_RELEASE’
  175 |   MY_ADDREF_RELEASE
      |   ^~~~~~~~~~~~~~~~~
../../../Common/MyCom.h:194:37: note: in expansion of macro ‘MY_UNKNOWN_IMP_SPEC’
  194 | #define MY_UNKNOWN_IMP3(i1, i2, i3) MY_UNKNOWN_IMP_SPEC( \
      |                                     ^~~~~~~~~~~~~~~~~~~
../LZMA/LZMAEncoder.h:425:3: note: in expansion of macro ‘MY_UNKNOWN_IMP3’
  425 |   MY_UNKNOWN_IMP3(
      |   ^~~~~~~~~~~~~~~
../../../Common/MyCom.h:169:24: note: ...this statement, but the latter is misleadingly indented as if it were guarded by the ‘if’
  169 |   return __m_RefCount; delete this; return 0; }
      |                        ^~~~~~
../../../Common/MyCom.h:175:3: note: in expansion of macro ‘MY_ADDREF_RELEASE’
  175 |   MY_ADDREF_RELEASE
      |   ^~~~~~~~~~~~~~~~~
../../../Common/MyCom.h:194:37: note: in expansion of macro ‘MY_UNKNOWN_IMP_SPEC’
  194 | #define MY_UNKNOWN_IMP3(i1, i2, i3) MY_UNKNOWN_IMP_SPEC( \
      |                                     ^~~~~~~~~~~~~~~~~~~
../LZMA/LZMAEncoder.h:425:3: note: in expansion of macro ‘MY_UNKNOWN_IMP3’
  425 |   MY_UNKNOWN_IMP3(
      |   ^~~~~~~~~~~~~~~
LzmaBench.cpp: In member function ‘virtual ULONG CBenchmarkInStream::Release()’:
../../../Common/MyCom.h:168:32: warning: this ‘if’ clause does not guard... [-Wmisleading-indentation]
  168 | STDMETHOD_(ULONG, Release)() { if (--__m_RefCount != 0)  \
      |                                ^~
../../../Common/MyCom.h:181:3: note: in expansion of macro ‘MY_ADDREF_RELEASE’
  181 |   MY_ADDREF_RELEASE
      |   ^~~~~~~~~~~~~~~~~
LzmaBench.cpp:156:3: note: in expansion of macro ‘MY_UNKNOWN_IMP’
  156 |   MY_UNKNOWN_IMP
      |   ^~~~~~~~~~~~~~
../../../Common/MyCom.h:169:24: note: ...this statement, but the latter is misleadingly indented as if it were guarded by the ‘if’
  169 |   return __m_RefCount; delete this; return 0; }
      |                        ^~~~~~
../../../Common/MyCom.h:181:3: note: in expansion of macro ‘MY_ADDREF_RELEASE’
  181 |   MY_ADDREF_RELEASE
      |   ^~~~~~~~~~~~~~~~~
LzmaBench.cpp:156:3: note: in expansion of macro ‘MY_UNKNOWN_IMP’
  156 |   MY_UNKNOWN_IMP
      |   ^~~~~~~~~~~~~~
LzmaBench.cpp: In member function ‘virtual ULONG CBenchmarkOutStream::Release()’:
../../../Common/MyCom.h:168:32: warning: this ‘if’ clause does not guard... [-Wmisleading-indentation]
  168 | STDMETHOD_(ULONG, Release)() { if (--__m_RefCount != 0)  \
      |                                ^~
../../../Common/MyCom.h:181:3: note: in expansion of macro ‘MY_ADDREF_RELEASE’
  181 |   MY_ADDREF_RELEASE
      |   ^~~~~~~~~~~~~~~~~
LzmaBench.cpp:196:3: note: in expansion of macro ‘MY_UNKNOWN_IMP’
  196 |   MY_UNKNOWN_IMP
      |   ^~~~~~~~~~~~~~
../../../Common/MyCom.h:169:24: note: ...this statement, but the latter is misleadingly indented as if it were guarded by the ‘if’
  169 |   return __m_RefCount; delete this; return 0; }
      |                        ^~~~~~
../../../Common/MyCom.h:181:3: note: in expansion of macro ‘MY_ADDREF_RELEASE’
  181 |   MY_ADDREF_RELEASE
      |   ^~~~~~~~~~~~~~~~~
LzmaBench.cpp:196:3: note: in expansion of macro ‘MY_UNKNOWN_IMP’
  196 |   MY_UNKNOWN_IMP
      |   ^~~~~~~~~~~~~~
LzmaBench.cpp: In member function ‘virtual ULONG CCrcOutStream::Release()’:
../../../Common/MyCom.h:168:32: warning: this ‘if’ clause does not guard... [-Wmisleading-indentation]
  168 | STDMETHOD_(ULONG, Release)() { if (--__m_RefCount != 0)  \
      |                                ^~
../../../Common/MyCom.h:181:3: note: in expansion of macro ‘MY_ADDREF_RELEASE’
  181 |   MY_ADDREF_RELEASE
      |   ^~~~~~~~~~~~~~~~~
LzmaBench.cpp:223:3: note: in expansion of macro ‘MY_UNKNOWN_IMP’
  223 |   MY_UNKNOWN_IMP
      |   ^~~~~~~~~~~~~~
../../../Common/MyCom.h:169:24: note: ...this statement, but the latter is misleadingly indented as if it were guarded by the ‘if’
  169 |   return __m_RefCount; delete this; return 0; }
      |                        ^~~~~~
../../../Common/MyCom.h:181:3: note: in expansion of macro ‘MY_ADDREF_RELEASE’
  181 |   MY_ADDREF_RELEASE
      |   ^~~~~~~~~~~~~~~~~
LzmaBench.cpp:223:3: note: in expansion of macro ‘MY_UNKNOWN_IMP’
  223 |   MY_UNKNOWN_IMP
      |   ^~~~~~~~~~~~~~
../LZMA/LZMAEncoder.h: In member function ‘virtual ULONG NCompress::NLZMA::CEncoder::Release()’:
../LZMA/../../../Common/MyCom.h:168:32: warning: this ‘if’ clause does not guard... [-Wmisleading-indentation]
  168 | STDMETHOD_(ULONG, Release)() { if (--__m_RefCount != 0)  \
      |                                ^~
../LZMA/../../../Common/MyCom.h:175:3: note: in expansion of macro ‘MY_ADDREF_RELEASE’
  175 |   MY_ADDREF_RELEASE
      |   ^~~~~~~~~~~~~~~~~
../LZMA/../../../Common/MyCom.h:194:37: note: in expansion of macro ‘MY_UNKNOWN_IMP_SPEC’
  194 | #define MY_UNKNOWN_IMP3(i1, i2, i3) MY_UNKNOWN_IMP_SPEC( \
      |                                     ^~~~~~~~~~~~~~~~~~~
../LZMA/LZMAEncoder.h:425:3: note: in expansion of macro ‘MY_UNKNOWN_IMP3’
  425 |   MY_UNKNOWN_IMP3(
      |   ^~~~~~~~~~~~~~~
../LZMA/../../../Common/MyCom.h:169:24: note: ...this statement, but the latter is misleadingly indented as if it were guarded by the ‘if’
  169 |   return __m_RefCount; delete this; return 0; }
      |                        ^~~~~~
../LZMA/../../../Common/MyCom.h:175:3: note: in expansion of macro ‘MY_ADDREF_RELEASE’
  175 |   MY_ADDREF_RELEASE
      |   ^~~~~~~~~~~~~~~~~
../LZMA/../../../Common/MyCom.h:194:37: note: in expansion of macro ‘MY_UNKNOWN_IMP_SPEC’
  194 | #define MY_UNKNOWN_IMP3(i1, i2, i3) MY_UNKNOWN_IMP_SPEC( \
      |                                     ^~~~~~~~~~~~~~~~~~~
../LZMA/LZMAEncoder.h:425:3: note: in expansion of macro ‘MY_UNKNOWN_IMP3’
  425 |   MY_UNKNOWN_IMP3(
      |   ^~~~~~~~~~~~~~~
LzmaBench.cpp: In member function ‘virtual ULONG CBenchProgressInfo::Release()’:
../../../Common/MyCom.h:168:32: warning: this ‘if’ clause does not guard... [-Wmisleading-indentation]
  168 | STDMETHOD_(ULONG, Release)() { if (--__m_RefCount != 0)  \
      |                                ^~
../../../Common/MyCom.h:181:3: note: in expansion of macro ‘MY_ADDREF_RELEASE’
  181 |   MY_ADDREF_RELEASE
      |   ^~~~~~~~~~~~~~~~~
LzmaBench.cpp:333:3: note: in expansion of macro ‘MY_UNKNOWN_IMP’
  333 |   MY_UNKNOWN_IMP
      |   ^~~~~~~~~~~~~~
../../../Common/MyCom.h:169:24: note: ...this statement, but the latter is misleadingly indented as if it were guarded by the ‘if’
  169 |   return __m_RefCount; delete this; return 0; }
      |                        ^~~~~~
../../../Common/MyCom.h:181:3: note: in expansion of macro ‘MY_ADDREF_RELEASE’
  181 |   MY_ADDREF_RELEASE
      |   ^~~~~~~~~~~~~~~~~
LzmaBench.cpp:333:3: note: in expansion of macro ‘MY_UNKNOWN_IMP’
  333 |   MY_UNKNOWN_IMP
      |   ^~~~~~~~~~~~~~
gcc -O2 -Wall -c ../../../../C/7zCrc.c
../LZMA/LZMADecoder.h: In member function ‘virtual ULONG NCompress::NLZMA::CDecoder::Release()’:
../../Common/../../Common/MyCom.h:168:32: warning: this ‘if’ clause does not guard... [-Wmisleading-indentation]
  168 | STDMETHOD_(ULONG, Release)() { if (--__m_RefCount != 0)  \
      |                                ^~
../../Common/../../Common/MyCom.h:175:3: note: in expansion of macro ‘MY_ADDREF_RELEASE’
  175 |   MY_ADDREF_RELEASE
      |   ^~~~~~~~~~~~~~~~~
../../Common/../../Common/MyCom.h:209:45: note: in expansion of macro ‘MY_UNKNOWN_IMP_SPEC’
  209 | #define MY_UNKNOWN_IMP5(i1, i2, i3, i4, i5) MY_UNKNOWN_IMP_SPEC( \
      |                                             ^~~~~~~~~~~~~~~~~~~
../LZMA/LZMADecoder.h:195:3: note: in expansion of macro ‘MY_UNKNOWN_IMP5’
  195 |   MY_UNKNOWN_IMP5(
      |   ^~~~~~~~~~~~~~~
../../Common/../../Common/MyCom.h:169:24: note: ...this statement, but the latter is misleadingly indented as if it were guarded by the ‘if’
  169 |   return __m_RefCount; delete this; return 0; }
      |                        ^~~~~~
../../Common/../../Common/MyCom.h:175:3: note: in expansion of macro ‘MY_ADDREF_RELEASE’
  175 |   MY_ADDREF_RELEASE
      |   ^~~~~~~~~~~~~~~~~
../../Common/../../Common/MyCom.h:209:45: note: in expansion of macro ‘MY_UNKNOWN_IMP_SPEC’
  209 | #define MY_UNKNOWN_IMP5(i1, i2, i3, i4, i5) MY_UNKNOWN_IMP_SPEC( \
      |                                             ^~~~~~~~~~~~~~~~~~~
../LZMA/LZMADecoder.h:195:3: note: in expansion of macro ‘MY_UNKNOWN_IMP5’
  195 |   MY_UNKNOWN_IMP5(
      |   ^~~~~~~~~~~~~~~
../LZMA/LZMAEncoder.cpp: In member function ‘UInt32 NCompress::NLZMA::CEncoder::GetOptimumFast(UInt32&)’:
../LZMA/LZMAEncoder.cpp:1185:45: warning: suggest parentheses around ‘&&’ within ‘||’ [-Wparentheses]
 1185 |         repLens[repMaxIndex] + 2 >= lenMain && (backMain > (1 << 9)) ||
      |         ~~~~~~~~~~~~~~~~~~~~~~~~~~~~~~~~~~~~^~~~~~~~~~~~~~~~~~~~~~~~
../LZMA/LZMAEncoder.cpp:1186:45: warning: suggest parentheses around ‘&&’ within ‘||’ [-Wparentheses]
 1186 |         repLens[repMaxIndex] + 3 >= lenMain && (backMain > (1 << 15)))
      |         ~~~~~~~~~~~~~~~~~~~~~~~~~~~~~~~~~~~~^~~~~~~~~~~~~~~~~~~~~~~~~
../LZMA/LZMAEncoder.cpp:1202:42: warning: suggest parentheses around ‘&&’ within ‘||’ [-Wparentheses]
 1202 |       if (_longestMatchLength >= lenMain && newDistance < backMain ||
      |           ~~~~~~~~~~~~~~~~~~~~~~~~~~~~~~~^~~~~~~~~~~~~~~~~~~~~~~~~
../LZMA/LZMAEncoder.cpp:1205:62: warning: suggest parentheses around ‘&&’ within ‘||’ [-Wparentheses]
 1205 |           _longestMatchLength + 1 >= lenMain && lenMain >= 3 && ChangePair(newDistance, backMain))
      |           ~~~~~~~~~~~~~~~~~~~~~~~~~~~~~~~~~~~~~~~~~~~~~~~~~~~^~~~~~~~~~~~~~~~~~~~~~~~~~~~~~~~~~~~
In file included from ../../Common/FileStreams.h:17,
                 from ../../Common/FileStreams.cpp:11:
../../Common/FileStreams.h: In member function ‘virtual ULONG CInFileStream::Release()’:
../../Common/../../Common/MyCom.h:168:32: warning: this ‘if’ clause does not guard... [-Wmisleading-indentation]
  168 | STDMETHOD_(ULONG, Release)() { if (--__m_RefCount != 0)  \
      |                                ^~
../../Common/../../Common/MyCom.h:175:3: note: in expansion of macro ‘MY_ADDREF_RELEASE’
  175 |   MY_ADDREF_RELEASE
      |   ^~~~~~~~~~~~~~~~~
../../Common/../../Common/MyCom.h:188:33: note: in expansion of macro ‘MY_UNKNOWN_IMP_SPEC’
  188 | #define MY_UNKNOWN_IMP2(i1, i2) MY_UNKNOWN_IMP_SPEC( \
      |                                 ^~~~~~~~~~~~~~~~~~~
../../Common/FileStreams.h:47:3: note: in expansion of macro ‘MY_UNKNOWN_IMP2’
   47 |   MY_UNKNOWN_IMP2(IInStream, IStreamGetSize)
      |   ^~~~~~~~~~~~~~~
../../Common/../../Common/MyCom.h:169:24: note: ...this statement, but the latter is misleadingly indented as if it were guarded by the ‘if’
  169 |   return __m_RefCount; delete this; return 0; }
      |                        ^~~~~~
../../Common/../../Common/MyCom.h:175:3: note: in expansion of macro ‘MY_ADDREF_RELEASE’
  175 |   MY_ADDREF_RELEASE
      |   ^~~~~~~~~~~~~~~~~
../../Common/../../Common/MyCom.h:188:33: note: in expansion of macro ‘MY_UNKNOWN_IMP_SPEC’
  188 | #define MY_UNKNOWN_IMP2(i1, i2) MY_UNKNOWN_IMP_SPEC( \
      |                                 ^~~~~~~~~~~~~~~~~~~
../../Common/FileStreams.h:47:3: note: in expansion of macro ‘MY_UNKNOWN_IMP2’
   47 |   MY_UNKNOWN_IMP2(IInStream, IStreamGetSize)
      |   ^~~~~~~~~~~~~~~
../../Common/FileStreams.h: In member function ‘virtual ULONG CStdInFileStream::Release()’:
../../Common/../../Common/MyCom.h:168:32: warning: this ‘if’ clause does not guard... [-Wmisleading-indentation]
  168 | STDMETHOD_(ULONG, Release)() { if (--__m_RefCount != 0)  \
      |                                ^~
../../Common/../../Common/MyCom.h:181:3: note: in expansion of macro ‘MY_ADDREF_RELEASE’
  181 |   MY_ADDREF_RELEASE
      |   ^~~~~~~~~~~~~~~~~
../../Common/FileStreams.h:64:3: note: in expansion of macro ‘MY_UNKNOWN_IMP’
   64 |   MY_UNKNOWN_IMP
      |   ^~~~~~~~~~~~~~
../../Common/../../Common/MyCom.h:169:24: note: ...this statement, but the latter is misleadingly indented as if it were guarded by the ‘if’
  169 |   return __m_RefCount; delete this; return 0; }
      |                        ^~~~~~
../../Common/../../Common/MyCom.h:181:3: note: in expansion of macro ‘MY_ADDREF_RELEASE’
  181 |   MY_ADDREF_RELEASE
      |   ^~~~~~~~~~~~~~~~~
../../Common/FileStreams.h:64:3: note: in expansion of macro ‘MY_UNKNOWN_IMP’
   64 |   MY_UNKNOWN_IMP
      |   ^~~~~~~~~~~~~~
LzmaRam.cpp: In member function ‘virtual ULONG CInStreamRam::Release()’:
../LZMA/../../../Common/MyCom.h:168:32: warning: this ‘if’ clause does not guard... [-Wmisleading-indentation]
  168 | STDMETHOD_(ULONG, Release)() { if (--__m_RefCount != 0)  \
      |                                ^~
../LZMA/../../../Common/MyCom.h:181:3: note: in expansion of macro ‘MY_ADDREF_RELEASE’
  181 |   MY_ADDREF_RELEASE
      |   ^~~~~~~~~~~~~~~~~
LzmaRam.cpp:22:3: note: in expansion of macro ‘MY_UNKNOWN_IMP’
   22 |   MY_UNKNOWN_IMP
      |   ^~~~~~~~~~~~~~
../LZMA/../../../Common/MyCom.h:169:24: note: ...this statement, but the latter is misleadingly indented as if it were guarded by the ‘if’
  169 |   return __m_RefCount; delete this; return 0; }
      |                        ^~~~~~
../LZMA/../../../Common/MyCom.h:181:3: note: in expansion of macro ‘MY_ADDREF_RELEASE’
  181 |   MY_ADDREF_RELEASE
      |   ^~~~~~~~~~~~~~~~~
LzmaRam.cpp:22:3: note: in expansion of macro ‘MY_UNKNOWN_IMP’
   22 |   MY_UNKNOWN_IMP
      |   ^~~~~~~~~~~~~~
../LZMA/LZMAEncoder.cpp: In member function ‘LONG NCompress::NLZMA::CEncoder::CodeOneBlock(UInt64*, UInt64*, Int32*)’:
../LZMA/LZMAEncoder.cpp:1350:12: warning: variable ‘len’ set but not used [-Wunused-but-set-variable]
 1350 |     UInt32 len, numDistancePairs;
      |            ^~~
LzmaRam.cpp: In member function ‘virtual ULONG COutStreamRam::Release()’:
../LZMA/../../../Common/MyCom.h:168:32: warning: this ‘if’ clause does not guard... [-Wmisleading-indentation]
  168 | STDMETHOD_(ULONG, Release)() { if (--__m_RefCount != 0)  \
      |                                ^~
../LZMA/../../../Common/MyCom.h:181:3: note: in expansion of macro ‘MY_ADDREF_RELEASE’
  181 |   MY_ADDREF_RELEASE
      |   ^~~~~~~~~~~~~~~~~
LzmaRam.cpp:65:3: note: in expansion of macro ‘MY_UNKNOWN_IMP’
   65 |   MY_UNKNOWN_IMP
      |   ^~~~~~~~~~~~~~
../LZMA/../../../Common/MyCom.h:169:24: note: ...this statement, but the latter is misleadingly indented as if it were guarded by the ‘if’
  169 |   return __m_RefCount; delete this; return 0; }
      |                        ^~~~~~
../LZMA/../../../Common/MyCom.h:181:3: note: in expansion of macro ‘MY_ADDREF_RELEASE’
  181 |   MY_ADDREF_RELEASE
      |   ^~~~~~~~~~~~~~~~~
LzmaRam.cpp:65:3: note: in expansion of macro ‘MY_UNKNOWN_IMP’
   65 |   MY_UNKNOWN_IMP
      |   ^~~~~~~~~~~~~~
../../Common/FileStreams.h: In member function ‘virtual ULONG COutFileStream::Release()’:
../../Common/../../Common/MyCom.h:168:32: warning: this ‘if’ clause does not guard... [-Wmisleading-indentation]
  168 | STDMETHOD_(ULONG, Release)() { if (--__m_RefCount != 0)  \
      |                                ^~
../../Common/../../Common/MyCom.h:175:3: note: in expansion of macro ‘MY_ADDREF_RELEASE’
  175 |   MY_ADDREF_RELEASE
      |   ^~~~~~~~~~~~~~~~~
../../Common/../../Common/MyCom.h:183:28: note: in expansion of macro ‘MY_UNKNOWN_IMP_SPEC’
  183 | #define MY_UNKNOWN_IMP1(i) MY_UNKNOWN_IMP_SPEC( \
      |                            ^~~~~~~~~~~~~~~~~~~
../../Common/FileStreams.h:123:3: note: in expansion of macro ‘MY_UNKNOWN_IMP1’
  123 |   MY_UNKNOWN_IMP1(IOutStream)
      |   ^~~~~~~~~~~~~~~
../../Common/../../Common/MyCom.h:169:24: note: ...this statement, but the latter is misleadingly indented as if it were guarded by the ‘if’
  169 |   return __m_RefCount; delete this; return 0; }
      |                        ^~~~~~
../../Common/../../Common/MyCom.h:175:3: note: in expansion of macro ‘MY_ADDREF_RELEASE’
  175 |   MY_ADDREF_RELEASE
      |   ^~~~~~~~~~~~~~~~~
../../Common/../../Common/MyCom.h:183:28: note: in expansion of macro ‘MY_UNKNOWN_IMP_SPEC’
  183 | #define MY_UNKNOWN_IMP1(i) MY_UNKNOWN_IMP_SPEC( \
      |                            ^~~~~~~~~~~~~~~~~~~
../../Common/FileStreams.h:123:3: note: in expansion of macro ‘MY_UNKNOWN_IMP1’
  123 |   MY_UNKNOWN_IMP1(IOutStream)
      |   ^~~~~~~~~~~~~~~
gcc -O2 -Wall -c ../../../../C/Alloc.c
../../Common/FileStreams.h: In member function ‘virtual ULONG CStdOutFileStream::Release()’:
../../Common/../../Common/MyCom.h:168:32: warning: this ‘if’ clause does not guard... [-Wmisleading-indentation]
  168 | STDMETHOD_(ULONG, Release)() { if (--__m_RefCount != 0)  \
      |                                ^~
../../Common/../../Common/MyCom.h:181:3: note: in expansion of macro ‘MY_ADDREF_RELEASE’
  181 |   MY_ADDREF_RELEASE
      |   ^~~~~~~~~~~~~~~~~
../../Common/FileStreams.h:136:3: note: in expansion of macro ‘MY_UNKNOWN_IMP’
  136 |   MY_UNKNOWN_IMP
      |   ^~~~~~~~~~~~~~
../../Common/../../Common/MyCom.h:169:24: note: ...this statement, but the latter is misleadingly indented as if it were guarded by the ‘if’
  169 |   return __m_RefCount; delete this; return 0; }
      |                        ^~~~~~
../../Common/../../Common/MyCom.h:181:3: note: in expansion of macro ‘MY_ADDREF_RELEASE’
  181 |   MY_ADDREF_RELEASE
      |   ^~~~~~~~~~~~~~~~~
../../Common/FileStreams.h:136:3: note: in expansion of macro ‘MY_UNKNOWN_IMP’
  136 |   MY_UNKNOWN_IMP
      |   ^~~~~~~~~~~~~~
gcc -O2 -Wall -c ../../../../C/Compress/Branch/BranchX86.c
../LZMA/LZMAEncoder.h: In member function ‘virtual ULONG NCompress::NLZMA::CEncoder::Release()’:
../../Common/../../Common/MyCom.h:168:32: warning: this ‘if’ clause does not guard... [-Wmisleading-indentation]
  168 | STDMETHOD_(ULONG, Release)() { if (--__m_RefCount != 0)  \
      |                                ^~
../../Common/../../Common/MyCom.h:175:3: note: in expansion of macro ‘MY_ADDREF_RELEASE’
  175 |   MY_ADDREF_RELEASE
      |   ^~~~~~~~~~~~~~~~~
../../Common/../../Common/MyCom.h:194:37: note: in expansion of macro ‘MY_UNKNOWN_IMP_SPEC’
  194 | #define MY_UNKNOWN_IMP3(i1, i2, i3) MY_UNKNOWN_IMP_SPEC( \
      |                                     ^~~~~~~~~~~~~~~~~~~
../LZMA/LZMAEncoder.h:425:3: note: in expansion of macro ‘MY_UNKNOWN_IMP3’
  425 |   MY_UNKNOWN_IMP3(
      |   ^~~~~~~~~~~~~~~
../../Common/../../Common/MyCom.h:169:24: note: ...this statement, but the latter is misleadingly indented as if it were guarded by the ‘if’
  169 |   return __m_RefCount; delete this; return 0; }
      |                        ^~~~~~
../../Common/../../Common/MyCom.h:175:3: note: in expansion of macro ‘MY_ADDREF_RELEASE’
  175 |   MY_ADDREF_RELEASE
      |   ^~~~~~~~~~~~~~~~~
../../Common/../../Common/MyCom.h:194:37: note: in expansion of macro ‘MY_UNKNOWN_IMP_SPEC’
  194 | #define MY_UNKNOWN_IMP3(i1, i2, i3) MY_UNKNOWN_IMP_SPEC( \
      |                                     ^~~~~~~~~~~~~~~~~~~
../LZMA/LZMAEncoder.h:425:3: note: in expansion of macro ‘MY_UNKNOWN_IMP3’
  425 |   MY_UNKNOWN_IMP3(
      |   ^~~~~~~~~~~~~~~
gcc -O2 -Wall -c ../../../../C/Compress/Lz/MatchFinder.c
gcc -O2 -Wall -c ../../../../C/Compress/Lzma/LzmaDecode.c
In file included from ../../../Common/MyVector.cpp:7:
../../../Common/MyVector.h: In member function ‘int CObjectVector<T>::Find(const T&) const’:
../../../Common/MyVector.h:204:5: warning: this ‘for’ clause does not guard... [-Wmisleading-indentation]
  204 |     for(int i = 0; i < Size(); i++)
      |     ^~~
../../../Common/MyVector.h:207:7: note: ...this statement, but the latter is misleadingly indented as if it were guarded by the ‘for’
  207 |       return -1;
      |       ^~~~~~
gcc -O2 -Wall -c LzmaRamDecode.c
LzmaAlone.cpp: In function ‘int main2(int, const char**)’:
LzmaAlone.cpp:470:16: warning: format not a string literal and no format arguments [-Wformat-security]
  470 |         fprintf(stderr, kWriteError);
      |         ~~~~~~~^~~~~~~~~~~~~~~~~~~~~
LzmaAlone.cpp:495:14: warning: format not a string literal and no format arguments [-Wformat-security]
  495 |       fprintf(stderr, kReadError);
      |       ~~~~~~~^~~~~~~~~~~~~~~~~~~~
LzmaAlone.cpp:500:14: warning: format not a string literal and no format arguments [-Wformat-security]
  500 |       fprintf(stderr, kReadError);
      |       ~~~~~~~^~~~~~~~~~~~~~~~~~~~
LzmaAlone.cpp:514:16: warning: format not a string literal and no format arguments [-Wformat-security]
  514 |         fprintf(stderr, kReadError);
      |         ~~~~~~~^~~~~~~~~~~~~~~~~~~~
LzmaAlone.cpp:519:16: warning: format not a string literal and no format arguments [-Wformat-security]
  519 |         fprintf(stderr, kReadError);
      |         ~~~~~~~^~~~~~~~~~~~~~~~~~~~
mipsel-uclibc-ld -no-warn-mismatch -T piggy.lds -r -o piggy.o -b binary piggz -b elf32-tradlittlemips
mipsel-uclibc-ld -static --gc-sections -no-warn-mismatch -T vmlinux.lds -o vmlinux boot.o sisdram.o sbsdram.o aisdram.o load.o sflash.o hndmips.o hndchipc.o sbutils.o aiutils.o siutils.o hndpmu.o nicpci.o min_osl.o bcmutils.o sromstubs.o nvramstubs.o bcmstdlib.o piggy.o
g++ -O2 -Wall -o lzma  LzmaAlone.o LzmaBench.o LzmaBenchCon.o LzmaRam.o LZMADecoder.o LZMAEncoder.o LZOutWindow.o RangeCoderBit.o InBuffer.o OutBuffer.o FileStreams.o StreamUtils.o C_FileIO.o CommandLineParser.o CRC.o IntToString.o MyString.o StringConvert.o StringToInt.o MyVector.o 7zCrc.o Alloc.o BranchX86.o MatchFinder.o LzmaDecode.o LzmaRamDecode.o  -lm 
mipsel-uclibc-objcopy -O binary -R .reginfo -R .note -R .comment -R .mdebug -S vmlinux zImage
make[5]: Leaving directory '/home/jamie/asuswrt-merlin/release/src/lzma/CPP/7zip/Compress/LZMA_Alone'
cat piggy | /home/jamie/asuswrt-merlin/release/src-rt-6.x/lzma/CPP/7zip/Compress/LZMA_Alone/lzma e -si -so -lc1 -lp2 -pb2 > vmlinuz

LZMA 4.57  Copyright (c) 1999-2007 Igor Pavlov  2007-12-06
make[4]: Leaving directory '/home/jamie/asuswrt-merlin/release/src-rt/linux/linux-2.6/arch/mips/brcm-boards/bcm947xx/compressed'
make -C protect_srv/lib
make[4]: Entering directory '/home/jamie/asuswrt-merlin/release/src/router/protect_srv/lib'
mipsel-uclibc-gcc -Os -Wall -DLINUX26 -DCONFIG_BCMWL5 -DDEBUG_NOISY -DDEBUG_RCTEST -pipe -DBCMWPA2 -funit-at-a-time -Wno-pointer-sign -mtune=mips32r2 -mips32r2 -DRTCONFIG_NVRAM_64K  -DLINUX_KERNEL_VERSION=132630  -fPIC -I. -I/home/jamie/asuswrt-merlin/release/src-rt-6.x/router/protect_srv/include -DASUSWRT_SDK   -c -o libptcsrv.o libptcsrv.c
mipsel-uclibc-gcc -Os -Wall -DLINUX26 -DCONFIG_BCMWL5 -DDEBUG_NOISY -DDEBUG_RCTEST -pipe -DBCMWPA2 -funit-at-a-time -Wno-pointer-sign -mtune=mips32r2 -mips32r2 -DRTCONFIG_NVRAM_64K  -DLINUX_KERNEL_VERSION=132630  -fPIC -I. -I/home/jamie/asuswrt-merlin/release/src-rt-6.x/router/protect_srv/include -DASUSWRT_SDK   -c -o linklist.o linklist.c
 [libptcsrv.so] LD libptcsrv.so
 [libptcsrv.a] AR libptcsrv.a
a - libptcsrv.o
a - linklist.o
make[4]: Leaving directory '/home/jamie/asuswrt-merlin/release/src/router/protect_srv/lib'
install -D protect_srv/lib/libptcsrv.so /home/jamie/asuswrt-merlin/release/src-rt-6.x/router/mipsel-uclibc/stage/usr/lib/libptcsrv.so
install -D -m 644 -p protect_srv/include/protect_srv.h /home/jamie/asuswrt-merlin/release/src-rt-6.x/router/mipsel-uclibc/stage/usr/include/protect_srv.h
install -D -m 644 -p protect_srv/include/libptcsrv.h /home/jamie/asuswrt-merlin/release/src-rt-6.x/router/mipsel-uclibc/stage/usr/include/libptcsrv.h
make[4]: Entering directory '/home/jamie/asuswrt-merlin/release/src/router/busybox'
  SPLIT   include/autoconf.h -> include/config/*
  HOSTCC  applets/usage
  HOSTCC  applets/applet_tables
applets/usage.c: In function ‘main’:
applets/usage.c:52:17: warning: ignoring return value of ‘write’ declared with attribute ‘warn_unused_result’ [-Wunused-result]
   52 |                 write(STDOUT_FILENO, usage_array[i].usage, strlen(usage_array[i].usage) + 1);
      |                 ^~~~~~~~~~~~~~~~~~~~~~~~~~~~~~~~~~~~~~~~~~~~~~~~~~~~~~~~~~~~~~~~~~~~~~~~~~~~
applets/applet_tables.c: In function ‘main’:
applets/applet_tables.c:204:25: warning: ignoring return value of ‘fgets’ declared with attribute ‘warn_unused_result’ [-Wunused-result]
  204 |                         fgets(line_old, sizeof(line_old), fp);
      |                         ^~~~~~~~~~~~~~~~~~~~~~~~~~~~~~~~~~~~~
  GEN     include/bbconfigopts.h
  GEN     include/common_bufsiz.h
  GEN     include/usage_compressed.h
  GEN     include/applet_tables.h
  CC      applets/applets.o
  HOSTCC  applets/usage_pod
applets/usage_pod.c: In function ‘main’:
applets/usage_pod.c:74:17: warning: format not a string literal and no format arguments [-Wformat-security]
   74 |                 printf(usage_array[i].aname);
      |                 ^~~~~~
  LD      applets/built-in.o
  DOC     busybox.pod
  DOC     BusyBox.txt
  DOC     busybox.1
  DOC     BusyBox.html
  LD      archival/built-in.o
  CC      archival/bbunzip.o
  CC      archival/gzip.o
  CC      archival/tar.o
  CC      archival/unzip.o
  LD      archival/libarchive/built-in.o
  CC      archival/libarchive/common.o
  CC      archival/libarchive/data_align.o
  CC      archival/libarchive/data_extract_all.o
  CC      applets/applets.o
  CC      archival/libarchive/data_extract_to_stdout.o
  CC      archival/libarchive/data_skip.o
  CC      archival/libarchive/decompress_bunzip2.o
  CC      archival/libarchive/decompress_gunzip.o
  CC      archival/libarchive/filter_accept_all.o
  LD      console-tools/built-in.o
  CC      archival/libarchive/filter_accept_list.o
  CC      console-tools/clear.o
  CC      console-tools/setconsole.o
  LD      coreutils/built-in.o
  CC      archival/libarchive/filter_accept_reject_list.o
  CC      coreutils/basename.o
  CC      archival/libarchive/find_list_entry.o
  CC      archival/libarchive/get_header_tar.o
  LD      applets/built-in.o
  CC      archival/libarchive/header_list.o
  CC      archival/libarchive/header_skip.o
  CC      coreutils/cat.o
  CC      archival/libarchive/header_verbose_list.o
  LD      coreutils/libcoreutils/built-in.o
  CC      coreutils/libcoreutils/cp_mv_stat.o
  AR      console-tools/lib.a
  LD      debianutils/built-in.o
  CC      coreutils/libcoreutils/getopt_mk_fifo_nod.o
  LD      e2fsprogs/built-in.o
  AR      e2fsprogs/lib.a
  CC      debianutils/which.o
  CC      coreutils/chmod.o
  CC      coreutils/chown.o
  CC      archival/libarchive/init_handle.o
  CC      coreutils/chroot.o
  CC      archival/libarchive/open_transformer.o
  LD      editors/built-in.o
  CC      editors/awk.o
  CC      editors/cmp.o
  LD      findutils/built-in.o
  AR      archival/lib.a
  CC      editors/diff.o
  CC      editors/sed.o
  CC      archival/libarchive/seek_by_jump.o
  CC      findutils/find.o
  CC      findutils/grep.o
  CC      editors/vi.o
  CC      findutils/xargs.o
  CC      archival/libarchive/seek_by_read.o
  LD      init/built-in.o
  AR      init/lib.a
  AR      coreutils/libcoreutils/lib.a
  AR      debianutils/lib.a
  CC      archival/libarchive/unsafe_prefix.o
  CC      coreutils/cp.o
  CC      coreutils/cut.o
  CC      coreutils/date.o
  LD      libbb/built-in.o
  CC      libbb/appletlib.o
  CC      libbb/ask_confirmation.o
  CC      libbb/auto_string.o
  LD      libpwdgrp/built-in.o
  CC      libpwdgrp/pwd_grp.o
  CC      libpwdgrp/uidgid_get.o
  LD      loginutils/built-in.o
  CC      libbb/bb_askpass.o
  CC      libbb/bb_bswap_64.o
  CC      libbb/bb_do_delay.o
  LD      mailutils/built-in.o
  CC      libbb/bb_pwd.o
  LD      miscutils/built-in.o
  CC      loginutils/chpasswd.o
  CC      loginutils/login.o
  CC      miscutils/crond.o
  CC      mailutils/mail.o
  AR      archival/libarchive/lib.a
  AR      findutils/lib.a
  CC      mailutils/makemime.o
  LD      modutils/built-in.o
  CC      mailutils/sendmail.o
  CC      coreutils/dd.o
  CC      coreutils/df.o
  CC      coreutils/dirname.o
  CC      miscutils/crontab.o
  CC      miscutils/devmem.o
  CC      libbb/bb_qsort.o
  AR      libpwdgrp/lib.a
  LD      networking/built-in.o
  CC      networking/arp.o
  CC      modutils/insmod.o
  CC      modutils/lsmod.o
  CC      modutils/modprobe.o
  CC      modutils/modutils.o
  CC      networking/arping.o
  CC      networking/ether-wake.o
  CC      networking/ftpgetput.o
  AR      loginutils/lib.a
  CC      networking/hostname.o
  AR      editors/lib.a
  CC      modutils/rmmod.o
  CC      miscutils/ionice.o
  CC      miscutils/less.o
  LD      networking/libiproute/built-in.o
  AR      networking/libiproute/lib.a
  CC      libbb/bb_strtonum.o
  CC      coreutils/dos2unix.o
  LD      networking/udhcp/built-in.o
  CC      networking/udhcp/arpping.o
  AR      mailutils/lib.a
  CC      networking/udhcp/common.o
  CC      networking/udhcp/dhcpc.o
  CC      libbb/change_identity.o
  CC      libbb/chomp.o
  LD      printutils/built-in.o
  AR      printutils/lib.a
  CC      miscutils/strings.o
  CC      miscutils/time.o
  CC      libbb/common_bufsiz.o
  CC      libbb/compare_string_array.o
  CC      networking/ifconfig.o
  CC      coreutils/du.o
  LD      procps/built-in.o
  CC      procps/free.o
  CC      coreutils/echo.o
  CC      coreutils/env.o
  AR      modutils/lib.a
  CC      coreutils/expr.o
  CC      networking/interface.o
  CC      procps/kill.o
  LD      runit/built-in.o
  AR      runit/lib.a
  CC      coreutils/fsync.o
  CC      networking/udhcp/packet.o
  CC      procps/pidof.o
  CC      networking/nc.o
  CC      networking/netstat.o
  CC      networking/nslookup.o
  CC      networking/ntpd.o
  CC      networking/ping.o
  AR      miscutils/lib.a
  CC      procps/ps.o
  CC      libbb/concat_path_file.o
  CC      libbb/concat_subpath_file.o
  CC      networking/udhcp/signalpipe.o
  CC      networking/udhcp/socket.o
  CC      coreutils/head.o
  CC      procps/renice.o
  CC      networking/pscan.o
  CC      procps/top.o
  CC      networking/route.o
  CC      networking/telnet.o
  LD      selinux/built-in.o
  AR      selinux/lib.a
  CC      coreutils/ln.o
  CC      coreutils/ls.o
  CC      procps/uptime.o
  CC      coreutils/md5_sha1_sum.o
  CC      coreutils/mkdir.o
  CC      networking/telnetd.o
  CC      libbb/copy_file.o
  CC      procps/watch.o
  CC      libbb/copyfd.o
  LD      shell/built-in.o
  LD      sysklogd/built-in.o
  CC      coreutils/mknod.o
  AR      networking/udhcp/lib.a
  CC      coreutils/mv.o
  LD      util-linux/built-in.o
  CC      networking/tftp.o
  CC      shell/ash.o
  CC      sysklogd/klogd.o
  CC      sysklogd/syslogd_and_logger.o
  CC      networking/traceroute.o
  CC      util-linux/blkid.o
  CC      coreutils/nice.o
  CC      shell/ash_ptr_hack.o
  CC      networking/vconfig.o
  CC      networking/zcip.o
  CC      coreutils/nohup.o
  CC      libbb/correct_password.o
  AR      procps/lib.a
  CC      util-linux/dmesg.o
  CC      util-linux/fdisk.o
  CC      shell/math.o
  CC      coreutils/printf.o
  CC      util-linux/flock.o
  CC      util-linux/getopt.o
  CC      util-linux/lsusb.o
  CC      util-linux/mdev.o
  CC      util-linux/mkfs_vfat.o
  LD      util-linux/volume_id/built-in.o
  CC      util-linux/volume_id/ext.o
  CC      util-linux/volume_id/fat.o
  CC      util-linux/mkswap.o
  CC      coreutils/pwd.o
  AR      sysklogd/lib.a
  CC      util-linux/more.o
  CC      coreutils/readlink.o
  AR      networking/lib.a
  CC      libbb/crc32.o
  CC      libbb/default_error_retval.o
  CC      shell/shell_common.o
  CC      util-linux/volume_id/get_devname.o
  CC      util-linux/volume_id/hfs.o
  CC      util-linux/volume_id/linux_swap.o
  CC      util-linux/volume_id/ntfs.o
  CC      util-linux/volume_id/util.o
  CC      coreutils/rm.o
  CC      util-linux/volume_id/volume_id.o
  CC      coreutils/rmdir.o
  CC      coreutils/sleep.o
  CC      coreutils/sort.o
  CC      libbb/device_open.o
  CC      libbb/dump.o
  CC      util-linux/mount.o
  CC      util-linux/swaponoff.o
  CC      coreutils/sync.o
  CC      coreutils/tail.o
  CC      coreutils/tee.o
  CC      util-linux/umount.o
  CC      coreutils/test.o
  CC      coreutils/test_ptr_hack.o
  CC      coreutils/touch.o
  CC      libbb/endofname.o
  CC      libbb/executable.o
  CC      coreutils/tr.o
  CC      coreutils/true.o
  AR      util-linux/volume_id/lib.a
  CC      coreutils/uname.o
  CC      libbb/fclose_nonstdin.o
  CC      libbb/fflush_stdout_and_exit.o
  CC      coreutils/uniq.o
  CC      coreutils/usleep.o
  CC      coreutils/wc.o
  CC      libbb/fgets_str.o
  CC      libbb/find_mount_point.o
  CC      libbb/find_pid_by_name.o
  CC      libbb/find_root_device.o
  CC      libbb/full_write.o
  CC      libbb/get_console.o
  AR      util-linux/lib.a
  CC      libbb/get_last_path_component.o
  CC      libbb/get_line_from_file.o
  CC      libbb/get_shell_name.o
  CC      libbb/get_volsize.o
  CC      libbb/getopt32.o
  CC      libbb/getpty.o
  CC      libbb/hash_md5_sha.o
  CC      libbb/herror_msg.o
  CC      libbb/human_readable.o
  CC      libbb/in_ether.o
  AR      shell/lib.a
  CC      libbb/inet_cksum.o
  CC      libbb/inet_common.o
  CC      libbb/inode_hash.o
  CC      libbb/isdirectory.o
  AR      coreutils/lib.a
  CC      libbb/kernel_version.o
  CC      libbb/last_char_is.o
  CC      libbb/lineedit.o
  CC      libbb/lineedit_ptr_hack.o
  CC      libbb/llist.o
  CC      libbb/logenv.o
  CC      libbb/login.o
  CC      libbb/loop.o
  CC      libbb/make_directory.o
  CC      libbb/makedev.o
  CC      libbb/match_fstype.o
  CC      libbb/messages.o
  CC      libbb/missing_syscalls.o
  CC      libbb/mode_string.o
  CC      libbb/nuke_str.o
  CC      libbb/parse_config.o
  CC      libbb/parse_mode.o
  CC      libbb/percent_decode.o
  CC      libbb/perror_msg.o
  CC      libbb/perror_nomsg.o
  CC      libbb/perror_nomsg_and_die.o
  CC      libbb/pidfile.o
  CC      libbb/platform.o
  CC      libbb/print_flags.o
  CC      libbb/printable.o
  CC      libbb/printable_string.o
  CC      libbb/process_escape_sequence.o
  CC      libbb/procps.o
  CC      libbb/progress.o
  CC      libbb/ptr_to_globals.o
  CC      libbb/pw_encrypt.o
  CC      libbb/read.o
  CC      libbb/read_key.o
  CC      libbb/read_printf.o
  CC      libbb/recursive_action.o
  CC      libbb/remove_file.o
  CC      libbb/replace.o
  CC      libbb/run_shell.o
  CC      libbb/safe_gethostname.o
  CC      libbb/safe_poll.o
  CC      libbb/safe_strncpy.o
  CC      libbb/safe_write.o
  CC      libbb/setup_environment.o
  CC      libbb/signals.o
  CC      libbb/simplify_path.o
  CC      libbb/single_argv.o
  CC      libbb/skip_whitespace.o
  CC      libbb/speed_table.o
  CC      libbb/str_tolower.o
  CC      libbb/strrstr.o
  CC      libbb/sysconf.o
  CC      libbb/time.o
  CC      libbb/trim.o
  CC      libbb/u_signal_names.o
  CC      libbb/ubi.o
  CC      libbb/udp_io.o
  CC      libbb/unicode.o
  CC      libbb/update_passwd.o
  CC      libbb/uuencode.o
  CC      libbb/vdprintf.o
  CC      libbb/verror_msg.o
  CC      libbb/vfork_daemon_rexec.o
  CC      libbb/warn_ignoring_args.o
  CC      libbb/wfopen.o
  CC      libbb/wfopen_input.o
  CC      libbb/write.o
  CC      libbb/xatonum.o
  CC      libbb/xconnect.o
  CC      libbb/xfunc_die.o
  CC      libbb/xfuncs.o
  CC      libbb/xfuncs_printf.o
  CC      libbb/xgetcwd.o
  CC      libbb/xgethostbyname.o
  CC      libbb/xreadlink.o
  CC      libbb/xrealloc_vector.o
libbb/update_passwd.c: In function 'update_passwd':
libbb/update_passwd.c:175: warning: null argument where non-null required (argument 1)
  CC      libbb/xregcomp.o
  AR      libbb/lib.a
  LINK    busybox_unstripped
Trying libraries: crypt m ptcsrv
 Library crypt is needed, can't exclude it (yet)
 Library m is needed, can't exclude it (yet)
 Library ptcsrv is needed, can't exclude it (yet)
Final link with: crypt m ptcsrv
make[4]: Leaving directory '/home/jamie/asuswrt-merlin/release/src/router/busybox'
cd openssl && \
./Configure linux-mips32 --openssldir=/etc --cross-compile-prefix=' ' \
-ffunction-sections -fdata-sections -Wl,--gc-sections \
shared enable-rc5 no-rc4
Configuring for linux-mips32
    no-ec_nistp_64_gcc_128 [default]  OPENSSL_NO_EC_NISTP_64_GCC_128 (skip dir)
    no-gmp          [default]  OPENSSL_NO_GMP (skip dir)
    no-jpake        [experimental] OPENSSL_NO_JPAKE (skip dir)
    no-krb5         [krb5-flavor not specified] OPENSSL_NO_KRB5
    no-libunbound   [experimental] OPENSSL_NO_LIBUNBOUND (skip dir)
    no-md2          [default]  OPENSSL_NO_MD2 (skip dir)
    no-rc4          [option]   OPENSSL_NO_RC4 (skip dir)
    no-rfc3779      [default]  OPENSSL_NO_RFC3779 (skip dir)
    no-sctp         [default]  OPENSSL_NO_SCTP (skip dir)
    no-ssl-trace    [default]  OPENSSL_NO_SSL_TRACE (skip dir)
    no-ssl2         [default]  OPENSSL_NO_SSL2 (skip dir)
    no-store        [experimental] OPENSSL_NO_STORE (skip dir)
    no-unit-test    [default]  OPENSSL_NO_UNIT_TEST (skip dir)
    no-weak-ssl-ciphers [default]  OPENSSL_NO_WEAK_SSL_CIPHERS (skip dir)
    no-zlib         [default] 
    no-zlib-dynamic [default] 
IsMK1MF=0
CC            =mipsel-uclibc-gcc
CFLAG         =-fPIC -DOPENSSL_PIC -DOPENSSL_THREADS -D_REENTRANT -DDSO_DLFCN -DHAVE_DLFCN_H -ffunction-sections -fdata-sections -mips2 -mabi=32 -O3 -Wall -DBN_DIV3W -DOPENSSL_BN_ASM_MONT -DSHA1_ASM -DSHA256_ASM -DAES_ASM
EX_LIBS       =-Wl,--gc-sections -ldl
CPUID_OBJ     =mem_clr.o
BN_ASM        =bn-mips.o mips-mont.o
EC_ASM        =
DES_ENC       =des_enc.o fcrypt_b.o
AES_ENC       =aes_cbc.o aes-mips.o
BF_ENC        =bf_enc.o
CAST_ENC      =c_enc.o
RC4_ENC       =rc4_enc.o rc4_skey.o
RC5_ENC       =rc5_enc.o
MD5_OBJ_ASM   =
SHA1_OBJ_ASM  =sha1-mips.o sha256-mips.o
RMD160_OBJ_ASM=
CMLL_ENC      =camellia.o cmll_misc.o cmll_cbc.o
MODES_OBJ     =
ENGINES_OBJ   =
PROCESSOR     =
RANLIB        =mipsel-uclibc-ranlib
ARFLAGS       =
PERL          =/usr/bin/perl
THIRTY_TWO_BIT mode
DES_UNROLL used
DES_INT used
BN_LLONG mode
RC4 uses uchar
RC4_CHUNK is unsigned long
BF_PTR used
make[4]: Entering directory '/home/jamie/asuswrt-merlin/release/src/router/openssl'
e_os2.h => include/openssl/e_os2.h
making links in crypto...
make[5]: Entering directory '/home/jamie/asuswrt-merlin/release/src/router/openssl/crypto'
crypto.h => ../include/openssl/crypto.h
opensslv.h => ../include/openssl/opensslv.h
opensslconf.h => ../include/openssl/opensslconf.h
ebcdic.h => ../include/openssl/ebcdic.h
symhacks.h => ../include/openssl/symhacks.h
ossl_typ.h => ../include/openssl/ossl_typ.h
constant_time_test.c => ../test/constant_time_test.c
making links in crypto/objects...
make[6]: Entering directory '/home/jamie/asuswrt-merlin/release/src/router/openssl/crypto/objects'
objects.h => ../../include/openssl/objects.h
obj_mac.h => ../../include/openssl/obj_mac.h
make[6]: Leaving directory '/home/jamie/asuswrt-merlin/release/src/router/openssl/crypto/objects'
making links in crypto/md4...
make[6]: Entering directory '/home/jamie/asuswrt-merlin/release/src/router/openssl/crypto/md4'
md4.h => ../../include/openssl/md4.h
md4test.c => ../../test/md4test.c
md4.c => ../../apps/md4.c
make[6]: Leaving directory '/home/jamie/asuswrt-merlin/release/src/router/openssl/crypto/md4'
making links in crypto/md5...
make[6]: Entering directory '/home/jamie/asuswrt-merlin/release/src/router/openssl/crypto/md5'
md5.h => ../../include/openssl/md5.h
md5test.c => ../../test/md5test.c
make[6]: Leaving directory '/home/jamie/asuswrt-merlin/release/src/router/openssl/crypto/md5'
making links in crypto/sha...
make[6]: Entering directory '/home/jamie/asuswrt-merlin/release/src/router/openssl/crypto/sha'
sha.h => ../../include/openssl/sha.h
shatest.c => ../../test/shatest.c
sha1test.c => ../../test/sha1test.c
sha256t.c => ../../test/sha256t.c
sha512t.c => ../../test/sha512t.c
make[6]: Leaving directory '/home/jamie/asuswrt-merlin/release/src/router/openssl/crypto/sha'
making links in crypto/mdc2...
make[6]: Entering directory '/home/jamie/asuswrt-merlin/release/src/router/openssl/crypto/mdc2'
mdc2.h => ../../include/openssl/mdc2.h
mdc2test.c => ../../test/mdc2test.c
make[6]: Leaving directory '/home/jamie/asuswrt-merlin/release/src/router/openssl/crypto/mdc2'
making links in crypto/hmac...
make[6]: Entering directory '/home/jamie/asuswrt-merlin/release/src/router/openssl/crypto/hmac'
hmac.h => ../../include/openssl/hmac.h
hmactest.c => ../../test/hmactest.c
make[6]: Leaving directory '/home/jamie/asuswrt-merlin/release/src/router/openssl/crypto/hmac'
making links in crypto/ripemd...
make[6]: Entering directory '/home/jamie/asuswrt-merlin/release/src/router/openssl/crypto/ripemd'
ripemd.h => ../../include/openssl/ripemd.h
rmdtest.c => ../../test/rmdtest.c
make[6]: Leaving directory '/home/jamie/asuswrt-merlin/release/src/router/openssl/crypto/ripemd'
making links in crypto/whrlpool...
make[6]: Entering directory '/home/jamie/asuswrt-merlin/release/src/router/openssl/crypto/whrlpool'
whrlpool.h => ../../include/openssl/whrlpool.h
wp_test.c => ../../test/wp_test.c
make[6]: Leaving directory '/home/jamie/asuswrt-merlin/release/src/router/openssl/crypto/whrlpool'
making links in crypto/des...
make[6]: Entering directory '/home/jamie/asuswrt-merlin/release/src/router/openssl/crypto/des'
des.h => ../../include/openssl/des.h
des_old.h => ../../include/openssl/des_old.h
destest.c => ../../test/destest.c
make[6]: Leaving directory '/home/jamie/asuswrt-merlin/release/src/router/openssl/crypto/des'
making links in crypto/aes...
make[6]: Entering directory '/home/jamie/asuswrt-merlin/release/src/router/openssl/crypto/aes'
aes.h => ../../include/openssl/aes.h
make[6]: Leaving directory '/home/jamie/asuswrt-merlin/release/src/router/openssl/crypto/aes'
making links in crypto/rc2...
make[6]: Entering directory '/home/jamie/asuswrt-merlin/release/src/router/openssl/crypto/rc2'
rc2.h => ../../include/openssl/rc2.h
rc2test.c => ../../test/rc2test.c
make[6]: Leaving directory '/home/jamie/asuswrt-merlin/release/src/router/openssl/crypto/rc2'
making links in crypto/rc5...
make[6]: Entering directory '/home/jamie/asuswrt-merlin/release/src/router/openssl/crypto/rc5'
rc5.h => ../../include/openssl/rc5.h
rc5test.c => ../../test/rc5test.c
make[6]: Leaving directory '/home/jamie/asuswrt-merlin/release/src/router/openssl/crypto/rc5'
making links in crypto/idea...
make[6]: Entering directory '/home/jamie/asuswrt-merlin/release/src/router/openssl/crypto/idea'
idea.h => ../../include/openssl/idea.h
ideatest.c => ../../test/ideatest.c
make[6]: Leaving directory '/home/jamie/asuswrt-merlin/release/src/router/openssl/crypto/idea'
making links in crypto/bf...
make[6]: Entering directory '/home/jamie/asuswrt-merlin/release/src/router/openssl/crypto/bf'
blowfish.h => ../../include/openssl/blowfish.h
bftest.c => ../../test/bftest.c
make[6]: Leaving directory '/home/jamie/asuswrt-merlin/release/src/router/openssl/crypto/bf'
making links in crypto/cast...
make[6]: Entering directory '/home/jamie/asuswrt-merlin/release/src/router/openssl/crypto/cast'
cast.h => ../../include/openssl/cast.h
casttest.c => ../../test/casttest.c
make[6]: Leaving directory '/home/jamie/asuswrt-merlin/release/src/router/openssl/crypto/cast'
making links in crypto/camellia...
make[6]: Entering directory '/home/jamie/asuswrt-merlin/release/src/router/openssl/crypto/camellia'
camellia.h => ../../include/openssl/camellia.h
make[6]: Leaving directory '/home/jamie/asuswrt-merlin/release/src/router/openssl/crypto/camellia'
making links in crypto/seed...
make[6]: Entering directory '/home/jamie/asuswrt-merlin/release/src/router/openssl/crypto/seed'
seed.h => ../../include/openssl/seed.h
make[6]: Leaving directory '/home/jamie/asuswrt-merlin/release/src/router/openssl/crypto/seed'
making links in crypto/modes...
make[6]: Entering directory '/home/jamie/asuswrt-merlin/release/src/router/openssl/crypto/modes'
modes.h => ../../include/openssl/modes.h
make[6]: Leaving directory '/home/jamie/asuswrt-merlin/release/src/router/openssl/crypto/modes'
making links in crypto/bn...
make[6]: Entering directory '/home/jamie/asuswrt-merlin/release/src/router/openssl/crypto/bn'
bn.h => ../../include/openssl/bn.h
bntest.c => ../../test/bntest.c
exptest.c => ../../test/exptest.c
make[6]: Leaving directory '/home/jamie/asuswrt-merlin/release/src/router/openssl/crypto/bn'
making links in crypto/ec...
make[6]: Entering directory '/home/jamie/asuswrt-merlin/release/src/router/openssl/crypto/ec'
ec.h => ../../include/openssl/ec.h
ectest.c => ../../test/ectest.c
make[6]: Leaving directory '/home/jamie/asuswrt-merlin/release/src/router/openssl/crypto/ec'
making links in crypto/rsa...
make[6]: Entering directory '/home/jamie/asuswrt-merlin/release/src/router/openssl/crypto/rsa'
rsa.h => ../../include/openssl/rsa.h
rsa_test.c => ../../test/rsa_test.c
make[6]: Leaving directory '/home/jamie/asuswrt-merlin/release/src/router/openssl/crypto/rsa'
making links in crypto/dsa...
make[6]: Entering directory '/home/jamie/asuswrt-merlin/release/src/router/openssl/crypto/dsa'
dsa.h => ../../include/openssl/dsa.h
dsatest.c => ../../test/dsatest.c
make[6]: Leaving directory '/home/jamie/asuswrt-merlin/release/src/router/openssl/crypto/dsa'
making links in crypto/ecdsa...
make[6]: Entering directory '/home/jamie/asuswrt-merlin/release/src/router/openssl/crypto/ecdsa'
ecdsa.h => ../../include/openssl/ecdsa.h
ecdsatest.c => ../../test/ecdsatest.c
make[6]: Leaving directory '/home/jamie/asuswrt-merlin/release/src/router/openssl/crypto/ecdsa'
making links in crypto/dh...
make[6]: Entering directory '/home/jamie/asuswrt-merlin/release/src/router/openssl/crypto/dh'
dh.h => ../../include/openssl/dh.h
dhtest.c => ../../test/dhtest.c
make[6]: Leaving directory '/home/jamie/asuswrt-merlin/release/src/router/openssl/crypto/dh'
making links in crypto/ecdh...
make[6]: Entering directory '/home/jamie/asuswrt-merlin/release/src/router/openssl/crypto/ecdh'
ecdh.h => ../../include/openssl/ecdh.h
ecdhtest.c => ../../test/ecdhtest.c
make[6]: Leaving directory '/home/jamie/asuswrt-merlin/release/src/router/openssl/crypto/ecdh'
making links in crypto/dso...
make[6]: Entering directory '/home/jamie/asuswrt-merlin/release/src/router/openssl/crypto/dso'
dso.h => ../../include/openssl/dso.h
make[6]: Leaving directory '/home/jamie/asuswrt-merlin/release/src/router/openssl/crypto/dso'
making links in crypto/engine...
make[6]: Entering directory '/home/jamie/asuswrt-merlin/release/src/router/openssl/crypto/engine'
engine.h => ../../include/openssl/engine.h
enginetest.c => ../../test/enginetest.c
make[6]: Leaving directory '/home/jamie/asuswrt-merlin/release/src/router/openssl/crypto/engine'
making links in crypto/buffer...
make[6]: Entering directory '/home/jamie/asuswrt-merlin/release/src/router/openssl/crypto/buffer'
buffer.h => ../../include/openssl/buffer.h
make[6]: Leaving directory '/home/jamie/asuswrt-merlin/release/src/router/openssl/crypto/buffer'
making links in crypto/bio...
make[6]: Entering directory '/home/jamie/asuswrt-merlin/release/src/router/openssl/crypto/bio'
bio.h => ../../include/openssl/bio.h
make[6]: Leaving directory '/home/jamie/asuswrt-merlin/release/src/router/openssl/crypto/bio'
making links in crypto/stack...
make[6]: Entering directory '/home/jamie/asuswrt-merlin/release/src/router/openssl/crypto/stack'
stack.h => ../../include/openssl/stack.h
safestack.h => ../../include/openssl/safestack.h
make[6]: Leaving directory '/home/jamie/asuswrt-merlin/release/src/router/openssl/crypto/stack'
making links in crypto/lhash...
make[6]: Entering directory '/home/jamie/asuswrt-merlin/release/src/router/openssl/crypto/lhash'
lhash.h => ../../include/openssl/lhash.h
make[6]: Leaving directory '/home/jamie/asuswrt-merlin/release/src/router/openssl/crypto/lhash'
making links in crypto/rand...
make[6]: Entering directory '/home/jamie/asuswrt-merlin/release/src/router/openssl/crypto/rand'
rand.h => ../../include/openssl/rand.h
randtest.c => ../../test/randtest.c
make[6]: Leaving directory '/home/jamie/asuswrt-merlin/release/src/router/openssl/crypto/rand'
making links in crypto/err...
make[6]: Entering directory '/home/jamie/asuswrt-merlin/release/src/router/openssl/crypto/err'
err.h => ../../include/openssl/err.h
make[6]: Leaving directory '/home/jamie/asuswrt-merlin/release/src/router/openssl/crypto/err'
making links in crypto/evp...
make[6]: Entering directory '/home/jamie/asuswrt-merlin/release/src/router/openssl/crypto/evp'
evp.h => ../../include/openssl/evp.h
evp_test.c => ../../test/evp_test.c
evp_extra_test.c => ../../test/evp_extra_test.c
evptests.txt -> ../../test/evptests.txt
make[6]: Leaving directory '/home/jamie/asuswrt-merlin/release/src/router/openssl/crypto/evp'
making links in crypto/asn1...
make[6]: Entering directory '/home/jamie/asuswrt-merlin/release/src/router/openssl/crypto/asn1'
asn1.h => ../../include/openssl/asn1.h
asn1_mac.h => ../../include/openssl/asn1_mac.h
asn1t.h => ../../include/openssl/asn1t.h
make[6]: Leaving directory '/home/jamie/asuswrt-merlin/release/src/router/openssl/crypto/asn1'
making links in crypto/pem...
make[6]: Entering directory '/home/jamie/asuswrt-merlin/release/src/router/openssl/crypto/pem'
pem.h => ../../include/openssl/pem.h
pem2.h => ../../include/openssl/pem2.h
make[6]: Leaving directory '/home/jamie/asuswrt-merlin/release/src/router/openssl/crypto/pem'
making links in crypto/x509...
make[6]: Entering directory '/home/jamie/asuswrt-merlin/release/src/router/openssl/crypto/x509'
x509.h => ../../include/openssl/x509.h
x509_vfy.h => ../../include/openssl/x509_vfy.h
verify_extra_test.c => ../../test/verify_extra_test.c
make[6]: Leaving directory '/home/jamie/asuswrt-merlin/release/src/router/openssl/crypto/x509'
making links in crypto/x509v3...
make[6]: Entering directory '/home/jamie/asuswrt-merlin/release/src/router/openssl/crypto/x509v3'
x509v3.h => ../../include/openssl/x509v3.h
v3nametest.c => ../../test/v3nametest.c
make[6]: Leaving directory '/home/jamie/asuswrt-merlin/release/src/router/openssl/crypto/x509v3'
making links in crypto/conf...
make[6]: Entering directory '/home/jamie/asuswrt-merlin/release/src/router/openssl/crypto/conf'
conf.h => ../../include/openssl/conf.h
conf_api.h => ../../include/openssl/conf_api.h
make[6]: Leaving directory '/home/jamie/asuswrt-merlin/release/src/router/openssl/crypto/conf'
making links in crypto/txt_db...
make[6]: Entering directory '/home/jamie/asuswrt-merlin/release/src/router/openssl/crypto/txt_db'
txt_db.h => ../../include/openssl/txt_db.h
make[6]: Leaving directory '/home/jamie/asuswrt-merlin/release/src/router/openssl/crypto/txt_db'
making links in crypto/pkcs7...
make[6]: Entering directory '/home/jamie/asuswrt-merlin/release/src/router/openssl/crypto/pkcs7'
pkcs7.h => ../../include/openssl/pkcs7.h
make[6]: Leaving directory '/home/jamie/asuswrt-merlin/release/src/router/openssl/crypto/pkcs7'
making links in crypto/pkcs12...
make[6]: Entering directory '/home/jamie/asuswrt-merlin/release/src/router/openssl/crypto/pkcs12'
pkcs12.h => ../../include/openssl/pkcs12.h
make[6]: Leaving directory '/home/jamie/asuswrt-merlin/release/src/router/openssl/crypto/pkcs12'
making links in crypto/comp...
make[6]: Entering directory '/home/jamie/asuswrt-merlin/release/src/router/openssl/crypto/comp'
comp.h => ../../include/openssl/comp.h
make[6]: Leaving directory '/home/jamie/asuswrt-merlin/release/src/router/openssl/crypto/comp'
making links in crypto/ocsp...
make[6]: Entering directory '/home/jamie/asuswrt-merlin/release/src/router/openssl/crypto/ocsp'
ocsp.h => ../../include/openssl/ocsp.h
make[6]: Leaving directory '/home/jamie/asuswrt-merlin/release/src/router/openssl/crypto/ocsp'
making links in crypto/ui...
make[6]: Entering directory '/home/jamie/asuswrt-merlin/release/src/router/openssl/crypto/ui'
ui.h => ../../include/openssl/ui.h
ui_compat.h => ../../include/openssl/ui_compat.h
make[6]: Leaving directory '/home/jamie/asuswrt-merlin/release/src/router/openssl/crypto/ui'
making links in crypto/krb5...
make[6]: Entering directory '/home/jamie/asuswrt-merlin/release/src/router/openssl/crypto/krb5'
krb5_asn.h => ../../include/openssl/krb5_asn.h
make[6]: Leaving directory '/home/jamie/asuswrt-merlin/release/src/router/openssl/crypto/krb5'
making links in crypto/cms...
make[6]: Entering directory '/home/jamie/asuswrt-merlin/release/src/router/openssl/crypto/cms'
cms.h => ../../include/openssl/cms.h
make[6]: Leaving directory '/home/jamie/asuswrt-merlin/release/src/router/openssl/crypto/cms'
making links in crypto/pqueue...
make[6]: Entering directory '/home/jamie/asuswrt-merlin/release/src/router/openssl/crypto/pqueue'
pqueue.h => ../../include/openssl/pqueue.h
make[6]: Leaving directory '/home/jamie/asuswrt-merlin/release/src/router/openssl/crypto/pqueue'
making links in crypto/ts...
make[6]: Entering directory '/home/jamie/asuswrt-merlin/release/src/router/openssl/crypto/ts'
ts.h => ../../include/openssl/ts.h
make[6]: Leaving directory '/home/jamie/asuswrt-merlin/release/src/router/openssl/crypto/ts'
making links in crypto/srp...
make[6]: Entering directory '/home/jamie/asuswrt-merlin/release/src/router/openssl/crypto/srp'
srp.h => ../../include/openssl/srp.h
srptest.c => ../../test/srptest.c
make[6]: Leaving directory '/home/jamie/asuswrt-merlin/release/src/router/openssl/crypto/srp'
making links in crypto/cmac...
make[6]: Entering directory '/home/jamie/asuswrt-merlin/release/src/router/openssl/crypto/cmac'
cmac.h => ../../include/openssl/cmac.h
make[6]: Leaving directory '/home/jamie/asuswrt-merlin/release/src/router/openssl/crypto/cmac'
make[5]: Leaving directory '/home/jamie/asuswrt-merlin/release/src/router/openssl/crypto'
making links in ssl...
make[5]: Entering directory '/home/jamie/asuswrt-merlin/release/src/router/openssl/ssl'
ssl.h => ../include/openssl/ssl.h
ssl2.h => ../include/openssl/ssl2.h
ssl3.h => ../include/openssl/ssl3.h
ssl23.h => ../include/openssl/ssl23.h
tls1.h => ../include/openssl/tls1.h
dtls1.h => ../include/openssl/dtls1.h
kssl.h => ../include/openssl/kssl.h
srtp.h => ../include/openssl/srtp.h
ssltest.c => ../test/ssltest.c
heartbeat_test.c => ../test/heartbeat_test.c
clienthellotest.c => ../test/clienthellotest.c
sslv2conftest.c => ../test/sslv2conftest.c
dtlstest.c => ../test/dtlstest.c
bad_dtls_test.c => ../test/bad_dtls_test.c
fatalerrtest.c => ../test/fatalerrtest.c
make[5]: Leaving directory '/home/jamie/asuswrt-merlin/release/src/router/openssl/ssl'
making links in engines...
make[5]: Entering directory '/home/jamie/asuswrt-merlin/release/src/router/openssl/engines'
making links in engines/ccgost...
make[6]: Entering directory '/home/jamie/asuswrt-merlin/release/src/router/openssl/engines/ccgost'
make[6]: Nothing to be done for 'links'.
make[6]: Leaving directory '/home/jamie/asuswrt-merlin/release/src/router/openssl/engines/ccgost'
make[5]: Leaving directory '/home/jamie/asuswrt-merlin/release/src/router/openssl/engines'
making links in apps...
make[5]: Entering directory '/home/jamie/asuswrt-merlin/release/src/router/openssl/apps'
make[5]: Nothing to be done for 'links'.
make[5]: Leaving directory '/home/jamie/asuswrt-merlin/release/src/router/openssl/apps'
making links in test...
make[5]: Entering directory '/home/jamie/asuswrt-merlin/release/src/router/openssl/test'
make[5]: Nothing to be done for 'links'.
make[5]: Leaving directory '/home/jamie/asuswrt-merlin/release/src/router/openssl/test'
making links in tools...
make[5]: Entering directory '/home/jamie/asuswrt-merlin/release/src/router/openssl/tools'
make[5]: Nothing to be done for 'links'.
make[5]: Leaving directory '/home/jamie/asuswrt-merlin/release/src/router/openssl/tools'
make[4]: Leaving directory '/home/jamie/asuswrt-merlin/release/src/router/openssl'
make[4]: Entering directory '/home/jamie/asuswrt-merlin/release/src/router/openssl'
generating dummy tests (if needed)...
make[5]: Entering directory '/home/jamie/asuswrt-merlin/release/src/router/openssl/test'
make[5]: Nothing to be done for 'generate'.
make[5]: Leaving directory '/home/jamie/asuswrt-merlin/release/src/router/openssl/test'
make[4]: Leaving directory '/home/jamie/asuswrt-merlin/release/src/router/openssl'

Configured for linux-mips32.

*** Because of configuration changes, you MUST do the following before
*** building:

	make depend
make[4]: Entering directory '/home/jamie/asuswrt-merlin/release/src/router/openssl'
rm -f *.map *.so *.so.* *.dylib *.dll engines/*.so engines/*.dll engines/*.dylib *.a engines/*.a */lib */*/lib
rm -f shlib/*.o *.o core a.out fluff rehash.time testlog make.log cctest cctest.c
making clean in crypto...
make[5]: Entering directory '/home/jamie/asuswrt-merlin/release/src/router/openssl/crypto'
rm -f buildinf.h *.s *.o */*.o *.obj lib tags core .pure .nfs* *.old *.bak fluff
making clean in crypto/objects...
make[6]: Entering directory '/home/jamie/asuswrt-merlin/release/src/router/openssl/crypto/objects'
rm -f *.o *.obj lib tags core .pure .nfs* *.old *.bak fluff
make[6]: Leaving directory '/home/jamie/asuswrt-merlin/release/src/router/openssl/crypto/objects'
making clean in crypto/md4...
make[6]: Entering directory '/home/jamie/asuswrt-merlin/release/src/router/openssl/crypto/md4'
rm -f asm/mx86unix.cpp *.o asm/*.o *.obj lib tags core .pure .nfs* *.old *.bak fluff
make[6]: Leaving directory '/home/jamie/asuswrt-merlin/release/src/router/openssl/crypto/md4'
making clean in crypto/md5...
make[6]: Entering directory '/home/jamie/asuswrt-merlin/release/src/router/openssl/crypto/md5'
rm -f *.s *.S *.o *.obj lib tags core .pure .nfs* *.old *.bak fluff
make[6]: Leaving directory '/home/jamie/asuswrt-merlin/release/src/router/openssl/crypto/md5'
making clean in crypto/sha...
make[6]: Entering directory '/home/jamie/asuswrt-merlin/release/src/router/openssl/crypto/sha'
rm -f *.s *.S *.o *.obj lib tags core .pure .nfs* *.old *.bak fluff
make[6]: Leaving directory '/home/jamie/asuswrt-merlin/release/src/router/openssl/crypto/sha'
making clean in crypto/mdc2...
make[6]: Entering directory '/home/jamie/asuswrt-merlin/release/src/router/openssl/crypto/mdc2'
rm -f *.o *.obj lib tags core .pure .nfs* *.old *.bak fluff
make[6]: Leaving directory '/home/jamie/asuswrt-merlin/release/src/router/openssl/crypto/mdc2'
making clean in crypto/hmac...
make[6]: Entering directory '/home/jamie/asuswrt-merlin/release/src/router/openssl/crypto/hmac'
rm -f *.o *.obj lib tags core .pure .nfs* *.old *.bak fluff
make[6]: Leaving directory '/home/jamie/asuswrt-merlin/release/src/router/openssl/crypto/hmac'
making clean in crypto/ripemd...
make[6]: Entering directory '/home/jamie/asuswrt-merlin/release/src/router/openssl/crypto/ripemd'
rm -f *.s *.o *.obj lib tags core .pure .nfs* *.old *.bak fluff
make[6]: Leaving directory '/home/jamie/asuswrt-merlin/release/src/router/openssl/crypto/ripemd'
making clean in crypto/whrlpool...
make[6]: Entering directory '/home/jamie/asuswrt-merlin/release/src/router/openssl/crypto/whrlpool'
rm -f *.s *.o *.obj lib tags core .pure .nfs* *.old *.bak fluff
make[6]: Leaving directory '/home/jamie/asuswrt-merlin/release/src/router/openssl/crypto/whrlpool'
making clean in crypto/des...
make[6]: Entering directory '/home/jamie/asuswrt-merlin/release/src/router/openssl/crypto/des'
rm -f *.s *.S *.o *.obj des lib tags core .pure .nfs* *.old *.bak fluff
make[6]: Leaving directory '/home/jamie/asuswrt-merlin/release/src/router/openssl/crypto/des'
making clean in crypto/aes...
make[6]: Entering directory '/home/jamie/asuswrt-merlin/release/src/router/openssl/crypto/aes'
rm -f *.s *.S *.o *.obj lib tags core .pure .nfs* *.old *.bak fluff
make[6]: Leaving directory '/home/jamie/asuswrt-merlin/release/src/router/openssl/crypto/aes'
making clean in crypto/rc2...
make[6]: Entering directory '/home/jamie/asuswrt-merlin/release/src/router/openssl/crypto/rc2'
rm -f *.o *.obj lib tags core .pure .nfs* *.old *.bak fluff
make[6]: Leaving directory '/home/jamie/asuswrt-merlin/release/src/router/openssl/crypto/rc2'
making clean in crypto/rc5...
make[6]: Entering directory '/home/jamie/asuswrt-merlin/release/src/router/openssl/crypto/rc5'
rm -f *.s *.o *.obj lib tags core .pure .nfs* *.old *.bak fluff
make[6]: Leaving directory '/home/jamie/asuswrt-merlin/release/src/router/openssl/crypto/rc5'
making clean in crypto/idea...
make[6]: Entering directory '/home/jamie/asuswrt-merlin/release/src/router/openssl/crypto/idea'
rm -f *.o *.obj lib tags core .pure .nfs* *.old *.bak fluff
make[6]: Leaving directory '/home/jamie/asuswrt-merlin/release/src/router/openssl/crypto/idea'
making clean in crypto/bf...
make[6]: Entering directory '/home/jamie/asuswrt-merlin/release/src/router/openssl/crypto/bf'
rm -f *.s *.o *.obj lib tags core .pure .nfs* *.old *.bak fluff
make[6]: Leaving directory '/home/jamie/asuswrt-merlin/release/src/router/openssl/crypto/bf'
making clean in crypto/cast...
make[6]: Entering directory '/home/jamie/asuswrt-merlin/release/src/router/openssl/crypto/cast'
rm -f *.s *.o *.obj lib tags core .pure .nfs* *.old *.bak fluff
make[6]: Leaving directory '/home/jamie/asuswrt-merlin/release/src/router/openssl/crypto/cast'
making clean in crypto/camellia...
make[6]: Entering directory '/home/jamie/asuswrt-merlin/release/src/router/openssl/crypto/camellia'
rm -f *.s *.o *.obj lib tags core .pure .nfs* *.old *.bak fluff
make[6]: Leaving directory '/home/jamie/asuswrt-merlin/release/src/router/openssl/crypto/camellia'
making clean in crypto/seed...
make[6]: Entering directory '/home/jamie/asuswrt-merlin/release/src/router/openssl/crypto/seed'
rm -f *.o *.obj lib tags core .pure .nfs* *.old *.bak fluff
make[6]: Leaving directory '/home/jamie/asuswrt-merlin/release/src/router/openssl/crypto/seed'
making clean in crypto/modes...
make[6]: Entering directory '/home/jamie/asuswrt-merlin/release/src/router/openssl/crypto/modes'
rm -f *.s *.S *.o */*.o *.obj lib tags core .pure .nfs* *.old *.bak fluff
make[6]: Leaving directory '/home/jamie/asuswrt-merlin/release/src/router/openssl/crypto/modes'
making clean in crypto/bn...
make[6]: Entering directory '/home/jamie/asuswrt-merlin/release/src/router/openssl/crypto/bn'
rm -f *.s *.S *.o *.obj lib tags core .pure .nfs* *.old *.bak fluff
make[6]: Leaving directory '/home/jamie/asuswrt-merlin/release/src/router/openssl/crypto/bn'
making clean in crypto/ec...
make[6]: Entering directory '/home/jamie/asuswrt-merlin/release/src/router/openssl/crypto/ec'
rm -f *.s *.o */*.o *.obj lib tags core .pure .nfs* *.old *.bak fluff
make[6]: Leaving directory '/home/jamie/asuswrt-merlin/release/src/router/openssl/crypto/ec'
making clean in crypto/rsa...
make[6]: Entering directory '/home/jamie/asuswrt-merlin/release/src/router/openssl/crypto/rsa'
rm -f *.o */*.o *.obj lib tags core .pure .nfs* *.old *.bak fluff
make[6]: Leaving directory '/home/jamie/asuswrt-merlin/release/src/router/openssl/crypto/rsa'
making clean in crypto/dsa...
make[6]: Entering directory '/home/jamie/asuswrt-merlin/release/src/router/openssl/crypto/dsa'
rm -f *.o */*.o *.obj lib tags core .pure .nfs* *.old *.bak fluff
make[6]: Leaving directory '/home/jamie/asuswrt-merlin/release/src/router/openssl/crypto/dsa'
making clean in crypto/ecdsa...
make[6]: Entering directory '/home/jamie/asuswrt-merlin/release/src/router/openssl/crypto/ecdsa'
rm -f *.o */*.o *.obj lib tags core .pure .nfs* *.old *.bak fluff
make[6]: Leaving directory '/home/jamie/asuswrt-merlin/release/src/router/openssl/crypto/ecdsa'
making clean in crypto/dh...
make[6]: Entering directory '/home/jamie/asuswrt-merlin/release/src/router/openssl/crypto/dh'
rm -f *.o */*.o *.obj lib tags core .pure .nfs* *.old *.bak fluff
make[6]: Leaving directory '/home/jamie/asuswrt-merlin/release/src/router/openssl/crypto/dh'
making clean in crypto/ecdh...
make[6]: Entering directory '/home/jamie/asuswrt-merlin/release/src/router/openssl/crypto/ecdh'
rm -f *.o */*.o *.obj lib tags core .pure .nfs* *.old *.bak fluff
make[6]: Leaving directory '/home/jamie/asuswrt-merlin/release/src/router/openssl/crypto/ecdh'
making clean in crypto/dso...
make[6]: Entering directory '/home/jamie/asuswrt-merlin/release/src/router/openssl/crypto/dso'
rm -f *.o */*.o *.obj lib tags core .pure .nfs* *.old *.bak fluff
make[6]: Leaving directory '/home/jamie/asuswrt-merlin/release/src/router/openssl/crypto/dso'
making clean in crypto/engine...
make[6]: Entering directory '/home/jamie/asuswrt-merlin/release/src/router/openssl/crypto/engine'
rm -f *.o */*.o *.obj lib tags core .pure .nfs* *.old *.bak fluff
make[6]: Leaving directory '/home/jamie/asuswrt-merlin/release/src/router/openssl/crypto/engine'
making clean in crypto/buffer...
make[6]: Entering directory '/home/jamie/asuswrt-merlin/release/src/router/openssl/crypto/buffer'
rm -f *.o *.obj lib tags core .pure .nfs* *.old *.bak fluff
make[6]: Leaving directory '/home/jamie/asuswrt-merlin/release/src/router/openssl/crypto/buffer'
making clean in crypto/bio...
make[6]: Entering directory '/home/jamie/asuswrt-merlin/release/src/router/openssl/crypto/bio'
rm -f *.o *.obj lib tags core .pure .nfs* *.old *.bak fluff
make[6]: Leaving directory '/home/jamie/asuswrt-merlin/release/src/router/openssl/crypto/bio'
making clean in crypto/stack...
make[6]: Entering directory '/home/jamie/asuswrt-merlin/release/src/router/openssl/crypto/stack'
rm -f *.o *.obj lib tags core .pure .nfs* *.old *.bak fluff
make[6]: Leaving directory '/home/jamie/asuswrt-merlin/release/src/router/openssl/crypto/stack'
making clean in crypto/lhash...
make[6]: Entering directory '/home/jamie/asuswrt-merlin/release/src/router/openssl/crypto/lhash'
rm -f *.o *.obj lib tags core .pure .nfs* *.old *.bak fluff
make[6]: Leaving directory '/home/jamie/asuswrt-merlin/release/src/router/openssl/crypto/lhash'
making clean in crypto/rand...
make[6]: Entering directory '/home/jamie/asuswrt-merlin/release/src/router/openssl/crypto/rand'
rm -f *.o *.obj lib tags core .pure .nfs* *.old *.bak fluff
make[6]: Leaving directory '/home/jamie/asuswrt-merlin/release/src/router/openssl/crypto/rand'
making clean in crypto/err...
make[6]: Entering directory '/home/jamie/asuswrt-merlin/release/src/router/openssl/crypto/err'
rm -f *.o *.obj lib tags core .pure .nfs* *.old *.bak fluff
make[6]: Leaving directory '/home/jamie/asuswrt-merlin/release/src/router/openssl/crypto/err'
making clean in crypto/evp...
make[6]: Entering directory '/home/jamie/asuswrt-merlin/release/src/router/openssl/crypto/evp'
rm -f *.o *.obj lib tags core .pure .nfs* *.old *.bak fluff
make[6]: Leaving directory '/home/jamie/asuswrt-merlin/release/src/router/openssl/crypto/evp'
making clean in crypto/asn1...
make[6]: Entering directory '/home/jamie/asuswrt-merlin/release/src/router/openssl/crypto/asn1'
rm -f *.o *.obj lib tags core .pure .nfs* *.old *.bak fluff
make[6]: Leaving directory '/home/jamie/asuswrt-merlin/release/src/router/openssl/crypto/asn1'
making clean in crypto/pem...
make[6]: Entering directory '/home/jamie/asuswrt-merlin/release/src/router/openssl/crypto/pem'
rm -f *.o *.obj lib tags core .pure .nfs* *.old *.bak fluff
make[6]: Leaving directory '/home/jamie/asuswrt-merlin/release/src/router/openssl/crypto/pem'
making clean in crypto/x509...
make[6]: Entering directory '/home/jamie/asuswrt-merlin/release/src/router/openssl/crypto/x509'
rm -f *.o *.obj lib tags core .pure .nfs* *.old *.bak fluff
make[6]: Leaving directory '/home/jamie/asuswrt-merlin/release/src/router/openssl/crypto/x509'
making clean in crypto/x509v3...
make[6]: Entering directory '/home/jamie/asuswrt-merlin/release/src/router/openssl/crypto/x509v3'
rm -f *.o *.obj lib tags core .pure .nfs* *.old *.bak fluff
make[6]: Leaving directory '/home/jamie/asuswrt-merlin/release/src/router/openssl/crypto/x509v3'
making clean in crypto/conf...
make[6]: Entering directory '/home/jamie/asuswrt-merlin/release/src/router/openssl/crypto/conf'
rm -f *.o *.obj lib tags core .pure .nfs* *.old *.bak fluff
make[6]: Leaving directory '/home/jamie/asuswrt-merlin/release/src/router/openssl/crypto/conf'
making clean in crypto/txt_db...
make[6]: Entering directory '/home/jamie/asuswrt-merlin/release/src/router/openssl/crypto/txt_db'
rm -f *.o *.obj lib tags core .pure .nfs* *.old *.bak fluff
make[6]: Leaving directory '/home/jamie/asuswrt-merlin/release/src/router/openssl/crypto/txt_db'
making clean in crypto/pkcs7...
make[6]: Entering directory '/home/jamie/asuswrt-merlin/release/src/router/openssl/crypto/pkcs7'
rm -f *.o *.obj lib tags core .pure .nfs* *.old *.bak fluff enc dec sign verify
make[6]: Leaving directory '/home/jamie/asuswrt-merlin/release/src/router/openssl/crypto/pkcs7'
making clean in crypto/pkcs12...
make[6]: Entering directory '/home/jamie/asuswrt-merlin/release/src/router/openssl/crypto/pkcs12'
rm -f *.o *.obj lib tags core .pure .nfs* *.old *.bak fluff
make[6]: Leaving directory '/home/jamie/asuswrt-merlin/release/src/router/openssl/crypto/pkcs12'
making clean in crypto/comp...
make[6]: Entering directory '/home/jamie/asuswrt-merlin/release/src/router/openssl/crypto/comp'
rm -f *.o *.obj lib tags core .pure .nfs* *.old *.bak fluff
make[6]: Leaving directory '/home/jamie/asuswrt-merlin/release/src/router/openssl/crypto/comp'
making clean in crypto/ocsp...
make[6]: Entering directory '/home/jamie/asuswrt-merlin/release/src/router/openssl/crypto/ocsp'
rm -f *.o *.obj lib tags core .pure .nfs* *.old *.bak fluff
make[6]: Leaving directory '/home/jamie/asuswrt-merlin/release/src/router/openssl/crypto/ocsp'
making clean in crypto/ui...
make[6]: Entering directory '/home/jamie/asuswrt-merlin/release/src/router/openssl/crypto/ui'
rm -f *.o */*.o *.obj lib tags core .pure .nfs* *.old *.bak fluff
make[6]: Leaving directory '/home/jamie/asuswrt-merlin/release/src/router/openssl/crypto/ui'
making clean in crypto/krb5...
make[6]: Entering directory '/home/jamie/asuswrt-merlin/release/src/router/openssl/crypto/krb5'
rm -f *.o *.obj lib tags core .pure .nfs* *.old *.bak fluff
make[6]: Leaving directory '/home/jamie/asuswrt-merlin/release/src/router/openssl/crypto/krb5'
making clean in crypto/cms...
make[6]: Entering directory '/home/jamie/asuswrt-merlin/release/src/router/openssl/crypto/cms'
rm -f *.o *.obj lib tags core .pure .nfs* *.old *.bak fluff
make[6]: Leaving directory '/home/jamie/asuswrt-merlin/release/src/router/openssl/crypto/cms'
making clean in crypto/pqueue...
make[6]: Entering directory '/home/jamie/asuswrt-merlin/release/src/router/openssl/crypto/pqueue'
rm -f *.o *.obj lib tags core .pure .nfs* *.old *.bak fluff
make[6]: Leaving directory '/home/jamie/asuswrt-merlin/release/src/router/openssl/crypto/pqueue'
making clean in crypto/ts...
make[6]: Entering directory '/home/jamie/asuswrt-merlin/release/src/router/openssl/crypto/ts'
rm -f *.o *.obj lib tags core .pure .nfs* *.old *.bak fluff enc dec sign verify
make[6]: Leaving directory '/home/jamie/asuswrt-merlin/release/src/router/openssl/crypto/ts'
making clean in crypto/srp...
make[6]: Entering directory '/home/jamie/asuswrt-merlin/release/src/router/openssl/crypto/srp'
rm -f *.o *.obj lib tags core .pure .nfs* *.old *.bak fluff
make[6]: Leaving directory '/home/jamie/asuswrt-merlin/release/src/router/openssl/crypto/srp'
making clean in crypto/cmac...
make[6]: Entering directory '/home/jamie/asuswrt-merlin/release/src/router/openssl/crypto/cmac'
rm -f *.o *.obj lib tags core .pure .nfs* *.old *.bak fluff
make[6]: Leaving directory '/home/jamie/asuswrt-merlin/release/src/router/openssl/crypto/cmac'
make[5]: Leaving directory '/home/jamie/asuswrt-merlin/release/src/router/openssl/crypto'
making clean in ssl...
make[5]: Entering directory '/home/jamie/asuswrt-merlin/release/src/router/openssl/ssl'
rm -f *.o *.obj lib tags core .pure .nfs* *.old *.bak fluff
make[5]: Leaving directory '/home/jamie/asuswrt-merlin/release/src/router/openssl/ssl'
making clean in engines...
make[5]: Entering directory '/home/jamie/asuswrt-merlin/release/src/router/openssl/engines'
rm -f *.o *.obj lib tags core .pure .nfs* *.old *.bak fluff
making clean in engines/ccgost...
make[6]: Entering directory '/home/jamie/asuswrt-merlin/release/src/router/openssl/engines/ccgost'
rm -f *.o *.obj lib tags core .pure .nfs* *.old *.bak fluff *.so *.sl *.dll
make[6]: Leaving directory '/home/jamie/asuswrt-merlin/release/src/router/openssl/engines/ccgost'
make[5]: Leaving directory '/home/jamie/asuswrt-merlin/release/src/router/openssl/engines'
making clean in apps...
make[5]: Entering directory '/home/jamie/asuswrt-merlin/release/src/router/openssl/apps'
rm -f *.o *.obj *.dll lib tags core .pure .nfs* *.old *.bak fluff openssl
rm -f req
make[5]: Leaving directory '/home/jamie/asuswrt-merlin/release/src/router/openssl/apps'
making clean in test...
make[5]: Entering directory '/home/jamie/asuswrt-merlin/release/src/router/openssl/test'
rm -f .rnd tmp.bntest tmp.bctest *.o *.obj *.dll lib tags core .pure .nfs* *.old *.bak fluff bntest ectest  ecdsatest ecdhtest ideatest md2test  md4test md5test hmactest wp_test rc2test rc4test rc5test destest shatest sha1test sha256t sha512t mdc2test rmdtest randtest dhtest enginetest bftest casttest ssltest exptest dsatest rsa_test evp_test evp_extra_test igetest jpaketest srptest asn1test v3nametest heartbeat_test constant_time_test verify_extra_test clienthellotest sslv2conftest dtlstest bad_dtls_test fatalerrtest *.ss *.srl log dummytest
make[5]: Leaving directory '/home/jamie/asuswrt-merlin/release/src/router/openssl/test'
making clean in tools...
make[5]: Entering directory '/home/jamie/asuswrt-merlin/release/src/router/openssl/tools'
rm -f *.o *.obj lib tags core .pure .nfs* *.old *.bak fluff
make[5]: Leaving directory '/home/jamie/asuswrt-merlin/release/src/router/openssl/tools'
rm -f libcrypto.a libssl.a
rm -f openssl.pc libssl.pc libcrypto.pc
rm -f speed.* .pure
rm -f ../openssl-1.0.2n.tar
making depend in crypto...
make[5]: Entering directory '/home/jamie/asuswrt-merlin/release/src/router/openssl/crypto'
../util/domd: 33: makedepend: not found
mv: cannot stat 'Makefile.new': No such file or directory
make[5]: *** [Makefile:137: local_depend] Error 127
make[5]: Leaving directory '/home/jamie/asuswrt-merlin/release/src/router/openssl/crypto'
make[4]: *** [Makefile:484: depend] Error 1
make[4]: Leaving directory '/home/jamie/asuswrt-merlin/release/src/router/openssl'
make[3]: [Makefile:1603: openssl/Makefile] Error 2 (ignored)
make -C openssl && make openssl-stage
make[4]: Entering directory '/home/jamie/asuswrt-merlin/release/src/router/openssl'
making all in crypto...
make[5]: Entering directory '/home/jamie/asuswrt-merlin/release/src/router/openssl/crypto'
/usr/bin/perl ../util/mkbuildinf.pl "mipsel-uclibc-gcc -I. -I.. -I../include  -fPIC -DOPENSSL_PIC -DOPENSSL_THREADS -D_REENTRANT -DDSO_DLFCN -DHAVE_DLFCN_H -ffunction-sections -fdata-sections -mips2 -mabi=32 -O3 -Wall -DBN_DIV3W -DOPENSSL_BN_ASM_MONT -DSHA1_ASM -DSHA256_ASM -DAES_ASM" "linux-mips32" >buildinf.h
mipsel-uclibc-gcc -I. -I.. -I../include  -fPIC -DOPENSSL_PIC -DOPENSSL_THREADS -D_REENTRANT -DDSO_DLFCN -DHAVE_DLFCN_H -ffunction-sections -fdata-sections -mips2 -mabi=32 -O3 -Wall -DBN_DIV3W -DOPENSSL_BN_ASM_MONT -DSHA1_ASM -DSHA256_ASM -DAES_ASM   -c -o cryptlib.o cryptlib.c
mipsel-uclibc-gcc -I. -I.. -I../include  -fPIC -DOPENSSL_PIC -DOPENSSL_THREADS -D_REENTRANT -DDSO_DLFCN -DHAVE_DLFCN_H -ffunction-sections -fdata-sections -mips2 -mabi=32 -O3 -Wall -DBN_DIV3W -DOPENSSL_BN_ASM_MONT -DSHA1_ASM -DSHA256_ASM -DAES_ASM   -c -o mem.o mem.c
mipsel-uclibc-gcc -I. -I.. -I../include  -fPIC -DOPENSSL_PIC -DOPENSSL_THREADS -D_REENTRANT -DDSO_DLFCN -DHAVE_DLFCN_H -ffunction-sections -fdata-sections -mips2 -mabi=32 -O3 -Wall -DBN_DIV3W -DOPENSSL_BN_ASM_MONT -DSHA1_ASM -DSHA256_ASM -DAES_ASM   -c -o mem_dbg.o mem_dbg.c
mipsel-uclibc-gcc -I. -I.. -I../include  -fPIC -DOPENSSL_PIC -DOPENSSL_THREADS -D_REENTRANT -DDSO_DLFCN -DHAVE_DLFCN_H -ffunction-sections -fdata-sections -mips2 -mabi=32 -O3 -Wall -DBN_DIV3W -DOPENSSL_BN_ASM_MONT -DSHA1_ASM -DSHA256_ASM -DAES_ASM   -c -o cversion.o cversion.c
mipsel-uclibc-gcc -I. -I.. -I../include  -fPIC -DOPENSSL_PIC -DOPENSSL_THREADS -D_REENTRANT -DDSO_DLFCN -DHAVE_DLFCN_H -ffunction-sections -fdata-sections -mips2 -mabi=32 -O3 -Wall -DBN_DIV3W -DOPENSSL_BN_ASM_MONT -DSHA1_ASM -DSHA256_ASM -DAES_ASM   -c -o ex_data.o ex_data.c
mipsel-uclibc-gcc -I. -I.. -I../include  -fPIC -DOPENSSL_PIC -DOPENSSL_THREADS -D_REENTRANT -DDSO_DLFCN -DHAVE_DLFCN_H -ffunction-sections -fdata-sections -mips2 -mabi=32 -O3 -Wall -DBN_DIV3W -DOPENSSL_BN_ASM_MONT -DSHA1_ASM -DSHA256_ASM -DAES_ASM   -c -o cpt_err.o cpt_err.c
mipsel-uclibc-gcc -I. -I.. -I../include  -fPIC -DOPENSSL_PIC -DOPENSSL_THREADS -D_REENTRANT -DDSO_DLFCN -DHAVE_DLFCN_H -ffunction-sections -fdata-sections -mips2 -mabi=32 -O3 -Wall -DBN_DIV3W -DOPENSSL_BN_ASM_MONT -DSHA1_ASM -DSHA256_ASM -DAES_ASM   -c -o ebcdic.o ebcdic.c
mipsel-uclibc-gcc -I. -I.. -I../include  -fPIC -DOPENSSL_PIC -DOPENSSL_THREADS -D_REENTRANT -DDSO_DLFCN -DHAVE_DLFCN_H -ffunction-sections -fdata-sections -mips2 -mabi=32 -O3 -Wall -DBN_DIV3W -DOPENSSL_BN_ASM_MONT -DSHA1_ASM -DSHA256_ASM -DAES_ASM   -c -o uid.o uid.c
mipsel-uclibc-gcc -I. -I.. -I../include  -fPIC -DOPENSSL_PIC -DOPENSSL_THREADS -D_REENTRANT -DDSO_DLFCN -DHAVE_DLFCN_H -ffunction-sections -fdata-sections -mips2 -mabi=32 -O3 -Wall -DBN_DIV3W -DOPENSSL_BN_ASM_MONT -DSHA1_ASM -DSHA256_ASM -DAES_ASM   -c -o o_time.o o_time.c
mipsel-uclibc-gcc -I. -I.. -I../include  -fPIC -DOPENSSL_PIC -DOPENSSL_THREADS -D_REENTRANT -DDSO_DLFCN -DHAVE_DLFCN_H -ffunction-sections -fdata-sections -mips2 -mabi=32 -O3 -Wall -DBN_DIV3W -DOPENSSL_BN_ASM_MONT -DSHA1_ASM -DSHA256_ASM -DAES_ASM   -c -o o_str.o o_str.c
mipsel-uclibc-gcc -I. -I.. -I../include  -fPIC -DOPENSSL_PIC -DOPENSSL_THREADS -D_REENTRANT -DDSO_DLFCN -DHAVE_DLFCN_H -ffunction-sections -fdata-sections -mips2 -mabi=32 -O3 -Wall -DBN_DIV3W -DOPENSSL_BN_ASM_MONT -DSHA1_ASM -DSHA256_ASM -DAES_ASM   -c -o o_dir.o o_dir.c
mipsel-uclibc-gcc -I. -I.. -I../include  -fPIC -DOPENSSL_PIC -DOPENSSL_THREADS -D_REENTRANT -DDSO_DLFCN -DHAVE_DLFCN_H -ffunction-sections -fdata-sections -mips2 -mabi=32 -O3 -Wall -DBN_DIV3W -DOPENSSL_BN_ASM_MONT -DSHA1_ASM -DSHA256_ASM -DAES_ASM   -c -o o_fips.o o_fips.c
mipsel-uclibc-gcc -I. -I.. -I../include  -fPIC -DOPENSSL_PIC -DOPENSSL_THREADS -D_REENTRANT -DDSO_DLFCN -DHAVE_DLFCN_H -ffunction-sections -fdata-sections -mips2 -mabi=32 -O3 -Wall -DBN_DIV3W -DOPENSSL_BN_ASM_MONT -DSHA1_ASM -DSHA256_ASM -DAES_ASM   -c -o o_init.o o_init.c
mipsel-uclibc-gcc -I. -I.. -I../include  -fPIC -DOPENSSL_PIC -DOPENSSL_THREADS -D_REENTRANT -DDSO_DLFCN -DHAVE_DLFCN_H -ffunction-sections -fdata-sections -mips2 -mabi=32 -O3 -Wall -DBN_DIV3W -DOPENSSL_BN_ASM_MONT -DSHA1_ASM -DSHA256_ASM -DAES_ASM   -c -o fips_ers.o fips_ers.c
mipsel-uclibc-gcc -I. -I.. -I../include  -fPIC -DOPENSSL_PIC -DOPENSSL_THREADS -D_REENTRANT -DDSO_DLFCN -DHAVE_DLFCN_H -ffunction-sections -fdata-sections -mips2 -mabi=32 -O3 -Wall -DBN_DIV3W -DOPENSSL_BN_ASM_MONT -DSHA1_ASM -DSHA256_ASM -DAES_ASM   -c -o mem_clr.o mem_clr.c
ar  r ../libcrypto.a cryptlib.o mem.o mem_dbg.o cversion.o ex_data.o cpt_err.o ebcdic.o uid.o o_time.o o_str.o o_dir.o o_fips.o o_init.o fips_ers.o mem_clr.o
ar: creating ../libcrypto.a
test -z "" || ar  r ../libcrypto.a fipscanister.o
ranlib ../libcrypto.a || echo Never mind.
making all in crypto/objects...
make[6]: Entering directory '/home/jamie/asuswrt-merlin/release/src/router/openssl/crypto/objects'
mipsel-uclibc-gcc -I.. -I../.. -I../modes -I../asn1 -I../evp -I../../include  -fPIC -DOPENSSL_PIC -DOPENSSL_THREADS -D_REENTRANT -DDSO_DLFCN -DHAVE_DLFCN_H -ffunction-sections -fdata-sections -mips2 -mabi=32 -O3 -Wall -DBN_DIV3W -DOPENSSL_BN_ASM_MONT -DSHA1_ASM -DSHA256_ASM -DAES_ASM   -c -o o_names.o o_names.c
mipsel-uclibc-gcc -I.. -I../.. -I../modes -I../asn1 -I../evp -I../../include  -fPIC -DOPENSSL_PIC -DOPENSSL_THREADS -D_REENTRANT -DDSO_DLFCN -DHAVE_DLFCN_H -ffunction-sections -fdata-sections -mips2 -mabi=32 -O3 -Wall -DBN_DIV3W -DOPENSSL_BN_ASM_MONT -DSHA1_ASM -DSHA256_ASM -DAES_ASM   -c -o obj_dat.o obj_dat.c
mipsel-uclibc-gcc -I.. -I../.. -I../modes -I../asn1 -I../evp -I../../include  -fPIC -DOPENSSL_PIC -DOPENSSL_THREADS -D_REENTRANT -DDSO_DLFCN -DHAVE_DLFCN_H -ffunction-sections -fdata-sections -mips2 -mabi=32 -O3 -Wall -DBN_DIV3W -DOPENSSL_BN_ASM_MONT -DSHA1_ASM -DSHA256_ASM -DAES_ASM   -c -o obj_lib.o obj_lib.c
mipsel-uclibc-gcc -I.. -I../.. -I../modes -I../asn1 -I../evp -I../../include  -fPIC -DOPENSSL_PIC -DOPENSSL_THREADS -D_REENTRANT -DDSO_DLFCN -DHAVE_DLFCN_H -ffunction-sections -fdata-sections -mips2 -mabi=32 -O3 -Wall -DBN_DIV3W -DOPENSSL_BN_ASM_MONT -DSHA1_ASM -DSHA256_ASM -DAES_ASM   -c -o obj_err.o obj_err.c
mipsel-uclibc-gcc -I.. -I../.. -I../modes -I../asn1 -I../evp -I../../include  -fPIC -DOPENSSL_PIC -DOPENSSL_THREADS -D_REENTRANT -DDSO_DLFCN -DHAVE_DLFCN_H -ffunction-sections -fdata-sections -mips2 -mabi=32 -O3 -Wall -DBN_DIV3W -DOPENSSL_BN_ASM_MONT -DSHA1_ASM -DSHA256_ASM -DAES_ASM   -c -o obj_xref.o obj_xref.c
ar  r ../../libcrypto.a o_names.o obj_dat.o obj_lib.o obj_err.o obj_xref.o
ranlib ../../libcrypto.a || echo Never mind.
make[6]: Leaving directory '/home/jamie/asuswrt-merlin/release/src/router/openssl/crypto/objects'
making all in crypto/md4...
make[6]: Entering directory '/home/jamie/asuswrt-merlin/release/src/router/openssl/crypto/md4'
mipsel-uclibc-gcc -I.. -I../.. -I../modes -I../asn1 -I../evp -I../../include  -fPIC -DOPENSSL_PIC -DOPENSSL_THREADS -D_REENTRANT -DDSO_DLFCN -DHAVE_DLFCN_H -ffunction-sections -fdata-sections -mips2 -mabi=32 -O3 -Wall -DBN_DIV3W -DOPENSSL_BN_ASM_MONT -DSHA1_ASM -DSHA256_ASM -DAES_ASM   -c -o md4_dgst.o md4_dgst.c
mipsel-uclibc-gcc -I.. -I../.. -I../modes -I../asn1 -I../evp -I../../include  -fPIC -DOPENSSL_PIC -DOPENSSL_THREADS -D_REENTRANT -DDSO_DLFCN -DHAVE_DLFCN_H -ffunction-sections -fdata-sections -mips2 -mabi=32 -O3 -Wall -DBN_DIV3W -DOPENSSL_BN_ASM_MONT -DSHA1_ASM -DSHA256_ASM -DAES_ASM   -c -o md4_one.o md4_one.c
ar  r ../../libcrypto.a md4_dgst.o md4_one.o
ranlib ../../libcrypto.a || echo Never mind.
make[6]: Leaving directory '/home/jamie/asuswrt-merlin/release/src/router/openssl/crypto/md4'
making all in crypto/md5...
make[6]: Entering directory '/home/jamie/asuswrt-merlin/release/src/router/openssl/crypto/md5'
mipsel-uclibc-gcc -I.. -I../.. -I../modes -I../asn1 -I../evp -I../../include  -fPIC -DOPENSSL_PIC -DOPENSSL_THREADS -D_REENTRANT -DDSO_DLFCN -DHAVE_DLFCN_H -ffunction-sections -fdata-sections -mips2 -mabi=32 -O3 -Wall -DBN_DIV3W -DOPENSSL_BN_ASM_MONT -DSHA1_ASM -DSHA256_ASM -DAES_ASM   -c -o md5_dgst.o md5_dgst.c
mipsel-uclibc-gcc -I.. -I../.. -I../modes -I../asn1 -I../evp -I../../include  -fPIC -DOPENSSL_PIC -DOPENSSL_THREADS -D_REENTRANT -DDSO_DLFCN -DHAVE_DLFCN_H -ffunction-sections -fdata-sections -mips2 -mabi=32 -O3 -Wall -DBN_DIV3W -DOPENSSL_BN_ASM_MONT -DSHA1_ASM -DSHA256_ASM -DAES_ASM   -c -o md5_one.o md5_one.c
ar  r ../../libcrypto.a md5_dgst.o md5_one.o 
ranlib ../../libcrypto.a || echo Never mind.
make[6]: Leaving directory '/home/jamie/asuswrt-merlin/release/src/router/openssl/crypto/md5'
making all in crypto/sha...
make[6]: Entering directory '/home/jamie/asuswrt-merlin/release/src/router/openssl/crypto/sha'
mipsel-uclibc-gcc -I.. -I../.. -I../modes -I../asn1 -I../evp -I../../include  -fPIC -DOPENSSL_PIC -DOPENSSL_THREADS -D_REENTRANT -DDSO_DLFCN -DHAVE_DLFCN_H -ffunction-sections -fdata-sections -mips2 -mabi=32 -O3 -Wall -DBN_DIV3W -DOPENSSL_BN_ASM_MONT -DSHA1_ASM -DSHA256_ASM -DAES_ASM   -c -o sha_dgst.o sha_dgst.c
mipsel-uclibc-gcc -I.. -I../.. -I../modes -I../asn1 -I../evp -I../../include  -fPIC -DOPENSSL_PIC -DOPENSSL_THREADS -D_REENTRANT -DDSO_DLFCN -DHAVE_DLFCN_H -ffunction-sections -fdata-sections -mips2 -mabi=32 -O3 -Wall -DBN_DIV3W -DOPENSSL_BN_ASM_MONT -DSHA1_ASM -DSHA256_ASM -DAES_ASM   -c -o sha1dgst.o sha1dgst.c
mipsel-uclibc-gcc -I.. -I../.. -I../modes -I../asn1 -I../evp -I../../include  -fPIC -DOPENSSL_PIC -DOPENSSL_THREADS -D_REENTRANT -DDSO_DLFCN -DHAVE_DLFCN_H -ffunction-sections -fdata-sections -mips2 -mabi=32 -O3 -Wall -DBN_DIV3W -DOPENSSL_BN_ASM_MONT -DSHA1_ASM -DSHA256_ASM -DAES_ASM   -c -o sha_one.o sha_one.c
mipsel-uclibc-gcc -I.. -I../.. -I../modes -I../asn1 -I../evp -I../../include  -fPIC -DOPENSSL_PIC -DOPENSSL_THREADS -D_REENTRANT -DDSO_DLFCN -DHAVE_DLFCN_H -ffunction-sections -fdata-sections -mips2 -mabi=32 -O3 -Wall -DBN_DIV3W -DOPENSSL_BN_ASM_MONT -DSHA1_ASM -DSHA256_ASM -DAES_ASM   -c -o sha1_one.o sha1_one.c
mipsel-uclibc-gcc -I.. -I../.. -I../modes -I../asn1 -I../evp -I../../include  -fPIC -DOPENSSL_PIC -DOPENSSL_THREADS -D_REENTRANT -DDSO_DLFCN -DHAVE_DLFCN_H -ffunction-sections -fdata-sections -mips2 -mabi=32 -O3 -Wall -DBN_DIV3W -DOPENSSL_BN_ASM_MONT -DSHA1_ASM -DSHA256_ASM -DAES_ASM   -c -o sha256.o sha256.c
mipsel-uclibc-gcc -I.. -I../.. -I../modes -I../asn1 -I../evp -I../../include  -fPIC -DOPENSSL_PIC -DOPENSSL_THREADS -D_REENTRANT -DDSO_DLFCN -DHAVE_DLFCN_H -ffunction-sections -fdata-sections -mips2 -mabi=32 -O3 -Wall -DBN_DIV3W -DOPENSSL_BN_ASM_MONT -DSHA1_ASM -DSHA256_ASM -DAES_ASM   -c -o sha512.o sha512.c
/usr/bin/perl asm/sha1-mips.pl o32 sha1-mips.S
mipsel-uclibc-gcc -I.. -I../.. -I../modes -I../asn1 -I../evp -I../../include  -fPIC -DOPENSSL_PIC -DOPENSSL_THREADS -D_REENTRANT -DDSO_DLFCN -DHAVE_DLFCN_H -ffunction-sections -fdata-sections -mips2 -mabi=32 -O3 -Wall -DBN_DIV3W -DOPENSSL_BN_ASM_MONT -DSHA1_ASM -DSHA256_ASM -DAES_ASM -c   -c -o sha1-mips.o sha1-mips.S
/usr/bin/perl asm/sha512-mips.pl o32 sha256-mips.S
mipsel-uclibc-gcc -I.. -I../.. -I../modes -I../asn1 -I../evp -I../../include  -fPIC -DOPENSSL_PIC -DOPENSSL_THREADS -D_REENTRANT -DDSO_DLFCN -DHAVE_DLFCN_H -ffunction-sections -fdata-sections -mips2 -mabi=32 -O3 -Wall -DBN_DIV3W -DOPENSSL_BN_ASM_MONT -DSHA1_ASM -DSHA256_ASM -DAES_ASM -c   -c -o sha256-mips.o sha256-mips.S
ar  r ../../libcrypto.a sha_dgst.o sha1dgst.o sha_one.o sha1_one.o sha256.o sha512.o sha1-mips.o sha256-mips.o
ranlib ../../libcrypto.a || echo Never mind.
make[6]: Leaving directory '/home/jamie/asuswrt-merlin/release/src/router/openssl/crypto/sha'
making all in crypto/mdc2...
make[6]: Entering directory '/home/jamie/asuswrt-merlin/release/src/router/openssl/crypto/mdc2'
mipsel-uclibc-gcc -I.. -I../.. -I../modes -I../asn1 -I../evp -I../../include  -fPIC -DOPENSSL_PIC -DOPENSSL_THREADS -D_REENTRANT -DDSO_DLFCN -DHAVE_DLFCN_H -ffunction-sections -fdata-sections -mips2 -mabi=32 -O3 -Wall -DBN_DIV3W -DOPENSSL_BN_ASM_MONT -DSHA1_ASM -DSHA256_ASM -DAES_ASM   -c -o mdc2dgst.o mdc2dgst.c
mipsel-uclibc-gcc -I.. -I../.. -I../modes -I../asn1 -I../evp -I../../include  -fPIC -DOPENSSL_PIC -DOPENSSL_THREADS -D_REENTRANT -DDSO_DLFCN -DHAVE_DLFCN_H -ffunction-sections -fdata-sections -mips2 -mabi=32 -O3 -Wall -DBN_DIV3W -DOPENSSL_BN_ASM_MONT -DSHA1_ASM -DSHA256_ASM -DAES_ASM   -c -o mdc2_one.o mdc2_one.c
ar  r ../../libcrypto.a mdc2dgst.o mdc2_one.o
ranlib ../../libcrypto.a || echo Never mind.
make[6]: Leaving directory '/home/jamie/asuswrt-merlin/release/src/router/openssl/crypto/mdc2'
making all in crypto/hmac...
make[6]: Entering directory '/home/jamie/asuswrt-merlin/release/src/router/openssl/crypto/hmac'
mipsel-uclibc-gcc -I.. -I../.. -I../modes -I../asn1 -I../evp -I../../include  -fPIC -DOPENSSL_PIC -DOPENSSL_THREADS -D_REENTRANT -DDSO_DLFCN -DHAVE_DLFCN_H -ffunction-sections -fdata-sections -mips2 -mabi=32 -O3 -Wall -DBN_DIV3W -DOPENSSL_BN_ASM_MONT -DSHA1_ASM -DSHA256_ASM -DAES_ASM   -c -o hmac.o hmac.c
mipsel-uclibc-gcc -I.. -I../.. -I../modes -I../asn1 -I../evp -I../../include  -fPIC -DOPENSSL_PIC -DOPENSSL_THREADS -D_REENTRANT -DDSO_DLFCN -DHAVE_DLFCN_H -ffunction-sections -fdata-sections -mips2 -mabi=32 -O3 -Wall -DBN_DIV3W -DOPENSSL_BN_ASM_MONT -DSHA1_ASM -DSHA256_ASM -DAES_ASM   -c -o hm_ameth.o hm_ameth.c
mipsel-uclibc-gcc -I.. -I../.. -I../modes -I../asn1 -I../evp -I../../include  -fPIC -DOPENSSL_PIC -DOPENSSL_THREADS -D_REENTRANT -DDSO_DLFCN -DHAVE_DLFCN_H -ffunction-sections -fdata-sections -mips2 -mabi=32 -O3 -Wall -DBN_DIV3W -DOPENSSL_BN_ASM_MONT -DSHA1_ASM -DSHA256_ASM -DAES_ASM   -c -o hm_pmeth.o hm_pmeth.c
ar  r ../../libcrypto.a hmac.o hm_ameth.o hm_pmeth.o
ranlib ../../libcrypto.a || echo Never mind.
make[6]: Leaving directory '/home/jamie/asuswrt-merlin/release/src/router/openssl/crypto/hmac'
making all in crypto/ripemd...
make[6]: Entering directory '/home/jamie/asuswrt-merlin/release/src/router/openssl/crypto/ripemd'
mipsel-uclibc-gcc -I.. -I../.. -I../modes -I../asn1 -I../evp -I../../include  -fPIC -DOPENSSL_PIC -DOPENSSL_THREADS -D_REENTRANT -DDSO_DLFCN -DHAVE_DLFCN_H -ffunction-sections -fdata-sections -mips2 -mabi=32 -O3 -Wall -DBN_DIV3W -DOPENSSL_BN_ASM_MONT -DSHA1_ASM -DSHA256_ASM -DAES_ASM   -c -o rmd_dgst.o rmd_dgst.c
mipsel-uclibc-gcc -I.. -I../.. -I../modes -I../asn1 -I../evp -I../../include  -fPIC -DOPENSSL_PIC -DOPENSSL_THREADS -D_REENTRANT -DDSO_DLFCN -DHAVE_DLFCN_H -ffunction-sections -fdata-sections -mips2 -mabi=32 -O3 -Wall -DBN_DIV3W -DOPENSSL_BN_ASM_MONT -DSHA1_ASM -DSHA256_ASM -DAES_ASM   -c -o rmd_one.o rmd_one.c
ar  r ../../libcrypto.a rmd_dgst.o rmd_one.o 
ranlib ../../libcrypto.a || echo Never mind.
make[6]: Leaving directory '/home/jamie/asuswrt-merlin/release/src/router/openssl/crypto/ripemd'
making all in crypto/whrlpool...
make[6]: Entering directory '/home/jamie/asuswrt-merlin/release/src/router/openssl/crypto/whrlpool'
mipsel-uclibc-gcc -I.. -I../.. -I../modes -I../asn1 -I../evp -I../../include  -fPIC -DOPENSSL_PIC -DOPENSSL_THREADS -D_REENTRANT -DDSO_DLFCN -DHAVE_DLFCN_H -ffunction-sections -fdata-sections -mips2 -mabi=32 -O3 -Wall -DBN_DIV3W -DOPENSSL_BN_ASM_MONT -DSHA1_ASM -DSHA256_ASM -DAES_ASM   -c -o wp_dgst.o wp_dgst.c
mipsel-uclibc-gcc -I.. -I../.. -I../modes -I../asn1 -I../evp -I../../include  -fPIC -DOPENSSL_PIC -DOPENSSL_THREADS -D_REENTRANT -DDSO_DLFCN -DHAVE_DLFCN_H -ffunction-sections -fdata-sections -mips2 -mabi=32 -O3 -Wall -DBN_DIV3W -DOPENSSL_BN_ASM_MONT -DSHA1_ASM -DSHA256_ASM -DAES_ASM   -c -o wp_block.o wp_block.c
ar  r ../../libcrypto.a wp_dgst.o wp_block.o
ranlib ../../libcrypto.a || echo Never mind.
make[6]: Leaving directory '/home/jamie/asuswrt-merlin/release/src/router/openssl/crypto/whrlpool'
making all in crypto/des...
make[6]: Entering directory '/home/jamie/asuswrt-merlin/release/src/router/openssl/crypto/des'
mipsel-uclibc-gcc -I.. -I../.. -I../modes -I../asn1 -I../evp -I../../include  -fPIC -DOPENSSL_PIC -DOPENSSL_THREADS -D_REENTRANT -DDSO_DLFCN -DHAVE_DLFCN_H -ffunction-sections -fdata-sections -mips2 -mabi=32 -O3 -Wall -DBN_DIV3W -DOPENSSL_BN_ASM_MONT -DSHA1_ASM -DSHA256_ASM -DAES_ASM   -c -o set_key.o set_key.c
mipsel-uclibc-gcc -I.. -I../.. -I../modes -I../asn1 -I../evp -I../../include  -fPIC -DOPENSSL_PIC -DOPENSSL_THREADS -D_REENTRANT -DDSO_DLFCN -DHAVE_DLFCN_H -ffunction-sections -fdata-sections -mips2 -mabi=32 -O3 -Wall -DBN_DIV3W -DOPENSSL_BN_ASM_MONT -DSHA1_ASM -DSHA256_ASM -DAES_ASM   -c -o ecb_enc.o ecb_enc.c
mipsel-uclibc-gcc -I.. -I../.. -I../modes -I../asn1 -I../evp -I../../include  -fPIC -DOPENSSL_PIC -DOPENSSL_THREADS -D_REENTRANT -DDSO_DLFCN -DHAVE_DLFCN_H -ffunction-sections -fdata-sections -mips2 -mabi=32 -O3 -Wall -DBN_DIV3W -DOPENSSL_BN_ASM_MONT -DSHA1_ASM -DSHA256_ASM -DAES_ASM   -c -o cbc_enc.o cbc_enc.c
mipsel-uclibc-gcc -I.. -I../.. -I../modes -I../asn1 -I../evp -I../../include  -fPIC -DOPENSSL_PIC -DOPENSSL_THREADS -D_REENTRANT -DDSO_DLFCN -DHAVE_DLFCN_H -ffunction-sections -fdata-sections -mips2 -mabi=32 -O3 -Wall -DBN_DIV3W -DOPENSSL_BN_ASM_MONT -DSHA1_ASM -DSHA256_ASM -DAES_ASM   -c -o ecb3_enc.o ecb3_enc.c
mipsel-uclibc-gcc -I.. -I../.. -I../modes -I../asn1 -I../evp -I../../include  -fPIC -DOPENSSL_PIC -DOPENSSL_THREADS -D_REENTRANT -DDSO_DLFCN -DHAVE_DLFCN_H -ffunction-sections -fdata-sections -mips2 -mabi=32 -O3 -Wall -DBN_DIV3W -DOPENSSL_BN_ASM_MONT -DSHA1_ASM -DSHA256_ASM -DAES_ASM   -c -o cfb64enc.o cfb64enc.c
mipsel-uclibc-gcc -I.. -I../.. -I../modes -I../asn1 -I../evp -I../../include  -fPIC -DOPENSSL_PIC -DOPENSSL_THREADS -D_REENTRANT -DDSO_DLFCN -DHAVE_DLFCN_H -ffunction-sections -fdata-sections -mips2 -mabi=32 -O3 -Wall -DBN_DIV3W -DOPENSSL_BN_ASM_MONT -DSHA1_ASM -DSHA256_ASM -DAES_ASM   -c -o cfb64ede.o cfb64ede.c
mipsel-uclibc-gcc -I.. -I../.. -I../modes -I../asn1 -I../evp -I../../include  -fPIC -DOPENSSL_PIC -DOPENSSL_THREADS -D_REENTRANT -DDSO_DLFCN -DHAVE_DLFCN_H -ffunction-sections -fdata-sections -mips2 -mabi=32 -O3 -Wall -DBN_DIV3W -DOPENSSL_BN_ASM_MONT -DSHA1_ASM -DSHA256_ASM -DAES_ASM   -c -o cfb_enc.o cfb_enc.c
mipsel-uclibc-gcc -I.. -I../.. -I../modes -I../asn1 -I../evp -I../../include  -fPIC -DOPENSSL_PIC -DOPENSSL_THREADS -D_REENTRANT -DDSO_DLFCN -DHAVE_DLFCN_H -ffunction-sections -fdata-sections -mips2 -mabi=32 -O3 -Wall -DBN_DIV3W -DOPENSSL_BN_ASM_MONT -DSHA1_ASM -DSHA256_ASM -DAES_ASM   -c -o ofb64ede.o ofb64ede.c
mipsel-uclibc-gcc -I.. -I../.. -I../modes -I../asn1 -I../evp -I../../include  -fPIC -DOPENSSL_PIC -DOPENSSL_THREADS -D_REENTRANT -DDSO_DLFCN -DHAVE_DLFCN_H -ffunction-sections -fdata-sections -mips2 -mabi=32 -O3 -Wall -DBN_DIV3W -DOPENSSL_BN_ASM_MONT -DSHA1_ASM -DSHA256_ASM -DAES_ASM   -c -o enc_read.o enc_read.c
mipsel-uclibc-gcc -I.. -I../.. -I../modes -I../asn1 -I../evp -I../../include  -fPIC -DOPENSSL_PIC -DOPENSSL_THREADS -D_REENTRANT -DDSO_DLFCN -DHAVE_DLFCN_H -ffunction-sections -fdata-sections -mips2 -mabi=32 -O3 -Wall -DBN_DIV3W -DOPENSSL_BN_ASM_MONT -DSHA1_ASM -DSHA256_ASM -DAES_ASM   -c -o enc_writ.o enc_writ.c
mipsel-uclibc-gcc -I.. -I../.. -I../modes -I../asn1 -I../evp -I../../include  -fPIC -DOPENSSL_PIC -DOPENSSL_THREADS -D_REENTRANT -DDSO_DLFCN -DHAVE_DLFCN_H -ffunction-sections -fdata-sections -mips2 -mabi=32 -O3 -Wall -DBN_DIV3W -DOPENSSL_BN_ASM_MONT -DSHA1_ASM -DSHA256_ASM -DAES_ASM   -c -o ofb64enc.o ofb64enc.c
mipsel-uclibc-gcc -I.. -I../.. -I../modes -I../asn1 -I../evp -I../../include  -fPIC -DOPENSSL_PIC -DOPENSSL_THREADS -D_REENTRANT -DDSO_DLFCN -DHAVE_DLFCN_H -ffunction-sections -fdata-sections -mips2 -mabi=32 -O3 -Wall -DBN_DIV3W -DOPENSSL_BN_ASM_MONT -DSHA1_ASM -DSHA256_ASM -DAES_ASM   -c -o ofb_enc.o ofb_enc.c
mipsel-uclibc-gcc -I.. -I../.. -I../modes -I../asn1 -I../evp -I../../include  -fPIC -DOPENSSL_PIC -DOPENSSL_THREADS -D_REENTRANT -DDSO_DLFCN -DHAVE_DLFCN_H -ffunction-sections -fdata-sections -mips2 -mabi=32 -O3 -Wall -DBN_DIV3W -DOPENSSL_BN_ASM_MONT -DSHA1_ASM -DSHA256_ASM -DAES_ASM   -c -o str2key.o str2key.c
mipsel-uclibc-gcc -I.. -I../.. -I../modes -I../asn1 -I../evp -I../../include  -fPIC -DOPENSSL_PIC -DOPENSSL_THREADS -D_REENTRANT -DDSO_DLFCN -DHAVE_DLFCN_H -ffunction-sections -fdata-sections -mips2 -mabi=32 -O3 -Wall -DBN_DIV3W -DOPENSSL_BN_ASM_MONT -DSHA1_ASM -DSHA256_ASM -DAES_ASM   -c -o pcbc_enc.o pcbc_enc.c
mipsel-uclibc-gcc -I.. -I../.. -I../modes -I../asn1 -I../evp -I../../include  -fPIC -DOPENSSL_PIC -DOPENSSL_THREADS -D_REENTRANT -DDSO_DLFCN -DHAVE_DLFCN_H -ffunction-sections -fdata-sections -mips2 -mabi=32 -O3 -Wall -DBN_DIV3W -DOPENSSL_BN_ASM_MONT -DSHA1_ASM -DSHA256_ASM -DAES_ASM   -c -o qud_cksm.o qud_cksm.c
mipsel-uclibc-gcc -I.. -I../.. -I../modes -I../asn1 -I../evp -I../../include  -fPIC -DOPENSSL_PIC -DOPENSSL_THREADS -D_REENTRANT -DDSO_DLFCN -DHAVE_DLFCN_H -ffunction-sections -fdata-sections -mips2 -mabi=32 -O3 -Wall -DBN_DIV3W -DOPENSSL_BN_ASM_MONT -DSHA1_ASM -DSHA256_ASM -DAES_ASM   -c -o rand_key.o rand_key.c
mipsel-uclibc-gcc -I.. -I../.. -I../modes -I../asn1 -I../evp -I../../include  -fPIC -DOPENSSL_PIC -DOPENSSL_THREADS -D_REENTRANT -DDSO_DLFCN -DHAVE_DLFCN_H -ffunction-sections -fdata-sections -mips2 -mabi=32 -O3 -Wall -DBN_DIV3W -DOPENSSL_BN_ASM_MONT -DSHA1_ASM -DSHA256_ASM -DAES_ASM   -c -o des_enc.o des_enc.c
mipsel-uclibc-gcc -I.. -I../.. -I../modes -I../asn1 -I../evp -I../../include  -fPIC -DOPENSSL_PIC -DOPENSSL_THREADS -D_REENTRANT -DDSO_DLFCN -DHAVE_DLFCN_H -ffunction-sections -fdata-sections -mips2 -mabi=32 -O3 -Wall -DBN_DIV3W -DOPENSSL_BN_ASM_MONT -DSHA1_ASM -DSHA256_ASM -DAES_ASM   -c -o fcrypt_b.o fcrypt_b.c
mipsel-uclibc-gcc -I.. -I../.. -I../modes -I../asn1 -I../evp -I../../include  -fPIC -DOPENSSL_PIC -DOPENSSL_THREADS -D_REENTRANT -DDSO_DLFCN -DHAVE_DLFCN_H -ffunction-sections -fdata-sections -mips2 -mabi=32 -O3 -Wall -DBN_DIV3W -DOPENSSL_BN_ASM_MONT -DSHA1_ASM -DSHA256_ASM -DAES_ASM   -c -o fcrypt.o fcrypt.c
mipsel-uclibc-gcc -I.. -I../.. -I../modes -I../asn1 -I../evp -I../../include  -fPIC -DOPENSSL_PIC -DOPENSSL_THREADS -D_REENTRANT -DDSO_DLFCN -DHAVE_DLFCN_H -ffunction-sections -fdata-sections -mips2 -mabi=32 -O3 -Wall -DBN_DIV3W -DOPENSSL_BN_ASM_MONT -DSHA1_ASM -DSHA256_ASM -DAES_ASM   -c -o xcbc_enc.o xcbc_enc.c
mipsel-uclibc-gcc -I.. -I../.. -I../modes -I../asn1 -I../evp -I../../include  -fPIC -DOPENSSL_PIC -DOPENSSL_THREADS -D_REENTRANT -DDSO_DLFCN -DHAVE_DLFCN_H -ffunction-sections -fdata-sections -mips2 -mabi=32 -O3 -Wall -DBN_DIV3W -DOPENSSL_BN_ASM_MONT -DSHA1_ASM -DSHA256_ASM -DAES_ASM   -c -o rpc_enc.o rpc_enc.c
mipsel-uclibc-gcc -I.. -I../.. -I../modes -I../asn1 -I../evp -I../../include  -fPIC -DOPENSSL_PIC -DOPENSSL_THREADS -D_REENTRANT -DDSO_DLFCN -DHAVE_DLFCN_H -ffunction-sections -fdata-sections -mips2 -mabi=32 -O3 -Wall -DBN_DIV3W -DOPENSSL_BN_ASM_MONT -DSHA1_ASM -DSHA256_ASM -DAES_ASM   -c -o cbc_cksm.o cbc_cksm.c
mipsel-uclibc-gcc -I.. -I../.. -I../modes -I../asn1 -I../evp -I../../include  -fPIC -DOPENSSL_PIC -DOPENSSL_THREADS -D_REENTRANT -DDSO_DLFCN -DHAVE_DLFCN_H -ffunction-sections -fdata-sections -mips2 -mabi=32 -O3 -Wall -DBN_DIV3W -DOPENSSL_BN_ASM_MONT -DSHA1_ASM -DSHA256_ASM -DAES_ASM   -c -o ede_cbcm_enc.o ede_cbcm_enc.c
mipsel-uclibc-gcc -I.. -I../.. -I../modes -I../asn1 -I../evp -I../../include  -fPIC -DOPENSSL_PIC -DOPENSSL_THREADS -D_REENTRANT -DDSO_DLFCN -DHAVE_DLFCN_H -ffunction-sections -fdata-sections -mips2 -mabi=32 -O3 -Wall -DBN_DIV3W -DOPENSSL_BN_ASM_MONT -DSHA1_ASM -DSHA256_ASM -DAES_ASM   -c -o des_old.o des_old.c
mipsel-uclibc-gcc -I.. -I../.. -I../modes -I../asn1 -I../evp -I../../include  -fPIC -DOPENSSL_PIC -DOPENSSL_THREADS -D_REENTRANT -DDSO_DLFCN -DHAVE_DLFCN_H -ffunction-sections -fdata-sections -mips2 -mabi=32 -O3 -Wall -DBN_DIV3W -DOPENSSL_BN_ASM_MONT -DSHA1_ASM -DSHA256_ASM -DAES_ASM   -c -o des_old2.o des_old2.c
mipsel-uclibc-gcc -I.. -I../.. -I../modes -I../asn1 -I../evp -I../../include  -fPIC -DOPENSSL_PIC -DOPENSSL_THREADS -D_REENTRANT -DDSO_DLFCN -DHAVE_DLFCN_H -ffunction-sections -fdata-sections -mips2 -mabi=32 -O3 -Wall -DBN_DIV3W -DOPENSSL_BN_ASM_MONT -DSHA1_ASM -DSHA256_ASM -DAES_ASM   -c -o read2pwd.o read2pwd.c
ar  r ../../libcrypto.a set_key.o  ecb_enc.o  cbc_enc.o ecb3_enc.o cfb64enc.o cfb64ede.o cfb_enc.o  ofb64ede.o enc_read.o enc_writ.o ofb64enc.o ofb_enc.o  str2key.o  pcbc_enc.o qud_cksm.o rand_key.o des_enc.o fcrypt_b.o fcrypt.o xcbc_enc.o rpc_enc.o  cbc_cksm.o ede_cbcm_enc.o des_old.o des_old2.o read2pwd.o
ranlib ../../libcrypto.a || echo Never mind.
make[6]: Leaving directory '/home/jamie/asuswrt-merlin/release/src/router/openssl/crypto/des'
making all in crypto/aes...
make[6]: Entering directory '/home/jamie/asuswrt-merlin/release/src/router/openssl/crypto/aes'
mipsel-uclibc-gcc -I.. -I../.. -I../modes -I../asn1 -I../evp -I../../include  -fPIC -DOPENSSL_PIC -DOPENSSL_THREADS -D_REENTRANT -DDSO_DLFCN -DHAVE_DLFCN_H -ffunction-sections -fdata-sections -mips2 -mabi=32 -O3 -Wall -DBN_DIV3W -DOPENSSL_BN_ASM_MONT -DSHA1_ASM -DSHA256_ASM -DAES_ASM   -c -o aes_misc.o aes_misc.c
mipsel-uclibc-gcc -I.. -I../.. -I../modes -I../asn1 -I../evp -I../../include  -fPIC -DOPENSSL_PIC -DOPENSSL_THREADS -D_REENTRANT -DDSO_DLFCN -DHAVE_DLFCN_H -ffunction-sections -fdata-sections -mips2 -mabi=32 -O3 -Wall -DBN_DIV3W -DOPENSSL_BN_ASM_MONT -DSHA1_ASM -DSHA256_ASM -DAES_ASM   -c -o aes_ecb.o aes_ecb.c
mipsel-uclibc-gcc -I.. -I../.. -I../modes -I../asn1 -I../evp -I../../include  -fPIC -DOPENSSL_PIC -DOPENSSL_THREADS -D_REENTRANT -DDSO_DLFCN -DHAVE_DLFCN_H -ffunction-sections -fdata-sections -mips2 -mabi=32 -O3 -Wall -DBN_DIV3W -DOPENSSL_BN_ASM_MONT -DSHA1_ASM -DSHA256_ASM -DAES_ASM   -c -o aes_cfb.o aes_cfb.c
mipsel-uclibc-gcc -I.. -I../.. -I../modes -I../asn1 -I../evp -I../../include  -fPIC -DOPENSSL_PIC -DOPENSSL_THREADS -D_REENTRANT -DDSO_DLFCN -DHAVE_DLFCN_H -ffunction-sections -fdata-sections -mips2 -mabi=32 -O3 -Wall -DBN_DIV3W -DOPENSSL_BN_ASM_MONT -DSHA1_ASM -DSHA256_ASM -DAES_ASM   -c -o aes_ofb.o aes_ofb.c
mipsel-uclibc-gcc -I.. -I../.. -I../modes -I../asn1 -I../evp -I../../include  -fPIC -DOPENSSL_PIC -DOPENSSL_THREADS -D_REENTRANT -DDSO_DLFCN -DHAVE_DLFCN_H -ffunction-sections -fdata-sections -mips2 -mabi=32 -O3 -Wall -DBN_DIV3W -DOPENSSL_BN_ASM_MONT -DSHA1_ASM -DSHA256_ASM -DAES_ASM   -c -o aes_ctr.o aes_ctr.c
mipsel-uclibc-gcc -I.. -I../.. -I../modes -I../asn1 -I../evp -I../../include  -fPIC -DOPENSSL_PIC -DOPENSSL_THREADS -D_REENTRANT -DDSO_DLFCN -DHAVE_DLFCN_H -ffunction-sections -fdata-sections -mips2 -mabi=32 -O3 -Wall -DBN_DIV3W -DOPENSSL_BN_ASM_MONT -DSHA1_ASM -DSHA256_ASM -DAES_ASM   -c -o aes_ige.o aes_ige.c
mipsel-uclibc-gcc -I.. -I../.. -I../modes -I../asn1 -I../evp -I../../include  -fPIC -DOPENSSL_PIC -DOPENSSL_THREADS -D_REENTRANT -DDSO_DLFCN -DHAVE_DLFCN_H -ffunction-sections -fdata-sections -mips2 -mabi=32 -O3 -Wall -DBN_DIV3W -DOPENSSL_BN_ASM_MONT -DSHA1_ASM -DSHA256_ASM -DAES_ASM   -c -o aes_wrap.o aes_wrap.c
mipsel-uclibc-gcc -I.. -I../.. -I../modes -I../asn1 -I../evp -I../../include  -fPIC -DOPENSSL_PIC -DOPENSSL_THREADS -D_REENTRANT -DDSO_DLFCN -DHAVE_DLFCN_H -ffunction-sections -fdata-sections -mips2 -mabi=32 -O3 -Wall -DBN_DIV3W -DOPENSSL_BN_ASM_MONT -DSHA1_ASM -DSHA256_ASM -DAES_ASM   -c -o aes_cbc.o aes_cbc.c
/usr/bin/perl asm/aes-mips.pl o32 aes-mips.S
mipsel-uclibc-gcc -I.. -I../.. -I../modes -I../asn1 -I../evp -I../../include  -fPIC -DOPENSSL_PIC -DOPENSSL_THREADS -D_REENTRANT -DDSO_DLFCN -DHAVE_DLFCN_H -ffunction-sections -fdata-sections -mips2 -mabi=32 -O3 -Wall -DBN_DIV3W -DOPENSSL_BN_ASM_MONT -DSHA1_ASM -DSHA256_ASM -DAES_ASM -c   -c -o aes-mips.o aes-mips.S
ar  r ../../libcrypto.a aes_misc.o aes_ecb.o aes_cfb.o aes_ofb.o aes_ctr.o aes_ige.o aes_wrap.o aes_cbc.o aes-mips.o
ranlib ../../libcrypto.a || echo Never mind.
make[6]: Leaving directory '/home/jamie/asuswrt-merlin/release/src/router/openssl/crypto/aes'
making all in crypto/rc2...
make[6]: Entering directory '/home/jamie/asuswrt-merlin/release/src/router/openssl/crypto/rc2'
mipsel-uclibc-gcc -I.. -I../.. -I../modes -I../asn1 -I../evp -I../../include  -fPIC -DOPENSSL_PIC -DOPENSSL_THREADS -D_REENTRANT -DDSO_DLFCN -DHAVE_DLFCN_H -ffunction-sections -fdata-sections -mips2 -mabi=32 -O3 -Wall -DBN_DIV3W -DOPENSSL_BN_ASM_MONT -DSHA1_ASM -DSHA256_ASM -DAES_ASM   -c -o rc2_ecb.o rc2_ecb.c
mipsel-uclibc-gcc -I.. -I../.. -I../modes -I../asn1 -I../evp -I../../include  -fPIC -DOPENSSL_PIC -DOPENSSL_THREADS -D_REENTRANT -DDSO_DLFCN -DHAVE_DLFCN_H -ffunction-sections -fdata-sections -mips2 -mabi=32 -O3 -Wall -DBN_DIV3W -DOPENSSL_BN_ASM_MONT -DSHA1_ASM -DSHA256_ASM -DAES_ASM   -c -o rc2_skey.o rc2_skey.c
mipsel-uclibc-gcc -I.. -I../.. -I../modes -I../asn1 -I../evp -I../../include  -fPIC -DOPENSSL_PIC -DOPENSSL_THREADS -D_REENTRANT -DDSO_DLFCN -DHAVE_DLFCN_H -ffunction-sections -fdata-sections -mips2 -mabi=32 -O3 -Wall -DBN_DIV3W -DOPENSSL_BN_ASM_MONT -DSHA1_ASM -DSHA256_ASM -DAES_ASM   -c -o rc2_cbc.o rc2_cbc.c
mipsel-uclibc-gcc -I.. -I../.. -I../modes -I../asn1 -I../evp -I../../include  -fPIC -DOPENSSL_PIC -DOPENSSL_THREADS -D_REENTRANT -DDSO_DLFCN -DHAVE_DLFCN_H -ffunction-sections -fdata-sections -mips2 -mabi=32 -O3 -Wall -DBN_DIV3W -DOPENSSL_BN_ASM_MONT -DSHA1_ASM -DSHA256_ASM -DAES_ASM   -c -o rc2cfb64.o rc2cfb64.c
mipsel-uclibc-gcc -I.. -I../.. -I../modes -I../asn1 -I../evp -I../../include  -fPIC -DOPENSSL_PIC -DOPENSSL_THREADS -D_REENTRANT -DDSO_DLFCN -DHAVE_DLFCN_H -ffunction-sections -fdata-sections -mips2 -mabi=32 -O3 -Wall -DBN_DIV3W -DOPENSSL_BN_ASM_MONT -DSHA1_ASM -DSHA256_ASM -DAES_ASM   -c -o rc2ofb64.o rc2ofb64.c
ar  r ../../libcrypto.a rc2_ecb.o rc2_skey.o rc2_cbc.o rc2cfb64.o rc2ofb64.o
ranlib ../../libcrypto.a || echo Never mind.
make[6]: Leaving directory '/home/jamie/asuswrt-merlin/release/src/router/openssl/crypto/rc2'
making all in crypto/rc5...
make[6]: Entering directory '/home/jamie/asuswrt-merlin/release/src/router/openssl/crypto/rc5'
mipsel-uclibc-gcc -I.. -I../.. -I../modes -I../asn1 -I../evp -I../../include  -fPIC -DOPENSSL_PIC -DOPENSSL_THREADS -D_REENTRANT -DDSO_DLFCN -DHAVE_DLFCN_H -ffunction-sections -fdata-sections -mips2 -mabi=32 -O3 -Wall -DBN_DIV3W -DOPENSSL_BN_ASM_MONT -DSHA1_ASM -DSHA256_ASM -DAES_ASM   -c -o rc5_skey.o rc5_skey.c
mipsel-uclibc-gcc -I.. -I../.. -I../modes -I../asn1 -I../evp -I../../include  -fPIC -DOPENSSL_PIC -DOPENSSL_THREADS -D_REENTRANT -DDSO_DLFCN -DHAVE_DLFCN_H -ffunction-sections -fdata-sections -mips2 -mabi=32 -O3 -Wall -DBN_DIV3W -DOPENSSL_BN_ASM_MONT -DSHA1_ASM -DSHA256_ASM -DAES_ASM   -c -o rc5_ecb.o rc5_ecb.c
mipsel-uclibc-gcc -I.. -I../.. -I../modes -I../asn1 -I../evp -I../../include  -fPIC -DOPENSSL_PIC -DOPENSSL_THREADS -D_REENTRANT -DDSO_DLFCN -DHAVE_DLFCN_H -ffunction-sections -fdata-sections -mips2 -mabi=32 -O3 -Wall -DBN_DIV3W -DOPENSSL_BN_ASM_MONT -DSHA1_ASM -DSHA256_ASM -DAES_ASM   -c -o rc5_enc.o rc5_enc.c
mipsel-uclibc-gcc -I.. -I../.. -I../modes -I../asn1 -I../evp -I../../include  -fPIC -DOPENSSL_PIC -DOPENSSL_THREADS -D_REENTRANT -DDSO_DLFCN -DHAVE_DLFCN_H -ffunction-sections -fdata-sections -mips2 -mabi=32 -O3 -Wall -DBN_DIV3W -DOPENSSL_BN_ASM_MONT -DSHA1_ASM -DSHA256_ASM -DAES_ASM   -c -o rc5cfb64.o rc5cfb64.c
mipsel-uclibc-gcc -I.. -I../.. -I../modes -I../asn1 -I../evp -I../../include  -fPIC -DOPENSSL_PIC -DOPENSSL_THREADS -D_REENTRANT -DDSO_DLFCN -DHAVE_DLFCN_H -ffunction-sections -fdata-sections -mips2 -mabi=32 -O3 -Wall -DBN_DIV3W -DOPENSSL_BN_ASM_MONT -DSHA1_ASM -DSHA256_ASM -DAES_ASM   -c -o rc5ofb64.o rc5ofb64.c
ar  r ../../libcrypto.a rc5_skey.o rc5_ecb.o rc5_enc.o rc5cfb64.o rc5ofb64.o
ranlib ../../libcrypto.a || echo Never mind.
make[6]: Leaving directory '/home/jamie/asuswrt-merlin/release/src/router/openssl/crypto/rc5'
making all in crypto/idea...
make[6]: Entering directory '/home/jamie/asuswrt-merlin/release/src/router/openssl/crypto/idea'
mipsel-uclibc-gcc -I.. -I../.. -I../modes -I../asn1 -I../evp -I../../include  -fPIC -DOPENSSL_PIC -DOPENSSL_THREADS -D_REENTRANT -DDSO_DLFCN -DHAVE_DLFCN_H -ffunction-sections -fdata-sections -mips2 -mabi=32 -O3 -Wall -DBN_DIV3W -DOPENSSL_BN_ASM_MONT -DSHA1_ASM -DSHA256_ASM -DAES_ASM   -c -o i_cbc.o i_cbc.c
mipsel-uclibc-gcc -I.. -I../.. -I../modes -I../asn1 -I../evp -I../../include  -fPIC -DOPENSSL_PIC -DOPENSSL_THREADS -D_REENTRANT -DDSO_DLFCN -DHAVE_DLFCN_H -ffunction-sections -fdata-sections -mips2 -mabi=32 -O3 -Wall -DBN_DIV3W -DOPENSSL_BN_ASM_MONT -DSHA1_ASM -DSHA256_ASM -DAES_ASM   -c -o i_cfb64.o i_cfb64.c
mipsel-uclibc-gcc -I.. -I../.. -I../modes -I../asn1 -I../evp -I../../include  -fPIC -DOPENSSL_PIC -DOPENSSL_THREADS -D_REENTRANT -DDSO_DLFCN -DHAVE_DLFCN_H -ffunction-sections -fdata-sections -mips2 -mabi=32 -O3 -Wall -DBN_DIV3W -DOPENSSL_BN_ASM_MONT -DSHA1_ASM -DSHA256_ASM -DAES_ASM   -c -o i_ofb64.o i_ofb64.c
mipsel-uclibc-gcc -I.. -I../.. -I../modes -I../asn1 -I../evp -I../../include  -fPIC -DOPENSSL_PIC -DOPENSSL_THREADS -D_REENTRANT -DDSO_DLFCN -DHAVE_DLFCN_H -ffunction-sections -fdata-sections -mips2 -mabi=32 -O3 -Wall -DBN_DIV3W -DOPENSSL_BN_ASM_MONT -DSHA1_ASM -DSHA256_ASM -DAES_ASM   -c -o i_ecb.o i_ecb.c
mipsel-uclibc-gcc -I.. -I../.. -I../modes -I../asn1 -I../evp -I../../include  -fPIC -DOPENSSL_PIC -DOPENSSL_THREADS -D_REENTRANT -DDSO_DLFCN -DHAVE_DLFCN_H -ffunction-sections -fdata-sections -mips2 -mabi=32 -O3 -Wall -DBN_DIV3W -DOPENSSL_BN_ASM_MONT -DSHA1_ASM -DSHA256_ASM -DAES_ASM   -c -o i_skey.o i_skey.c
ar  r ../../libcrypto.a i_cbc.o i_cfb64.o i_ofb64.o i_ecb.o i_skey.o
ranlib ../../libcrypto.a || echo Never mind.
make[6]: Leaving directory '/home/jamie/asuswrt-merlin/release/src/router/openssl/crypto/idea'
making all in crypto/bf...
make[6]: Entering directory '/home/jamie/asuswrt-merlin/release/src/router/openssl/crypto/bf'
mipsel-uclibc-gcc -I.. -I../.. -I../modes -I../asn1 -I../evp -I../../include  -fPIC -DOPENSSL_PIC -DOPENSSL_THREADS -D_REENTRANT -DDSO_DLFCN -DHAVE_DLFCN_H -ffunction-sections -fdata-sections -mips2 -mabi=32 -O3 -Wall -DBN_DIV3W -DOPENSSL_BN_ASM_MONT -DSHA1_ASM -DSHA256_ASM -DAES_ASM   -c -o bf_skey.o bf_skey.c
mipsel-uclibc-gcc -I.. -I../.. -I../modes -I../asn1 -I../evp -I../../include  -fPIC -DOPENSSL_PIC -DOPENSSL_THREADS -D_REENTRANT -DDSO_DLFCN -DHAVE_DLFCN_H -ffunction-sections -fdata-sections -mips2 -mabi=32 -O3 -Wall -DBN_DIV3W -DOPENSSL_BN_ASM_MONT -DSHA1_ASM -DSHA256_ASM -DAES_ASM   -c -o bf_ecb.o bf_ecb.c
mipsel-uclibc-gcc -I.. -I../.. -I../modes -I../asn1 -I../evp -I../../include  -fPIC -DOPENSSL_PIC -DOPENSSL_THREADS -D_REENTRANT -DDSO_DLFCN -DHAVE_DLFCN_H -ffunction-sections -fdata-sections -mips2 -mabi=32 -O3 -Wall -DBN_DIV3W -DOPENSSL_BN_ASM_MONT -DSHA1_ASM -DSHA256_ASM -DAES_ASM   -c -o bf_enc.o bf_enc.c
mipsel-uclibc-gcc -I.. -I../.. -I../modes -I../asn1 -I../evp -I../../include  -fPIC -DOPENSSL_PIC -DOPENSSL_THREADS -D_REENTRANT -DDSO_DLFCN -DHAVE_DLFCN_H -ffunction-sections -fdata-sections -mips2 -mabi=32 -O3 -Wall -DBN_DIV3W -DOPENSSL_BN_ASM_MONT -DSHA1_ASM -DSHA256_ASM -DAES_ASM   -c -o bf_cfb64.o bf_cfb64.c
mipsel-uclibc-gcc -I.. -I../.. -I../modes -I../asn1 -I../evp -I../../include  -fPIC -DOPENSSL_PIC -DOPENSSL_THREADS -D_REENTRANT -DDSO_DLFCN -DHAVE_DLFCN_H -ffunction-sections -fdata-sections -mips2 -mabi=32 -O3 -Wall -DBN_DIV3W -DOPENSSL_BN_ASM_MONT -DSHA1_ASM -DSHA256_ASM -DAES_ASM   -c -o bf_ofb64.o bf_ofb64.c
ar  r ../../libcrypto.a bf_skey.o bf_ecb.o bf_enc.o bf_cfb64.o bf_ofb64.o
ranlib ../../libcrypto.a || echo Never mind.
make[6]: Leaving directory '/home/jamie/asuswrt-merlin/release/src/router/openssl/crypto/bf'
making all in crypto/cast...
make[6]: Entering directory '/home/jamie/asuswrt-merlin/release/src/router/openssl/crypto/cast'
mipsel-uclibc-gcc -I.. -I../.. -I../modes -I../asn1 -I../evp -I../../include  -fPIC -DOPENSSL_PIC -DOPENSSL_THREADS -D_REENTRANT -DDSO_DLFCN -DHAVE_DLFCN_H -ffunction-sections -fdata-sections -mips2 -mabi=32 -O3 -Wall -DBN_DIV3W -DOPENSSL_BN_ASM_MONT -DSHA1_ASM -DSHA256_ASM -DAES_ASM   -c -o c_skey.o c_skey.c
mipsel-uclibc-gcc -I.. -I../.. -I../modes -I../asn1 -I../evp -I../../include  -fPIC -DOPENSSL_PIC -DOPENSSL_THREADS -D_REENTRANT -DDSO_DLFCN -DHAVE_DLFCN_H -ffunction-sections -fdata-sections -mips2 -mabi=32 -O3 -Wall -DBN_DIV3W -DOPENSSL_BN_ASM_MONT -DSHA1_ASM -DSHA256_ASM -DAES_ASM   -c -o c_ecb.o c_ecb.c
mipsel-uclibc-gcc -I.. -I../.. -I../modes -I../asn1 -I../evp -I../../include  -fPIC -DOPENSSL_PIC -DOPENSSL_THREADS -D_REENTRANT -DDSO_DLFCN -DHAVE_DLFCN_H -ffunction-sections -fdata-sections -mips2 -mabi=32 -O3 -Wall -DBN_DIV3W -DOPENSSL_BN_ASM_MONT -DSHA1_ASM -DSHA256_ASM -DAES_ASM   -c -o c_enc.o c_enc.c
mipsel-uclibc-gcc -I.. -I../.. -I../modes -I../asn1 -I../evp -I../../include  -fPIC -DOPENSSL_PIC -DOPENSSL_THREADS -D_REENTRANT -DDSO_DLFCN -DHAVE_DLFCN_H -ffunction-sections -fdata-sections -mips2 -mabi=32 -O3 -Wall -DBN_DIV3W -DOPENSSL_BN_ASM_MONT -DSHA1_ASM -DSHA256_ASM -DAES_ASM   -c -o c_cfb64.o c_cfb64.c
mipsel-uclibc-gcc -I.. -I../.. -I../modes -I../asn1 -I../evp -I../../include  -fPIC -DOPENSSL_PIC -DOPENSSL_THREADS -D_REENTRANT -DDSO_DLFCN -DHAVE_DLFCN_H -ffunction-sections -fdata-sections -mips2 -mabi=32 -O3 -Wall -DBN_DIV3W -DOPENSSL_BN_ASM_MONT -DSHA1_ASM -DSHA256_ASM -DAES_ASM   -c -o c_ofb64.o c_ofb64.c
ar  r ../../libcrypto.a c_skey.o c_ecb.o c_enc.o c_cfb64.o c_ofb64.o
ranlib ../../libcrypto.a || echo Never mind.
make[6]: Leaving directory '/home/jamie/asuswrt-merlin/release/src/router/openssl/crypto/cast'
making all in crypto/camellia...
make[6]: Entering directory '/home/jamie/asuswrt-merlin/release/src/router/openssl/crypto/camellia'
mipsel-uclibc-gcc -I.. -I../.. -I../modes -I../asn1 -I../evp -I../../include  -fPIC -DOPENSSL_PIC -DOPENSSL_THREADS -D_REENTRANT -DDSO_DLFCN -DHAVE_DLFCN_H -ffunction-sections -fdata-sections -mips2 -mabi=32 -O3 -Wall -DBN_DIV3W -DOPENSSL_BN_ASM_MONT -DSHA1_ASM -DSHA256_ASM -DAES_ASM   -c -o cmll_ecb.o cmll_ecb.c
mipsel-uclibc-gcc -I.. -I../.. -I../modes -I../asn1 -I../evp -I../../include  -fPIC -DOPENSSL_PIC -DOPENSSL_THREADS -D_REENTRANT -DDSO_DLFCN -DHAVE_DLFCN_H -ffunction-sections -fdata-sections -mips2 -mabi=32 -O3 -Wall -DBN_DIV3W -DOPENSSL_BN_ASM_MONT -DSHA1_ASM -DSHA256_ASM -DAES_ASM   -c -o cmll_ofb.o cmll_ofb.c
mipsel-uclibc-gcc -I.. -I../.. -I../modes -I../asn1 -I../evp -I../../include  -fPIC -DOPENSSL_PIC -DOPENSSL_THREADS -D_REENTRANT -DDSO_DLFCN -DHAVE_DLFCN_H -ffunction-sections -fdata-sections -mips2 -mabi=32 -O3 -Wall -DBN_DIV3W -DOPENSSL_BN_ASM_MONT -DSHA1_ASM -DSHA256_ASM -DAES_ASM   -c -o cmll_cfb.o cmll_cfb.c
mipsel-uclibc-gcc -I.. -I../.. -I../modes -I../asn1 -I../evp -I../../include  -fPIC -DOPENSSL_PIC -DOPENSSL_THREADS -D_REENTRANT -DDSO_DLFCN -DHAVE_DLFCN_H -ffunction-sections -fdata-sections -mips2 -mabi=32 -O3 -Wall -DBN_DIV3W -DOPENSSL_BN_ASM_MONT -DSHA1_ASM -DSHA256_ASM -DAES_ASM   -c -o cmll_ctr.o cmll_ctr.c
mipsel-uclibc-gcc -I.. -I../.. -I../modes -I../asn1 -I../evp -I../../include  -fPIC -DOPENSSL_PIC -DOPENSSL_THREADS -D_REENTRANT -DDSO_DLFCN -DHAVE_DLFCN_H -ffunction-sections -fdata-sections -mips2 -mabi=32 -O3 -Wall -DBN_DIV3W -DOPENSSL_BN_ASM_MONT -DSHA1_ASM -DSHA256_ASM -DAES_ASM   -c -o cmll_utl.o cmll_utl.c
mipsel-uclibc-gcc -I.. -I../.. -I../modes -I../asn1 -I../evp -I../../include  -fPIC -DOPENSSL_PIC -DOPENSSL_THREADS -D_REENTRANT -DDSO_DLFCN -DHAVE_DLFCN_H -ffunction-sections -fdata-sections -mips2 -mabi=32 -O3 -Wall -DBN_DIV3W -DOPENSSL_BN_ASM_MONT -DSHA1_ASM -DSHA256_ASM -DAES_ASM   -c -o camellia.o camellia.c
mipsel-uclibc-gcc -I.. -I../.. -I../modes -I../asn1 -I../evp -I../../include  -fPIC -DOPENSSL_PIC -DOPENSSL_THREADS -D_REENTRANT -DDSO_DLFCN -DHAVE_DLFCN_H -ffunction-sections -fdata-sections -mips2 -mabi=32 -O3 -Wall -DBN_DIV3W -DOPENSSL_BN_ASM_MONT -DSHA1_ASM -DSHA256_ASM -DAES_ASM   -c -o cmll_misc.o cmll_misc.c
mipsel-uclibc-gcc -I.. -I../.. -I../modes -I../asn1 -I../evp -I../../include  -fPIC -DOPENSSL_PIC -DOPENSSL_THREADS -D_REENTRANT -DDSO_DLFCN -DHAVE_DLFCN_H -ffunction-sections -fdata-sections -mips2 -mabi=32 -O3 -Wall -DBN_DIV3W -DOPENSSL_BN_ASM_MONT -DSHA1_ASM -DSHA256_ASM -DAES_ASM   -c -o cmll_cbc.o cmll_cbc.c
ar  r ../../libcrypto.a cmll_ecb.o cmll_ofb.o cmll_cfb.o cmll_ctr.o cmll_utl.o camellia.o cmll_misc.o cmll_cbc.o
ranlib ../../libcrypto.a || echo Never mind.
make[6]: Leaving directory '/home/jamie/asuswrt-merlin/release/src/router/openssl/crypto/camellia'
making all in crypto/seed...
make[6]: Entering directory '/home/jamie/asuswrt-merlin/release/src/router/openssl/crypto/seed'
mipsel-uclibc-gcc -I.. -I../.. -I../modes -I../asn1 -I../evp -I../../include  -fPIC -DOPENSSL_PIC -DOPENSSL_THREADS -D_REENTRANT -DDSO_DLFCN -DHAVE_DLFCN_H -ffunction-sections -fdata-sections -mips2 -mabi=32 -O3 -Wall -DBN_DIV3W -DOPENSSL_BN_ASM_MONT -DSHA1_ASM -DSHA256_ASM -DAES_ASM   -c -o seed.o seed.c
mipsel-uclibc-gcc -I.. -I../.. -I../modes -I../asn1 -I../evp -I../../include  -fPIC -DOPENSSL_PIC -DOPENSSL_THREADS -D_REENTRANT -DDSO_DLFCN -DHAVE_DLFCN_H -ffunction-sections -fdata-sections -mips2 -mabi=32 -O3 -Wall -DBN_DIV3W -DOPENSSL_BN_ASM_MONT -DSHA1_ASM -DSHA256_ASM -DAES_ASM   -c -o seed_ecb.o seed_ecb.c
mipsel-uclibc-gcc -I.. -I../.. -I../modes -I../asn1 -I../evp -I../../include  -fPIC -DOPENSSL_PIC -DOPENSSL_THREADS -D_REENTRANT -DDSO_DLFCN -DHAVE_DLFCN_H -ffunction-sections -fdata-sections -mips2 -mabi=32 -O3 -Wall -DBN_DIV3W -DOPENSSL_BN_ASM_MONT -DSHA1_ASM -DSHA256_ASM -DAES_ASM   -c -o seed_cbc.o seed_cbc.c
mipsel-uclibc-gcc -I.. -I../.. -I../modes -I../asn1 -I../evp -I../../include  -fPIC -DOPENSSL_PIC -DOPENSSL_THREADS -D_REENTRANT -DDSO_DLFCN -DHAVE_DLFCN_H -ffunction-sections -fdata-sections -mips2 -mabi=32 -O3 -Wall -DBN_DIV3W -DOPENSSL_BN_ASM_MONT -DSHA1_ASM -DSHA256_ASM -DAES_ASM   -c -o seed_cfb.o seed_cfb.c
mipsel-uclibc-gcc -I.. -I../.. -I../modes -I../asn1 -I../evp -I../../include  -fPIC -DOPENSSL_PIC -DOPENSSL_THREADS -D_REENTRANT -DDSO_DLFCN -DHAVE_DLFCN_H -ffunction-sections -fdata-sections -mips2 -mabi=32 -O3 -Wall -DBN_DIV3W -DOPENSSL_BN_ASM_MONT -DSHA1_ASM -DSHA256_ASM -DAES_ASM   -c -o seed_ofb.o seed_ofb.c
ar  r ../../libcrypto.a seed.o seed_ecb.o seed_cbc.o seed_cfb.o seed_ofb.o
ranlib ../../libcrypto.a || echo Never mind.
make[6]: Leaving directory '/home/jamie/asuswrt-merlin/release/src/router/openssl/crypto/seed'
making all in crypto/modes...
make[6]: Entering directory '/home/jamie/asuswrt-merlin/release/src/router/openssl/crypto/modes'
mipsel-uclibc-gcc -I.. -I../.. -I../modes -I../asn1 -I../evp -I../../include  -fPIC -DOPENSSL_PIC -DOPENSSL_THREADS -D_REENTRANT -DDSO_DLFCN -DHAVE_DLFCN_H -ffunction-sections -fdata-sections -mips2 -mabi=32 -O3 -Wall -DBN_DIV3W -DOPENSSL_BN_ASM_MONT -DSHA1_ASM -DSHA256_ASM -DAES_ASM   -c -o cbc128.o cbc128.c
mipsel-uclibc-gcc -I.. -I../.. -I../modes -I../asn1 -I../evp -I../../include  -fPIC -DOPENSSL_PIC -DOPENSSL_THREADS -D_REENTRANT -DDSO_DLFCN -DHAVE_DLFCN_H -ffunction-sections -fdata-sections -mips2 -mabi=32 -O3 -Wall -DBN_DIV3W -DOPENSSL_BN_ASM_MONT -DSHA1_ASM -DSHA256_ASM -DAES_ASM   -c -o ctr128.o ctr128.c
mipsel-uclibc-gcc -I.. -I../.. -I../modes -I../asn1 -I../evp -I../../include  -fPIC -DOPENSSL_PIC -DOPENSSL_THREADS -D_REENTRANT -DDSO_DLFCN -DHAVE_DLFCN_H -ffunction-sections -fdata-sections -mips2 -mabi=32 -O3 -Wall -DBN_DIV3W -DOPENSSL_BN_ASM_MONT -DSHA1_ASM -DSHA256_ASM -DAES_ASM   -c -o cts128.o cts128.c
mipsel-uclibc-gcc -I.. -I../.. -I../modes -I../asn1 -I../evp -I../../include  -fPIC -DOPENSSL_PIC -DOPENSSL_THREADS -D_REENTRANT -DDSO_DLFCN -DHAVE_DLFCN_H -ffunction-sections -fdata-sections -mips2 -mabi=32 -O3 -Wall -DBN_DIV3W -DOPENSSL_BN_ASM_MONT -DSHA1_ASM -DSHA256_ASM -DAES_ASM   -c -o cfb128.o cfb128.c
mipsel-uclibc-gcc -I.. -I../.. -I../modes -I../asn1 -I../evp -I../../include  -fPIC -DOPENSSL_PIC -DOPENSSL_THREADS -D_REENTRANT -DDSO_DLFCN -DHAVE_DLFCN_H -ffunction-sections -fdata-sections -mips2 -mabi=32 -O3 -Wall -DBN_DIV3W -DOPENSSL_BN_ASM_MONT -DSHA1_ASM -DSHA256_ASM -DAES_ASM   -c -o ofb128.o ofb128.c
mipsel-uclibc-gcc -I.. -I../.. -I../modes -I../asn1 -I../evp -I../../include  -fPIC -DOPENSSL_PIC -DOPENSSL_THREADS -D_REENTRANT -DDSO_DLFCN -DHAVE_DLFCN_H -ffunction-sections -fdata-sections -mips2 -mabi=32 -O3 -Wall -DBN_DIV3W -DOPENSSL_BN_ASM_MONT -DSHA1_ASM -DSHA256_ASM -DAES_ASM   -c -o gcm128.o gcm128.c
mipsel-uclibc-gcc -I.. -I../.. -I../modes -I../asn1 -I../evp -I../../include  -fPIC -DOPENSSL_PIC -DOPENSSL_THREADS -D_REENTRANT -DDSO_DLFCN -DHAVE_DLFCN_H -ffunction-sections -fdata-sections -mips2 -mabi=32 -O3 -Wall -DBN_DIV3W -DOPENSSL_BN_ASM_MONT -DSHA1_ASM -DSHA256_ASM -DAES_ASM   -c -o ccm128.o ccm128.c
mipsel-uclibc-gcc -I.. -I../.. -I../modes -I../asn1 -I../evp -I../../include  -fPIC -DOPENSSL_PIC -DOPENSSL_THREADS -D_REENTRANT -DDSO_DLFCN -DHAVE_DLFCN_H -ffunction-sections -fdata-sections -mips2 -mabi=32 -O3 -Wall -DBN_DIV3W -DOPENSSL_BN_ASM_MONT -DSHA1_ASM -DSHA256_ASM -DAES_ASM   -c -o xts128.o xts128.c
mipsel-uclibc-gcc -I.. -I../.. -I../modes -I../asn1 -I../evp -I../../include  -fPIC -DOPENSSL_PIC -DOPENSSL_THREADS -D_REENTRANT -DDSO_DLFCN -DHAVE_DLFCN_H -ffunction-sections -fdata-sections -mips2 -mabi=32 -O3 -Wall -DBN_DIV3W -DOPENSSL_BN_ASM_MONT -DSHA1_ASM -DSHA256_ASM -DAES_ASM   -c -o wrap128.o wrap128.c
ar  r ../../libcrypto.a cbc128.o ctr128.o cts128.o cfb128.o ofb128.o gcm128.o ccm128.o xts128.o wrap128.o 
ranlib ../../libcrypto.a || echo Never mind.
make[6]: Leaving directory '/home/jamie/asuswrt-merlin/release/src/router/openssl/crypto/modes'
making all in crypto/bn...
make[6]: Entering directory '/home/jamie/asuswrt-merlin/release/src/router/openssl/crypto/bn'
mipsel-uclibc-gcc -I.. -I../.. -I../modes -I../asn1 -I../evp -I../../include  -fPIC -DOPENSSL_PIC -DOPENSSL_THREADS -D_REENTRANT -DDSO_DLFCN -DHAVE_DLFCN_H -ffunction-sections -fdata-sections -mips2 -mabi=32 -O3 -Wall -DBN_DIV3W -DOPENSSL_BN_ASM_MONT -DSHA1_ASM -DSHA256_ASM -DAES_ASM   -c -o bn_add.o bn_add.c
mipsel-uclibc-gcc -I.. -I../.. -I../modes -I../asn1 -I../evp -I../../include  -fPIC -DOPENSSL_PIC -DOPENSSL_THREADS -D_REENTRANT -DDSO_DLFCN -DHAVE_DLFCN_H -ffunction-sections -fdata-sections -mips2 -mabi=32 -O3 -Wall -DBN_DIV3W -DOPENSSL_BN_ASM_MONT -DSHA1_ASM -DSHA256_ASM -DAES_ASM   -c -o bn_div.o bn_div.c
mipsel-uclibc-gcc -I.. -I../.. -I../modes -I../asn1 -I../evp -I../../include  -fPIC -DOPENSSL_PIC -DOPENSSL_THREADS -D_REENTRANT -DDSO_DLFCN -DHAVE_DLFCN_H -ffunction-sections -fdata-sections -mips2 -mabi=32 -O3 -Wall -DBN_DIV3W -DOPENSSL_BN_ASM_MONT -DSHA1_ASM -DSHA256_ASM -DAES_ASM   -c -o bn_exp.o bn_exp.c
mipsel-uclibc-gcc -I.. -I../.. -I../modes -I../asn1 -I../evp -I../../include  -fPIC -DOPENSSL_PIC -DOPENSSL_THREADS -D_REENTRANT -DDSO_DLFCN -DHAVE_DLFCN_H -ffunction-sections -fdata-sections -mips2 -mabi=32 -O3 -Wall -DBN_DIV3W -DOPENSSL_BN_ASM_MONT -DSHA1_ASM -DSHA256_ASM -DAES_ASM   -c -o bn_lib.o bn_lib.c
mipsel-uclibc-gcc -I.. -I../.. -I../modes -I../asn1 -I../evp -I../../include  -fPIC -DOPENSSL_PIC -DOPENSSL_THREADS -D_REENTRANT -DDSO_DLFCN -DHAVE_DLFCN_H -ffunction-sections -fdata-sections -mips2 -mabi=32 -O3 -Wall -DBN_DIV3W -DOPENSSL_BN_ASM_MONT -DSHA1_ASM -DSHA256_ASM -DAES_ASM   -c -o bn_ctx.o bn_ctx.c
mipsel-uclibc-gcc -I.. -I../.. -I../modes -I../asn1 -I../evp -I../../include  -fPIC -DOPENSSL_PIC -DOPENSSL_THREADS -D_REENTRANT -DDSO_DLFCN -DHAVE_DLFCN_H -ffunction-sections -fdata-sections -mips2 -mabi=32 -O3 -Wall -DBN_DIV3W -DOPENSSL_BN_ASM_MONT -DSHA1_ASM -DSHA256_ASM -DAES_ASM   -c -o bn_mul.o bn_mul.c
mipsel-uclibc-gcc -I.. -I../.. -I../modes -I../asn1 -I../evp -I../../include  -fPIC -DOPENSSL_PIC -DOPENSSL_THREADS -D_REENTRANT -DDSO_DLFCN -DHAVE_DLFCN_H -ffunction-sections -fdata-sections -mips2 -mabi=32 -O3 -Wall -DBN_DIV3W -DOPENSSL_BN_ASM_MONT -DSHA1_ASM -DSHA256_ASM -DAES_ASM   -c -o bn_mod.o bn_mod.c
mipsel-uclibc-gcc -I.. -I../.. -I../modes -I../asn1 -I../evp -I../../include  -fPIC -DOPENSSL_PIC -DOPENSSL_THREADS -D_REENTRANT -DDSO_DLFCN -DHAVE_DLFCN_H -ffunction-sections -fdata-sections -mips2 -mabi=32 -O3 -Wall -DBN_DIV3W -DOPENSSL_BN_ASM_MONT -DSHA1_ASM -DSHA256_ASM -DAES_ASM   -c -o bn_print.o bn_print.c
mipsel-uclibc-gcc -I.. -I../.. -I../modes -I../asn1 -I../evp -I../../include  -fPIC -DOPENSSL_PIC -DOPENSSL_THREADS -D_REENTRANT -DDSO_DLFCN -DHAVE_DLFCN_H -ffunction-sections -fdata-sections -mips2 -mabi=32 -O3 -Wall -DBN_DIV3W -DOPENSSL_BN_ASM_MONT -DSHA1_ASM -DSHA256_ASM -DAES_ASM   -c -o bn_rand.o bn_rand.c
mipsel-uclibc-gcc -I.. -I../.. -I../modes -I../asn1 -I../evp -I../../include  -fPIC -DOPENSSL_PIC -DOPENSSL_THREADS -D_REENTRANT -DDSO_DLFCN -DHAVE_DLFCN_H -ffunction-sections -fdata-sections -mips2 -mabi=32 -O3 -Wall -DBN_DIV3W -DOPENSSL_BN_ASM_MONT -DSHA1_ASM -DSHA256_ASM -DAES_ASM   -c -o bn_shift.o bn_shift.c
mipsel-uclibc-gcc -I.. -I../.. -I../modes -I../asn1 -I../evp -I../../include  -fPIC -DOPENSSL_PIC -DOPENSSL_THREADS -D_REENTRANT -DDSO_DLFCN -DHAVE_DLFCN_H -ffunction-sections -fdata-sections -mips2 -mabi=32 -O3 -Wall -DBN_DIV3W -DOPENSSL_BN_ASM_MONT -DSHA1_ASM -DSHA256_ASM -DAES_ASM   -c -o bn_word.o bn_word.c
mipsel-uclibc-gcc -I.. -I../.. -I../modes -I../asn1 -I../evp -I../../include  -fPIC -DOPENSSL_PIC -DOPENSSL_THREADS -D_REENTRANT -DDSO_DLFCN -DHAVE_DLFCN_H -ffunction-sections -fdata-sections -mips2 -mabi=32 -O3 -Wall -DBN_DIV3W -DOPENSSL_BN_ASM_MONT -DSHA1_ASM -DSHA256_ASM -DAES_ASM   -c -o bn_blind.o bn_blind.c
mipsel-uclibc-gcc -I.. -I../.. -I../modes -I../asn1 -I../evp -I../../include  -fPIC -DOPENSSL_PIC -DOPENSSL_THREADS -D_REENTRANT -DDSO_DLFCN -DHAVE_DLFCN_H -ffunction-sections -fdata-sections -mips2 -mabi=32 -O3 -Wall -DBN_DIV3W -DOPENSSL_BN_ASM_MONT -DSHA1_ASM -DSHA256_ASM -DAES_ASM   -c -o bn_kron.o bn_kron.c
mipsel-uclibc-gcc -I.. -I../.. -I../modes -I../asn1 -I../evp -I../../include  -fPIC -DOPENSSL_PIC -DOPENSSL_THREADS -D_REENTRANT -DDSO_DLFCN -DHAVE_DLFCN_H -ffunction-sections -fdata-sections -mips2 -mabi=32 -O3 -Wall -DBN_DIV3W -DOPENSSL_BN_ASM_MONT -DSHA1_ASM -DSHA256_ASM -DAES_ASM   -c -o bn_sqrt.o bn_sqrt.c
mipsel-uclibc-gcc -I.. -I../.. -I../modes -I../asn1 -I../evp -I../../include  -fPIC -DOPENSSL_PIC -DOPENSSL_THREADS -D_REENTRANT -DDSO_DLFCN -DHAVE_DLFCN_H -ffunction-sections -fdata-sections -mips2 -mabi=32 -O3 -Wall -DBN_DIV3W -DOPENSSL_BN_ASM_MONT -DSHA1_ASM -DSHA256_ASM -DAES_ASM   -c -o bn_gcd.o bn_gcd.c
mipsel-uclibc-gcc -I.. -I../.. -I../modes -I../asn1 -I../evp -I../../include  -fPIC -DOPENSSL_PIC -DOPENSSL_THREADS -D_REENTRANT -DDSO_DLFCN -DHAVE_DLFCN_H -ffunction-sections -fdata-sections -mips2 -mabi=32 -O3 -Wall -DBN_DIV3W -DOPENSSL_BN_ASM_MONT -DSHA1_ASM -DSHA256_ASM -DAES_ASM   -c -o bn_prime.o bn_prime.c
mipsel-uclibc-gcc -I.. -I../.. -I../modes -I../asn1 -I../evp -I../../include  -fPIC -DOPENSSL_PIC -DOPENSSL_THREADS -D_REENTRANT -DDSO_DLFCN -DHAVE_DLFCN_H -ffunction-sections -fdata-sections -mips2 -mabi=32 -O3 -Wall -DBN_DIV3W -DOPENSSL_BN_ASM_MONT -DSHA1_ASM -DSHA256_ASM -DAES_ASM   -c -o bn_err.o bn_err.c
mipsel-uclibc-gcc -I.. -I../.. -I../modes -I../asn1 -I../evp -I../../include  -fPIC -DOPENSSL_PIC -DOPENSSL_THREADS -D_REENTRANT -DDSO_DLFCN -DHAVE_DLFCN_H -ffunction-sections -fdata-sections -mips2 -mabi=32 -O3 -Wall -DBN_DIV3W -DOPENSSL_BN_ASM_MONT -DSHA1_ASM -DSHA256_ASM -DAES_ASM   -c -o bn_sqr.o bn_sqr.c
/usr/bin/perl asm/mips.pl o32 bn-mips.s
mipsel-uclibc-gcc -I.. -I../.. -I../modes -I../asn1 -I../evp -I../../include  -fPIC -DOPENSSL_PIC -DOPENSSL_THREADS -D_REENTRANT -DDSO_DLFCN -DHAVE_DLFCN_H -ffunction-sections -fdata-sections -mips2 -mabi=32 -O3 -Wall -DBN_DIV3W -DOPENSSL_BN_ASM_MONT -DSHA1_ASM -DSHA256_ASM -DAES_ASM -c  -o bn-mips.o bn-mips.s
/usr/bin/perl	asm/mips-mont.pl o32 mips-mont.s
mipsel-uclibc-gcc -I.. -I../.. -I../modes -I../asn1 -I../evp -I../../include  -fPIC -DOPENSSL_PIC -DOPENSSL_THREADS -D_REENTRANT -DDSO_DLFCN -DHAVE_DLFCN_H -ffunction-sections -fdata-sections -mips2 -mabi=32 -O3 -Wall -DBN_DIV3W -DOPENSSL_BN_ASM_MONT -DSHA1_ASM -DSHA256_ASM -DAES_ASM -c  -o mips-mont.o mips-mont.s
mipsel-uclibc-gcc -I.. -I../.. -I../modes -I../asn1 -I../evp -I../../include  -fPIC -DOPENSSL_PIC -DOPENSSL_THREADS -D_REENTRANT -DDSO_DLFCN -DHAVE_DLFCN_H -ffunction-sections -fdata-sections -mips2 -mabi=32 -O3 -Wall -DBN_DIV3W -DOPENSSL_BN_ASM_MONT -DSHA1_ASM -DSHA256_ASM -DAES_ASM   -c -o bn_recp.o bn_recp.c
mipsel-uclibc-gcc -I.. -I../.. -I../modes -I../asn1 -I../evp -I../../include  -fPIC -DOPENSSL_PIC -DOPENSSL_THREADS -D_REENTRANT -DDSO_DLFCN -DHAVE_DLFCN_H -ffunction-sections -fdata-sections -mips2 -mabi=32 -O3 -Wall -DBN_DIV3W -DOPENSSL_BN_ASM_MONT -DSHA1_ASM -DSHA256_ASM -DAES_ASM   -c -o bn_mont.o bn_mont.c
mipsel-uclibc-gcc -I.. -I../.. -I../modes -I../asn1 -I../evp -I../../include  -fPIC -DOPENSSL_PIC -DOPENSSL_THREADS -D_REENTRANT -DDSO_DLFCN -DHAVE_DLFCN_H -ffunction-sections -fdata-sections -mips2 -mabi=32 -O3 -Wall -DBN_DIV3W -DOPENSSL_BN_ASM_MONT -DSHA1_ASM -DSHA256_ASM -DAES_ASM   -c -o bn_mpi.o bn_mpi.c
mipsel-uclibc-gcc -I.. -I../.. -I../modes -I../asn1 -I../evp -I../../include  -fPIC -DOPENSSL_PIC -DOPENSSL_THREADS -D_REENTRANT -DDSO_DLFCN -DHAVE_DLFCN_H -ffunction-sections -fdata-sections -mips2 -mabi=32 -O3 -Wall -DBN_DIV3W -DOPENSSL_BN_ASM_MONT -DSHA1_ASM -DSHA256_ASM -DAES_ASM   -c -o bn_exp2.o bn_exp2.c
mipsel-uclibc-gcc -I.. -I../.. -I../modes -I../asn1 -I../evp -I../../include  -fPIC -DOPENSSL_PIC -DOPENSSL_THREADS -D_REENTRANT -DDSO_DLFCN -DHAVE_DLFCN_H -ffunction-sections -fdata-sections -mips2 -mabi=32 -O3 -Wall -DBN_DIV3W -DOPENSSL_BN_ASM_MONT -DSHA1_ASM -DSHA256_ASM -DAES_ASM   -c -o bn_gf2m.o bn_gf2m.c
mipsel-uclibc-gcc -I.. -I../.. -I../modes -I../asn1 -I../evp -I../../include  -fPIC -DOPENSSL_PIC -DOPENSSL_THREADS -D_REENTRANT -DDSO_DLFCN -DHAVE_DLFCN_H -ffunction-sections -fdata-sections -mips2 -mabi=32 -O3 -Wall -DBN_DIV3W -DOPENSSL_BN_ASM_MONT -DSHA1_ASM -DSHA256_ASM -DAES_ASM   -c -o bn_nist.o bn_nist.c
mipsel-uclibc-gcc -I.. -I../.. -I../modes -I../asn1 -I../evp -I../../include  -fPIC -DOPENSSL_PIC -DOPENSSL_THREADS -D_REENTRANT -DDSO_DLFCN -DHAVE_DLFCN_H -ffunction-sections -fdata-sections -mips2 -mabi=32 -O3 -Wall -DBN_DIV3W -DOPENSSL_BN_ASM_MONT -DSHA1_ASM -DSHA256_ASM -DAES_ASM   -c -o bn_depr.o bn_depr.c
mipsel-uclibc-gcc -I.. -I../.. -I../modes -I../asn1 -I../evp -I../../include  -fPIC -DOPENSSL_PIC -DOPENSSL_THREADS -D_REENTRANT -DDSO_DLFCN -DHAVE_DLFCN_H -ffunction-sections -fdata-sections -mips2 -mabi=32 -O3 -Wall -DBN_DIV3W -DOPENSSL_BN_ASM_MONT -DSHA1_ASM -DSHA256_ASM -DAES_ASM   -c -o bn_const.o bn_const.c
mipsel-uclibc-gcc -I.. -I../.. -I../modes -I../asn1 -I../evp -I../../include  -fPIC -DOPENSSL_PIC -DOPENSSL_THREADS -D_REENTRANT -DDSO_DLFCN -DHAVE_DLFCN_H -ffunction-sections -fdata-sections -mips2 -mabi=32 -O3 -Wall -DBN_DIV3W -DOPENSSL_BN_ASM_MONT -DSHA1_ASM -DSHA256_ASM -DAES_ASM   -c -o bn_x931p.o bn_x931p.c
ar  r ../../libcrypto.a bn_add.o bn_div.o bn_exp.o bn_lib.o bn_ctx.o bn_mul.o bn_mod.o bn_print.o bn_rand.o bn_shift.o bn_word.o bn_blind.o bn_kron.o bn_sqrt.o bn_gcd.o bn_prime.o bn_err.o bn_sqr.o bn-mips.o mips-mont.o bn_recp.o bn_mont.o bn_mpi.o bn_exp2.o bn_gf2m.o bn_nist.o bn_depr.o bn_const.o bn_x931p.o
ranlib ../../libcrypto.a || echo Never mind.
make[6]: Leaving directory '/home/jamie/asuswrt-merlin/release/src/router/openssl/crypto/bn'
making all in crypto/ec...
make[6]: Entering directory '/home/jamie/asuswrt-merlin/release/src/router/openssl/crypto/ec'
mipsel-uclibc-gcc -I.. -I../.. -I../modes -I../asn1 -I../evp -I../../include  -fPIC -DOPENSSL_PIC -DOPENSSL_THREADS -D_REENTRANT -DDSO_DLFCN -DHAVE_DLFCN_H -ffunction-sections -fdata-sections -mips2 -mabi=32 -O3 -Wall -DBN_DIV3W -DOPENSSL_BN_ASM_MONT -DSHA1_ASM -DSHA256_ASM -DAES_ASM   -c -o ec_lib.o ec_lib.c
mipsel-uclibc-gcc -I.. -I../.. -I../modes -I../asn1 -I../evp -I../../include  -fPIC -DOPENSSL_PIC -DOPENSSL_THREADS -D_REENTRANT -DDSO_DLFCN -DHAVE_DLFCN_H -ffunction-sections -fdata-sections -mips2 -mabi=32 -O3 -Wall -DBN_DIV3W -DOPENSSL_BN_ASM_MONT -DSHA1_ASM -DSHA256_ASM -DAES_ASM   -c -o ecp_smpl.o ecp_smpl.c
mipsel-uclibc-gcc -I.. -I../.. -I../modes -I../asn1 -I../evp -I../../include  -fPIC -DOPENSSL_PIC -DOPENSSL_THREADS -D_REENTRANT -DDSO_DLFCN -DHAVE_DLFCN_H -ffunction-sections -fdata-sections -mips2 -mabi=32 -O3 -Wall -DBN_DIV3W -DOPENSSL_BN_ASM_MONT -DSHA1_ASM -DSHA256_ASM -DAES_ASM   -c -o ecp_mont.o ecp_mont.c
mipsel-uclibc-gcc -I.. -I../.. -I../modes -I../asn1 -I../evp -I../../include  -fPIC -DOPENSSL_PIC -DOPENSSL_THREADS -D_REENTRANT -DDSO_DLFCN -DHAVE_DLFCN_H -ffunction-sections -fdata-sections -mips2 -mabi=32 -O3 -Wall -DBN_DIV3W -DOPENSSL_BN_ASM_MONT -DSHA1_ASM -DSHA256_ASM -DAES_ASM   -c -o ecp_nist.o ecp_nist.c
mipsel-uclibc-gcc -I.. -I../.. -I../modes -I../asn1 -I../evp -I../../include  -fPIC -DOPENSSL_PIC -DOPENSSL_THREADS -D_REENTRANT -DDSO_DLFCN -DHAVE_DLFCN_H -ffunction-sections -fdata-sections -mips2 -mabi=32 -O3 -Wall -DBN_DIV3W -DOPENSSL_BN_ASM_MONT -DSHA1_ASM -DSHA256_ASM -DAES_ASM   -c -o ec_cvt.o ec_cvt.c
mipsel-uclibc-gcc -I.. -I../.. -I../modes -I../asn1 -I../evp -I../../include  -fPIC -DOPENSSL_PIC -DOPENSSL_THREADS -D_REENTRANT -DDSO_DLFCN -DHAVE_DLFCN_H -ffunction-sections -fdata-sections -mips2 -mabi=32 -O3 -Wall -DBN_DIV3W -DOPENSSL_BN_ASM_MONT -DSHA1_ASM -DSHA256_ASM -DAES_ASM   -c -o ec_mult.o ec_mult.c
mipsel-uclibc-gcc -I.. -I../.. -I../modes -I../asn1 -I../evp -I../../include  -fPIC -DOPENSSL_PIC -DOPENSSL_THREADS -D_REENTRANT -DDSO_DLFCN -DHAVE_DLFCN_H -ffunction-sections -fdata-sections -mips2 -mabi=32 -O3 -Wall -DBN_DIV3W -DOPENSSL_BN_ASM_MONT -DSHA1_ASM -DSHA256_ASM -DAES_ASM   -c -o ec_err.o ec_err.c
mipsel-uclibc-gcc -I.. -I../.. -I../modes -I../asn1 -I../evp -I../../include  -fPIC -DOPENSSL_PIC -DOPENSSL_THREADS -D_REENTRANT -DDSO_DLFCN -DHAVE_DLFCN_H -ffunction-sections -fdata-sections -mips2 -mabi=32 -O3 -Wall -DBN_DIV3W -DOPENSSL_BN_ASM_MONT -DSHA1_ASM -DSHA256_ASM -DAES_ASM   -c -o ec_curve.o ec_curve.c
mipsel-uclibc-gcc -I.. -I../.. -I../modes -I../asn1 -I../evp -I../../include  -fPIC -DOPENSSL_PIC -DOPENSSL_THREADS -D_REENTRANT -DDSO_DLFCN -DHAVE_DLFCN_H -ffunction-sections -fdata-sections -mips2 -mabi=32 -O3 -Wall -DBN_DIV3W -DOPENSSL_BN_ASM_MONT -DSHA1_ASM -DSHA256_ASM -DAES_ASM   -c -o ec_check.o ec_check.c
mipsel-uclibc-gcc -I.. -I../.. -I../modes -I../asn1 -I../evp -I../../include  -fPIC -DOPENSSL_PIC -DOPENSSL_THREADS -D_REENTRANT -DDSO_DLFCN -DHAVE_DLFCN_H -ffunction-sections -fdata-sections -mips2 -mabi=32 -O3 -Wall -DBN_DIV3W -DOPENSSL_BN_ASM_MONT -DSHA1_ASM -DSHA256_ASM -DAES_ASM   -c -o ec_print.o ec_print.c
mipsel-uclibc-gcc -I.. -I../.. -I../modes -I../asn1 -I../evp -I../../include  -fPIC -DOPENSSL_PIC -DOPENSSL_THREADS -D_REENTRANT -DDSO_DLFCN -DHAVE_DLFCN_H -ffunction-sections -fdata-sections -mips2 -mabi=32 -O3 -Wall -DBN_DIV3W -DOPENSSL_BN_ASM_MONT -DSHA1_ASM -DSHA256_ASM -DAES_ASM   -c -o ec_asn1.o ec_asn1.c
mipsel-uclibc-gcc -I.. -I../.. -I../modes -I../asn1 -I../evp -I../../include  -fPIC -DOPENSSL_PIC -DOPENSSL_THREADS -D_REENTRANT -DDSO_DLFCN -DHAVE_DLFCN_H -ffunction-sections -fdata-sections -mips2 -mabi=32 -O3 -Wall -DBN_DIV3W -DOPENSSL_BN_ASM_MONT -DSHA1_ASM -DSHA256_ASM -DAES_ASM   -c -o ec_key.o ec_key.c
mipsel-uclibc-gcc -I.. -I../.. -I../modes -I../asn1 -I../evp -I../../include  -fPIC -DOPENSSL_PIC -DOPENSSL_THREADS -D_REENTRANT -DDSO_DLFCN -DHAVE_DLFCN_H -ffunction-sections -fdata-sections -mips2 -mabi=32 -O3 -Wall -DBN_DIV3W -DOPENSSL_BN_ASM_MONT -DSHA1_ASM -DSHA256_ASM -DAES_ASM   -c -o ec2_smpl.o ec2_smpl.c
mipsel-uclibc-gcc -I.. -I../.. -I../modes -I../asn1 -I../evp -I../../include  -fPIC -DOPENSSL_PIC -DOPENSSL_THREADS -D_REENTRANT -DDSO_DLFCN -DHAVE_DLFCN_H -ffunction-sections -fdata-sections -mips2 -mabi=32 -O3 -Wall -DBN_DIV3W -DOPENSSL_BN_ASM_MONT -DSHA1_ASM -DSHA256_ASM -DAES_ASM   -c -o ec2_mult.o ec2_mult.c
mipsel-uclibc-gcc -I.. -I../.. -I../modes -I../asn1 -I../evp -I../../include  -fPIC -DOPENSSL_PIC -DOPENSSL_THREADS -D_REENTRANT -DDSO_DLFCN -DHAVE_DLFCN_H -ffunction-sections -fdata-sections -mips2 -mabi=32 -O3 -Wall -DBN_DIV3W -DOPENSSL_BN_ASM_MONT -DSHA1_ASM -DSHA256_ASM -DAES_ASM   -c -o ec_ameth.o ec_ameth.c
mipsel-uclibc-gcc -I.. -I../.. -I../modes -I../asn1 -I../evp -I../../include  -fPIC -DOPENSSL_PIC -DOPENSSL_THREADS -D_REENTRANT -DDSO_DLFCN -DHAVE_DLFCN_H -ffunction-sections -fdata-sections -mips2 -mabi=32 -O3 -Wall -DBN_DIV3W -DOPENSSL_BN_ASM_MONT -DSHA1_ASM -DSHA256_ASM -DAES_ASM   -c -o ec_pmeth.o ec_pmeth.c
mipsel-uclibc-gcc -I.. -I../.. -I../modes -I../asn1 -I../evp -I../../include  -fPIC -DOPENSSL_PIC -DOPENSSL_THREADS -D_REENTRANT -DDSO_DLFCN -DHAVE_DLFCN_H -ffunction-sections -fdata-sections -mips2 -mabi=32 -O3 -Wall -DBN_DIV3W -DOPENSSL_BN_ASM_MONT -DSHA1_ASM -DSHA256_ASM -DAES_ASM   -c -o eck_prn.o eck_prn.c
mipsel-uclibc-gcc -I.. -I../.. -I../modes -I../asn1 -I../evp -I../../include  -fPIC -DOPENSSL_PIC -DOPENSSL_THREADS -D_REENTRANT -DDSO_DLFCN -DHAVE_DLFCN_H -ffunction-sections -fdata-sections -mips2 -mabi=32 -O3 -Wall -DBN_DIV3W -DOPENSSL_BN_ASM_MONT -DSHA1_ASM -DSHA256_ASM -DAES_ASM   -c -o ecp_nistp224.o ecp_nistp224.c
mipsel-uclibc-gcc -I.. -I../.. -I../modes -I../asn1 -I../evp -I../../include  -fPIC -DOPENSSL_PIC -DOPENSSL_THREADS -D_REENTRANT -DDSO_DLFCN -DHAVE_DLFCN_H -ffunction-sections -fdata-sections -mips2 -mabi=32 -O3 -Wall -DBN_DIV3W -DOPENSSL_BN_ASM_MONT -DSHA1_ASM -DSHA256_ASM -DAES_ASM   -c -o ecp_nistp256.o ecp_nistp256.c
mipsel-uclibc-gcc -I.. -I../.. -I../modes -I../asn1 -I../evp -I../../include  -fPIC -DOPENSSL_PIC -DOPENSSL_THREADS -D_REENTRANT -DDSO_DLFCN -DHAVE_DLFCN_H -ffunction-sections -fdata-sections -mips2 -mabi=32 -O3 -Wall -DBN_DIV3W -DOPENSSL_BN_ASM_MONT -DSHA1_ASM -DSHA256_ASM -DAES_ASM   -c -o ecp_nistp521.o ecp_nistp521.c
mipsel-uclibc-gcc -I.. -I../.. -I../modes -I../asn1 -I../evp -I../../include  -fPIC -DOPENSSL_PIC -DOPENSSL_THREADS -D_REENTRANT -DDSO_DLFCN -DHAVE_DLFCN_H -ffunction-sections -fdata-sections -mips2 -mabi=32 -O3 -Wall -DBN_DIV3W -DOPENSSL_BN_ASM_MONT -DSHA1_ASM -DSHA256_ASM -DAES_ASM   -c -o ecp_nistputil.o ecp_nistputil.c
mipsel-uclibc-gcc -I.. -I../.. -I../modes -I../asn1 -I../evp -I../../include  -fPIC -DOPENSSL_PIC -DOPENSSL_THREADS -D_REENTRANT -DDSO_DLFCN -DHAVE_DLFCN_H -ffunction-sections -fdata-sections -mips2 -mabi=32 -O3 -Wall -DBN_DIV3W -DOPENSSL_BN_ASM_MONT -DSHA1_ASM -DSHA256_ASM -DAES_ASM   -c -o ecp_oct.o ecp_oct.c
mipsel-uclibc-gcc -I.. -I../.. -I../modes -I../asn1 -I../evp -I../../include  -fPIC -DOPENSSL_PIC -DOPENSSL_THREADS -D_REENTRANT -DDSO_DLFCN -DHAVE_DLFCN_H -ffunction-sections -fdata-sections -mips2 -mabi=32 -O3 -Wall -DBN_DIV3W -DOPENSSL_BN_ASM_MONT -DSHA1_ASM -DSHA256_ASM -DAES_ASM   -c -o ec2_oct.o ec2_oct.c
mipsel-uclibc-gcc -I.. -I../.. -I../modes -I../asn1 -I../evp -I../../include  -fPIC -DOPENSSL_PIC -DOPENSSL_THREADS -D_REENTRANT -DDSO_DLFCN -DHAVE_DLFCN_H -ffunction-sections -fdata-sections -mips2 -mabi=32 -O3 -Wall -DBN_DIV3W -DOPENSSL_BN_ASM_MONT -DSHA1_ASM -DSHA256_ASM -DAES_ASM   -c -o ec_oct.o ec_oct.c
ar  r ../../libcrypto.a ec_lib.o ecp_smpl.o ecp_mont.o ecp_nist.o ec_cvt.o ec_mult.o ec_err.o ec_curve.o ec_check.o ec_print.o ec_asn1.o ec_key.o ec2_smpl.o ec2_mult.o ec_ameth.o ec_pmeth.o eck_prn.o ecp_nistp224.o ecp_nistp256.o ecp_nistp521.o ecp_nistputil.o ecp_oct.o ec2_oct.o ec_oct.o 
ranlib ../../libcrypto.a || echo Never mind.
make[6]: Leaving directory '/home/jamie/asuswrt-merlin/release/src/router/openssl/crypto/ec'
making all in crypto/rsa...
make[6]: Entering directory '/home/jamie/asuswrt-merlin/release/src/router/openssl/crypto/rsa'
mipsel-uclibc-gcc -I.. -I../.. -I../modes -I../asn1 -I../evp -I../../include  -fPIC -DOPENSSL_PIC -DOPENSSL_THREADS -D_REENTRANT -DDSO_DLFCN -DHAVE_DLFCN_H -ffunction-sections -fdata-sections -mips2 -mabi=32 -O3 -Wall -DBN_DIV3W -DOPENSSL_BN_ASM_MONT -DSHA1_ASM -DSHA256_ASM -DAES_ASM   -c -o rsa_eay.o rsa_eay.c
mipsel-uclibc-gcc -I.. -I../.. -I../modes -I../asn1 -I../evp -I../../include  -fPIC -DOPENSSL_PIC -DOPENSSL_THREADS -D_REENTRANT -DDSO_DLFCN -DHAVE_DLFCN_H -ffunction-sections -fdata-sections -mips2 -mabi=32 -O3 -Wall -DBN_DIV3W -DOPENSSL_BN_ASM_MONT -DSHA1_ASM -DSHA256_ASM -DAES_ASM   -c -o rsa_gen.o rsa_gen.c
mipsel-uclibc-gcc -I.. -I../.. -I../modes -I../asn1 -I../evp -I../../include  -fPIC -DOPENSSL_PIC -DOPENSSL_THREADS -D_REENTRANT -DDSO_DLFCN -DHAVE_DLFCN_H -ffunction-sections -fdata-sections -mips2 -mabi=32 -O3 -Wall -DBN_DIV3W -DOPENSSL_BN_ASM_MONT -DSHA1_ASM -DSHA256_ASM -DAES_ASM   -c -o rsa_lib.o rsa_lib.c
mipsel-uclibc-gcc -I.. -I../.. -I../modes -I../asn1 -I../evp -I../../include  -fPIC -DOPENSSL_PIC -DOPENSSL_THREADS -D_REENTRANT -DDSO_DLFCN -DHAVE_DLFCN_H -ffunction-sections -fdata-sections -mips2 -mabi=32 -O3 -Wall -DBN_DIV3W -DOPENSSL_BN_ASM_MONT -DSHA1_ASM -DSHA256_ASM -DAES_ASM   -c -o rsa_sign.o rsa_sign.c
mipsel-uclibc-gcc -I.. -I../.. -I../modes -I../asn1 -I../evp -I../../include  -fPIC -DOPENSSL_PIC -DOPENSSL_THREADS -D_REENTRANT -DDSO_DLFCN -DHAVE_DLFCN_H -ffunction-sections -fdata-sections -mips2 -mabi=32 -O3 -Wall -DBN_DIV3W -DOPENSSL_BN_ASM_MONT -DSHA1_ASM -DSHA256_ASM -DAES_ASM   -c -o rsa_saos.o rsa_saos.c
mipsel-uclibc-gcc -I.. -I../.. -I../modes -I../asn1 -I../evp -I../../include  -fPIC -DOPENSSL_PIC -DOPENSSL_THREADS -D_REENTRANT -DDSO_DLFCN -DHAVE_DLFCN_H -ffunction-sections -fdata-sections -mips2 -mabi=32 -O3 -Wall -DBN_DIV3W -DOPENSSL_BN_ASM_MONT -DSHA1_ASM -DSHA256_ASM -DAES_ASM   -c -o rsa_err.o rsa_err.c
mipsel-uclibc-gcc -I.. -I../.. -I../modes -I../asn1 -I../evp -I../../include  -fPIC -DOPENSSL_PIC -DOPENSSL_THREADS -D_REENTRANT -DDSO_DLFCN -DHAVE_DLFCN_H -ffunction-sections -fdata-sections -mips2 -mabi=32 -O3 -Wall -DBN_DIV3W -DOPENSSL_BN_ASM_MONT -DSHA1_ASM -DSHA256_ASM -DAES_ASM   -c -o rsa_pk1.o rsa_pk1.c
mipsel-uclibc-gcc -I.. -I../.. -I../modes -I../asn1 -I../evp -I../../include  -fPIC -DOPENSSL_PIC -DOPENSSL_THREADS -D_REENTRANT -DDSO_DLFCN -DHAVE_DLFCN_H -ffunction-sections -fdata-sections -mips2 -mabi=32 -O3 -Wall -DBN_DIV3W -DOPENSSL_BN_ASM_MONT -DSHA1_ASM -DSHA256_ASM -DAES_ASM   -c -o rsa_ssl.o rsa_ssl.c
mipsel-uclibc-gcc -I.. -I../.. -I../modes -I../asn1 -I../evp -I../../include  -fPIC -DOPENSSL_PIC -DOPENSSL_THREADS -D_REENTRANT -DDSO_DLFCN -DHAVE_DLFCN_H -ffunction-sections -fdata-sections -mips2 -mabi=32 -O3 -Wall -DBN_DIV3W -DOPENSSL_BN_ASM_MONT -DSHA1_ASM -DSHA256_ASM -DAES_ASM   -c -o rsa_none.o rsa_none.c
mipsel-uclibc-gcc -I.. -I../.. -I../modes -I../asn1 -I../evp -I../../include  -fPIC -DOPENSSL_PIC -DOPENSSL_THREADS -D_REENTRANT -DDSO_DLFCN -DHAVE_DLFCN_H -ffunction-sections -fdata-sections -mips2 -mabi=32 -O3 -Wall -DBN_DIV3W -DOPENSSL_BN_ASM_MONT -DSHA1_ASM -DSHA256_ASM -DAES_ASM   -c -o rsa_oaep.o rsa_oaep.c
rsa_oaep.c: In function 'RSA_padding_check_PKCS1_OAEP_mgf1':
rsa_oaep.c:123: warning: 'dblen' may be used uninitialized in this function
mipsel-uclibc-gcc -I.. -I../.. -I../modes -I../asn1 -I../evp -I../../include  -fPIC -DOPENSSL_PIC -DOPENSSL_THREADS -D_REENTRANT -DDSO_DLFCN -DHAVE_DLFCN_H -ffunction-sections -fdata-sections -mips2 -mabi=32 -O3 -Wall -DBN_DIV3W -DOPENSSL_BN_ASM_MONT -DSHA1_ASM -DSHA256_ASM -DAES_ASM   -c -o rsa_chk.o rsa_chk.c
mipsel-uclibc-gcc -I.. -I../.. -I../modes -I../asn1 -I../evp -I../../include  -fPIC -DOPENSSL_PIC -DOPENSSL_THREADS -D_REENTRANT -DDSO_DLFCN -DHAVE_DLFCN_H -ffunction-sections -fdata-sections -mips2 -mabi=32 -O3 -Wall -DBN_DIV3W -DOPENSSL_BN_ASM_MONT -DSHA1_ASM -DSHA256_ASM -DAES_ASM   -c -o rsa_null.o rsa_null.c
mipsel-uclibc-gcc -I.. -I../.. -I../modes -I../asn1 -I../evp -I../../include  -fPIC -DOPENSSL_PIC -DOPENSSL_THREADS -D_REENTRANT -DDSO_DLFCN -DHAVE_DLFCN_H -ffunction-sections -fdata-sections -mips2 -mabi=32 -O3 -Wall -DBN_DIV3W -DOPENSSL_BN_ASM_MONT -DSHA1_ASM -DSHA256_ASM -DAES_ASM   -c -o rsa_pss.o rsa_pss.c
mipsel-uclibc-gcc -I.. -I../.. -I../modes -I../asn1 -I../evp -I../../include  -fPIC -DOPENSSL_PIC -DOPENSSL_THREADS -D_REENTRANT -DDSO_DLFCN -DHAVE_DLFCN_H -ffunction-sections -fdata-sections -mips2 -mabi=32 -O3 -Wall -DBN_DIV3W -DOPENSSL_BN_ASM_MONT -DSHA1_ASM -DSHA256_ASM -DAES_ASM   -c -o rsa_x931.o rsa_x931.c
mipsel-uclibc-gcc -I.. -I../.. -I../modes -I../asn1 -I../evp -I../../include  -fPIC -DOPENSSL_PIC -DOPENSSL_THREADS -D_REENTRANT -DDSO_DLFCN -DHAVE_DLFCN_H -ffunction-sections -fdata-sections -mips2 -mabi=32 -O3 -Wall -DBN_DIV3W -DOPENSSL_BN_ASM_MONT -DSHA1_ASM -DSHA256_ASM -DAES_ASM   -c -o rsa_asn1.o rsa_asn1.c
mipsel-uclibc-gcc -I.. -I../.. -I../modes -I../asn1 -I../evp -I../../include  -fPIC -DOPENSSL_PIC -DOPENSSL_THREADS -D_REENTRANT -DDSO_DLFCN -DHAVE_DLFCN_H -ffunction-sections -fdata-sections -mips2 -mabi=32 -O3 -Wall -DBN_DIV3W -DOPENSSL_BN_ASM_MONT -DSHA1_ASM -DSHA256_ASM -DAES_ASM   -c -o rsa_depr.o rsa_depr.c
mipsel-uclibc-gcc -I.. -I../.. -I../modes -I../asn1 -I../evp -I../../include  -fPIC -DOPENSSL_PIC -DOPENSSL_THREADS -D_REENTRANT -DDSO_DLFCN -DHAVE_DLFCN_H -ffunction-sections -fdata-sections -mips2 -mabi=32 -O3 -Wall -DBN_DIV3W -DOPENSSL_BN_ASM_MONT -DSHA1_ASM -DSHA256_ASM -DAES_ASM   -c -o rsa_ameth.o rsa_ameth.c
mipsel-uclibc-gcc -I.. -I../.. -I../modes -I../asn1 -I../evp -I../../include  -fPIC -DOPENSSL_PIC -DOPENSSL_THREADS -D_REENTRANT -DDSO_DLFCN -DHAVE_DLFCN_H -ffunction-sections -fdata-sections -mips2 -mabi=32 -O3 -Wall -DBN_DIV3W -DOPENSSL_BN_ASM_MONT -DSHA1_ASM -DSHA256_ASM -DAES_ASM   -c -o rsa_prn.o rsa_prn.c
mipsel-uclibc-gcc -I.. -I../.. -I../modes -I../asn1 -I../evp -I../../include  -fPIC -DOPENSSL_PIC -DOPENSSL_THREADS -D_REENTRANT -DDSO_DLFCN -DHAVE_DLFCN_H -ffunction-sections -fdata-sections -mips2 -mabi=32 -O3 -Wall -DBN_DIV3W -DOPENSSL_BN_ASM_MONT -DSHA1_ASM -DSHA256_ASM -DAES_ASM   -c -o rsa_pmeth.o rsa_pmeth.c
mipsel-uclibc-gcc -I.. -I../.. -I../modes -I../asn1 -I../evp -I../../include  -fPIC -DOPENSSL_PIC -DOPENSSL_THREADS -D_REENTRANT -DDSO_DLFCN -DHAVE_DLFCN_H -ffunction-sections -fdata-sections -mips2 -mabi=32 -O3 -Wall -DBN_DIV3W -DOPENSSL_BN_ASM_MONT -DSHA1_ASM -DSHA256_ASM -DAES_ASM   -c -o rsa_crpt.o rsa_crpt.c
ar  r ../../libcrypto.a rsa_eay.o rsa_gen.o rsa_lib.o rsa_sign.o rsa_saos.o rsa_err.o rsa_pk1.o rsa_ssl.o rsa_none.o rsa_oaep.o rsa_chk.o rsa_null.o rsa_pss.o rsa_x931.o rsa_asn1.o rsa_depr.o rsa_ameth.o rsa_prn.o rsa_pmeth.o rsa_crpt.o
ranlib ../../libcrypto.a || echo Never mind.
make[6]: Leaving directory '/home/jamie/asuswrt-merlin/release/src/router/openssl/crypto/rsa'
making all in crypto/dsa...
make[6]: Entering directory '/home/jamie/asuswrt-merlin/release/src/router/openssl/crypto/dsa'
mipsel-uclibc-gcc -I.. -I../.. -I../modes -I../asn1 -I../evp -I../../include  -fPIC -DOPENSSL_PIC -DOPENSSL_THREADS -D_REENTRANT -DDSO_DLFCN -DHAVE_DLFCN_H -ffunction-sections -fdata-sections -mips2 -mabi=32 -O3 -Wall -DBN_DIV3W -DOPENSSL_BN_ASM_MONT -DSHA1_ASM -DSHA256_ASM -DAES_ASM   -c -o dsa_gen.o dsa_gen.c
mipsel-uclibc-gcc -I.. -I../.. -I../modes -I../asn1 -I../evp -I../../include  -fPIC -DOPENSSL_PIC -DOPENSSL_THREADS -D_REENTRANT -DDSO_DLFCN -DHAVE_DLFCN_H -ffunction-sections -fdata-sections -mips2 -mabi=32 -O3 -Wall -DBN_DIV3W -DOPENSSL_BN_ASM_MONT -DSHA1_ASM -DSHA256_ASM -DAES_ASM   -c -o dsa_key.o dsa_key.c
mipsel-uclibc-gcc -I.. -I../.. -I../modes -I../asn1 -I../evp -I../../include  -fPIC -DOPENSSL_PIC -DOPENSSL_THREADS -D_REENTRANT -DDSO_DLFCN -DHAVE_DLFCN_H -ffunction-sections -fdata-sections -mips2 -mabi=32 -O3 -Wall -DBN_DIV3W -DOPENSSL_BN_ASM_MONT -DSHA1_ASM -DSHA256_ASM -DAES_ASM   -c -o dsa_lib.o dsa_lib.c
mipsel-uclibc-gcc -I.. -I../.. -I../modes -I../asn1 -I../evp -I../../include  -fPIC -DOPENSSL_PIC -DOPENSSL_THREADS -D_REENTRANT -DDSO_DLFCN -DHAVE_DLFCN_H -ffunction-sections -fdata-sections -mips2 -mabi=32 -O3 -Wall -DBN_DIV3W -DOPENSSL_BN_ASM_MONT -DSHA1_ASM -DSHA256_ASM -DAES_ASM   -c -o dsa_asn1.o dsa_asn1.c
mipsel-uclibc-gcc -I.. -I../.. -I../modes -I../asn1 -I../evp -I../../include  -fPIC -DOPENSSL_PIC -DOPENSSL_THREADS -D_REENTRANT -DDSO_DLFCN -DHAVE_DLFCN_H -ffunction-sections -fdata-sections -mips2 -mabi=32 -O3 -Wall -DBN_DIV3W -DOPENSSL_BN_ASM_MONT -DSHA1_ASM -DSHA256_ASM -DAES_ASM   -c -o dsa_vrf.o dsa_vrf.c
mipsel-uclibc-gcc -I.. -I../.. -I../modes -I../asn1 -I../evp -I../../include  -fPIC -DOPENSSL_PIC -DOPENSSL_THREADS -D_REENTRANT -DDSO_DLFCN -DHAVE_DLFCN_H -ffunction-sections -fdata-sections -mips2 -mabi=32 -O3 -Wall -DBN_DIV3W -DOPENSSL_BN_ASM_MONT -DSHA1_ASM -DSHA256_ASM -DAES_ASM   -c -o dsa_sign.o dsa_sign.c
mipsel-uclibc-gcc -I.. -I../.. -I../modes -I../asn1 -I../evp -I../../include  -fPIC -DOPENSSL_PIC -DOPENSSL_THREADS -D_REENTRANT -DDSO_DLFCN -DHAVE_DLFCN_H -ffunction-sections -fdata-sections -mips2 -mabi=32 -O3 -Wall -DBN_DIV3W -DOPENSSL_BN_ASM_MONT -DSHA1_ASM -DSHA256_ASM -DAES_ASM   -c -o dsa_err.o dsa_err.c
mipsel-uclibc-gcc -I.. -I../.. -I../modes -I../asn1 -I../evp -I../../include  -fPIC -DOPENSSL_PIC -DOPENSSL_THREADS -D_REENTRANT -DDSO_DLFCN -DHAVE_DLFCN_H -ffunction-sections -fdata-sections -mips2 -mabi=32 -O3 -Wall -DBN_DIV3W -DOPENSSL_BN_ASM_MONT -DSHA1_ASM -DSHA256_ASM -DAES_ASM   -c -o dsa_ossl.o dsa_ossl.c
mipsel-uclibc-gcc -I.. -I../.. -I../modes -I../asn1 -I../evp -I../../include  -fPIC -DOPENSSL_PIC -DOPENSSL_THREADS -D_REENTRANT -DDSO_DLFCN -DHAVE_DLFCN_H -ffunction-sections -fdata-sections -mips2 -mabi=32 -O3 -Wall -DBN_DIV3W -DOPENSSL_BN_ASM_MONT -DSHA1_ASM -DSHA256_ASM -DAES_ASM   -c -o dsa_depr.o dsa_depr.c
mipsel-uclibc-gcc -I.. -I../.. -I../modes -I../asn1 -I../evp -I../../include  -fPIC -DOPENSSL_PIC -DOPENSSL_THREADS -D_REENTRANT -DDSO_DLFCN -DHAVE_DLFCN_H -ffunction-sections -fdata-sections -mips2 -mabi=32 -O3 -Wall -DBN_DIV3W -DOPENSSL_BN_ASM_MONT -DSHA1_ASM -DSHA256_ASM -DAES_ASM   -c -o dsa_ameth.o dsa_ameth.c
mipsel-uclibc-gcc -I.. -I../.. -I../modes -I../asn1 -I../evp -I../../include  -fPIC -DOPENSSL_PIC -DOPENSSL_THREADS -D_REENTRANT -DDSO_DLFCN -DHAVE_DLFCN_H -ffunction-sections -fdata-sections -mips2 -mabi=32 -O3 -Wall -DBN_DIV3W -DOPENSSL_BN_ASM_MONT -DSHA1_ASM -DSHA256_ASM -DAES_ASM   -c -o dsa_pmeth.o dsa_pmeth.c
mipsel-uclibc-gcc -I.. -I../.. -I../modes -I../asn1 -I../evp -I../../include  -fPIC -DOPENSSL_PIC -DOPENSSL_THREADS -D_REENTRANT -DDSO_DLFCN -DHAVE_DLFCN_H -ffunction-sections -fdata-sections -mips2 -mabi=32 -O3 -Wall -DBN_DIV3W -DOPENSSL_BN_ASM_MONT -DSHA1_ASM -DSHA256_ASM -DAES_ASM   -c -o dsa_prn.o dsa_prn.c
ar  r ../../libcrypto.a dsa_gen.o dsa_key.o dsa_lib.o dsa_asn1.o dsa_vrf.o dsa_sign.o dsa_err.o dsa_ossl.o dsa_depr.o dsa_ameth.o dsa_pmeth.o dsa_prn.o
ranlib ../../libcrypto.a || echo Never mind.
make[6]: Leaving directory '/home/jamie/asuswrt-merlin/release/src/router/openssl/crypto/dsa'
making all in crypto/ecdsa...
make[6]: Entering directory '/home/jamie/asuswrt-merlin/release/src/router/openssl/crypto/ecdsa'
mipsel-uclibc-gcc -I.. -I../.. -I../modes -I../asn1 -I../evp -I../../include  -fPIC -DOPENSSL_PIC -DOPENSSL_THREADS -D_REENTRANT -DDSO_DLFCN -DHAVE_DLFCN_H -ffunction-sections -fdata-sections -mips2 -mabi=32 -O3 -Wall -DBN_DIV3W -DOPENSSL_BN_ASM_MONT -DSHA1_ASM -DSHA256_ASM -DAES_ASM   -c -o ecs_lib.o ecs_lib.c
mipsel-uclibc-gcc -I.. -I../.. -I../modes -I../asn1 -I../evp -I../../include  -fPIC -DOPENSSL_PIC -DOPENSSL_THREADS -D_REENTRANT -DDSO_DLFCN -DHAVE_DLFCN_H -ffunction-sections -fdata-sections -mips2 -mabi=32 -O3 -Wall -DBN_DIV3W -DOPENSSL_BN_ASM_MONT -DSHA1_ASM -DSHA256_ASM -DAES_ASM   -c -o ecs_asn1.o ecs_asn1.c
mipsel-uclibc-gcc -I.. -I../.. -I../modes -I../asn1 -I../evp -I../../include  -fPIC -DOPENSSL_PIC -DOPENSSL_THREADS -D_REENTRANT -DDSO_DLFCN -DHAVE_DLFCN_H -ffunction-sections -fdata-sections -mips2 -mabi=32 -O3 -Wall -DBN_DIV3W -DOPENSSL_BN_ASM_MONT -DSHA1_ASM -DSHA256_ASM -DAES_ASM   -c -o ecs_ossl.o ecs_ossl.c
mipsel-uclibc-gcc -I.. -I../.. -I../modes -I../asn1 -I../evp -I../../include  -fPIC -DOPENSSL_PIC -DOPENSSL_THREADS -D_REENTRANT -DDSO_DLFCN -DHAVE_DLFCN_H -ffunction-sections -fdata-sections -mips2 -mabi=32 -O3 -Wall -DBN_DIV3W -DOPENSSL_BN_ASM_MONT -DSHA1_ASM -DSHA256_ASM -DAES_ASM   -c -o ecs_sign.o ecs_sign.c
mipsel-uclibc-gcc -I.. -I../.. -I../modes -I../asn1 -I../evp -I../../include  -fPIC -DOPENSSL_PIC -DOPENSSL_THREADS -D_REENTRANT -DDSO_DLFCN -DHAVE_DLFCN_H -ffunction-sections -fdata-sections -mips2 -mabi=32 -O3 -Wall -DBN_DIV3W -DOPENSSL_BN_ASM_MONT -DSHA1_ASM -DSHA256_ASM -DAES_ASM   -c -o ecs_vrf.o ecs_vrf.c
mipsel-uclibc-gcc -I.. -I../.. -I../modes -I../asn1 -I../evp -I../../include  -fPIC -DOPENSSL_PIC -DOPENSSL_THREADS -D_REENTRANT -DDSO_DLFCN -DHAVE_DLFCN_H -ffunction-sections -fdata-sections -mips2 -mabi=32 -O3 -Wall -DBN_DIV3W -DOPENSSL_BN_ASM_MONT -DSHA1_ASM -DSHA256_ASM -DAES_ASM   -c -o ecs_err.o ecs_err.c
ar  r ../../libcrypto.a ecs_lib.o ecs_asn1.o ecs_ossl.o ecs_sign.o ecs_vrf.o ecs_err.o
ranlib ../../libcrypto.a || echo Never mind.
make[6]: Leaving directory '/home/jamie/asuswrt-merlin/release/src/router/openssl/crypto/ecdsa'
making all in crypto/dh...
make[6]: Entering directory '/home/jamie/asuswrt-merlin/release/src/router/openssl/crypto/dh'
mipsel-uclibc-gcc -I.. -I../.. -I../modes -I../asn1 -I../evp -I../../include  -fPIC -DOPENSSL_PIC -DOPENSSL_THREADS -D_REENTRANT -DDSO_DLFCN -DHAVE_DLFCN_H -ffunction-sections -fdata-sections -mips2 -mabi=32 -O3 -Wall -DBN_DIV3W -DOPENSSL_BN_ASM_MONT -DSHA1_ASM -DSHA256_ASM -DAES_ASM   -c -o dh_asn1.o dh_asn1.c
mipsel-uclibc-gcc -I.. -I../.. -I../modes -I../asn1 -I../evp -I../../include  -fPIC -DOPENSSL_PIC -DOPENSSL_THREADS -D_REENTRANT -DDSO_DLFCN -DHAVE_DLFCN_H -ffunction-sections -fdata-sections -mips2 -mabi=32 -O3 -Wall -DBN_DIV3W -DOPENSSL_BN_ASM_MONT -DSHA1_ASM -DSHA256_ASM -DAES_ASM   -c -o dh_gen.o dh_gen.c
mipsel-uclibc-gcc -I.. -I../.. -I../modes -I../asn1 -I../evp -I../../include  -fPIC -DOPENSSL_PIC -DOPENSSL_THREADS -D_REENTRANT -DDSO_DLFCN -DHAVE_DLFCN_H -ffunction-sections -fdata-sections -mips2 -mabi=32 -O3 -Wall -DBN_DIV3W -DOPENSSL_BN_ASM_MONT -DSHA1_ASM -DSHA256_ASM -DAES_ASM   -c -o dh_key.o dh_key.c
mipsel-uclibc-gcc -I.. -I../.. -I../modes -I../asn1 -I../evp -I../../include  -fPIC -DOPENSSL_PIC -DOPENSSL_THREADS -D_REENTRANT -DDSO_DLFCN -DHAVE_DLFCN_H -ffunction-sections -fdata-sections -mips2 -mabi=32 -O3 -Wall -DBN_DIV3W -DOPENSSL_BN_ASM_MONT -DSHA1_ASM -DSHA256_ASM -DAES_ASM   -c -o dh_lib.o dh_lib.c
mipsel-uclibc-gcc -I.. -I../.. -I../modes -I../asn1 -I../evp -I../../include  -fPIC -DOPENSSL_PIC -DOPENSSL_THREADS -D_REENTRANT -DDSO_DLFCN -DHAVE_DLFCN_H -ffunction-sections -fdata-sections -mips2 -mabi=32 -O3 -Wall -DBN_DIV3W -DOPENSSL_BN_ASM_MONT -DSHA1_ASM -DSHA256_ASM -DAES_ASM   -c -o dh_check.o dh_check.c
mipsel-uclibc-gcc -I.. -I../.. -I../modes -I../asn1 -I../evp -I../../include  -fPIC -DOPENSSL_PIC -DOPENSSL_THREADS -D_REENTRANT -DDSO_DLFCN -DHAVE_DLFCN_H -ffunction-sections -fdata-sections -mips2 -mabi=32 -O3 -Wall -DBN_DIV3W -DOPENSSL_BN_ASM_MONT -DSHA1_ASM -DSHA256_ASM -DAES_ASM   -c -o dh_err.o dh_err.c
mipsel-uclibc-gcc -I.. -I../.. -I../modes -I../asn1 -I../evp -I../../include  -fPIC -DOPENSSL_PIC -DOPENSSL_THREADS -D_REENTRANT -DDSO_DLFCN -DHAVE_DLFCN_H -ffunction-sections -fdata-sections -mips2 -mabi=32 -O3 -Wall -DBN_DIV3W -DOPENSSL_BN_ASM_MONT -DSHA1_ASM -DSHA256_ASM -DAES_ASM   -c -o dh_depr.o dh_depr.c
mipsel-uclibc-gcc -I.. -I../.. -I../modes -I../asn1 -I../evp -I../../include  -fPIC -DOPENSSL_PIC -DOPENSSL_THREADS -D_REENTRANT -DDSO_DLFCN -DHAVE_DLFCN_H -ffunction-sections -fdata-sections -mips2 -mabi=32 -O3 -Wall -DBN_DIV3W -DOPENSSL_BN_ASM_MONT -DSHA1_ASM -DSHA256_ASM -DAES_ASM   -c -o dh_ameth.o dh_ameth.c
mipsel-uclibc-gcc -I.. -I../.. -I../modes -I../asn1 -I../evp -I../../include  -fPIC -DOPENSSL_PIC -DOPENSSL_THREADS -D_REENTRANT -DDSO_DLFCN -DHAVE_DLFCN_H -ffunction-sections -fdata-sections -mips2 -mabi=32 -O3 -Wall -DBN_DIV3W -DOPENSSL_BN_ASM_MONT -DSHA1_ASM -DSHA256_ASM -DAES_ASM   -c -o dh_pmeth.o dh_pmeth.c
mipsel-uclibc-gcc -I.. -I../.. -I../modes -I../asn1 -I../evp -I../../include  -fPIC -DOPENSSL_PIC -DOPENSSL_THREADS -D_REENTRANT -DDSO_DLFCN -DHAVE_DLFCN_H -ffunction-sections -fdata-sections -mips2 -mabi=32 -O3 -Wall -DBN_DIV3W -DOPENSSL_BN_ASM_MONT -DSHA1_ASM -DSHA256_ASM -DAES_ASM   -c -o dh_prn.o dh_prn.c
mipsel-uclibc-gcc -I.. -I../.. -I../modes -I../asn1 -I../evp -I../../include  -fPIC -DOPENSSL_PIC -DOPENSSL_THREADS -D_REENTRANT -DDSO_DLFCN -DHAVE_DLFCN_H -ffunction-sections -fdata-sections -mips2 -mabi=32 -O3 -Wall -DBN_DIV3W -DOPENSSL_BN_ASM_MONT -DSHA1_ASM -DSHA256_ASM -DAES_ASM   -c -o dh_rfc5114.o dh_rfc5114.c
mipsel-uclibc-gcc -I.. -I../.. -I../modes -I../asn1 -I../evp -I../../include  -fPIC -DOPENSSL_PIC -DOPENSSL_THREADS -D_REENTRANT -DDSO_DLFCN -DHAVE_DLFCN_H -ffunction-sections -fdata-sections -mips2 -mabi=32 -O3 -Wall -DBN_DIV3W -DOPENSSL_BN_ASM_MONT -DSHA1_ASM -DSHA256_ASM -DAES_ASM   -c -o dh_kdf.o dh_kdf.c
ar  r ../../libcrypto.a dh_asn1.o dh_gen.o dh_key.o dh_lib.o dh_check.o dh_err.o dh_depr.o dh_ameth.o dh_pmeth.o dh_prn.o dh_rfc5114.o dh_kdf.o
ranlib ../../libcrypto.a || echo Never mind.
make[6]: Leaving directory '/home/jamie/asuswrt-merlin/release/src/router/openssl/crypto/dh'
making all in crypto/ecdh...
make[6]: Entering directory '/home/jamie/asuswrt-merlin/release/src/router/openssl/crypto/ecdh'
mipsel-uclibc-gcc -I.. -I../.. -I../modes -I../asn1 -I../evp -I../../include  -fPIC -DOPENSSL_PIC -DOPENSSL_THREADS -D_REENTRANT -DDSO_DLFCN -DHAVE_DLFCN_H -ffunction-sections -fdata-sections -mips2 -mabi=32 -O3 -Wall -DBN_DIV3W -DOPENSSL_BN_ASM_MONT -DSHA1_ASM -DSHA256_ASM -DAES_ASM   -c -o ech_lib.o ech_lib.c
mipsel-uclibc-gcc -I.. -I../.. -I../modes -I../asn1 -I../evp -I../../include  -fPIC -DOPENSSL_PIC -DOPENSSL_THREADS -D_REENTRANT -DDSO_DLFCN -DHAVE_DLFCN_H -ffunction-sections -fdata-sections -mips2 -mabi=32 -O3 -Wall -DBN_DIV3W -DOPENSSL_BN_ASM_MONT -DSHA1_ASM -DSHA256_ASM -DAES_ASM   -c -o ech_ossl.o ech_ossl.c
ech_ossl.c: In function 'ecdh_compute_key':
ech_ossl.c:119: warning: 'buflen' may be used uninitialized in this function
mipsel-uclibc-gcc -I.. -I../.. -I../modes -I../asn1 -I../evp -I../../include  -fPIC -DOPENSSL_PIC -DOPENSSL_THREADS -D_REENTRANT -DDSO_DLFCN -DHAVE_DLFCN_H -ffunction-sections -fdata-sections -mips2 -mabi=32 -O3 -Wall -DBN_DIV3W -DOPENSSL_BN_ASM_MONT -DSHA1_ASM -DSHA256_ASM -DAES_ASM   -c -o ech_key.o ech_key.c
mipsel-uclibc-gcc -I.. -I../.. -I../modes -I../asn1 -I../evp -I../../include  -fPIC -DOPENSSL_PIC -DOPENSSL_THREADS -D_REENTRANT -DDSO_DLFCN -DHAVE_DLFCN_H -ffunction-sections -fdata-sections -mips2 -mabi=32 -O3 -Wall -DBN_DIV3W -DOPENSSL_BN_ASM_MONT -DSHA1_ASM -DSHA256_ASM -DAES_ASM   -c -o ech_err.o ech_err.c
mipsel-uclibc-gcc -I.. -I../.. -I../modes -I../asn1 -I../evp -I../../include  -fPIC -DOPENSSL_PIC -DOPENSSL_THREADS -D_REENTRANT -DDSO_DLFCN -DHAVE_DLFCN_H -ffunction-sections -fdata-sections -mips2 -mabi=32 -O3 -Wall -DBN_DIV3W -DOPENSSL_BN_ASM_MONT -DSHA1_ASM -DSHA256_ASM -DAES_ASM   -c -o ech_kdf.o ech_kdf.c
ar  r ../../libcrypto.a ech_lib.o ech_ossl.o ech_key.o ech_err.o ech_kdf.o
ranlib ../../libcrypto.a || echo Never mind.
make[6]: Leaving directory '/home/jamie/asuswrt-merlin/release/src/router/openssl/crypto/ecdh'
making all in crypto/dso...
make[6]: Entering directory '/home/jamie/asuswrt-merlin/release/src/router/openssl/crypto/dso'
mipsel-uclibc-gcc -I.. -I../.. -I../modes -I../asn1 -I../evp -I../../include  -fPIC -DOPENSSL_PIC -DOPENSSL_THREADS -D_REENTRANT -DDSO_DLFCN -DHAVE_DLFCN_H -ffunction-sections -fdata-sections -mips2 -mabi=32 -O3 -Wall -DBN_DIV3W -DOPENSSL_BN_ASM_MONT -DSHA1_ASM -DSHA256_ASM -DAES_ASM   -c -o dso_dl.o dso_dl.c
mipsel-uclibc-gcc -I.. -I../.. -I../modes -I../asn1 -I../evp -I../../include  -fPIC -DOPENSSL_PIC -DOPENSSL_THREADS -D_REENTRANT -DDSO_DLFCN -DHAVE_DLFCN_H -ffunction-sections -fdata-sections -mips2 -mabi=32 -O3 -Wall -DBN_DIV3W -DOPENSSL_BN_ASM_MONT -DSHA1_ASM -DSHA256_ASM -DAES_ASM   -c -o dso_dlfcn.o dso_dlfcn.c
mipsel-uclibc-gcc -I.. -I../.. -I../modes -I../asn1 -I../evp -I../../include  -fPIC -DOPENSSL_PIC -DOPENSSL_THREADS -D_REENTRANT -DDSO_DLFCN -DHAVE_DLFCN_H -ffunction-sections -fdata-sections -mips2 -mabi=32 -O3 -Wall -DBN_DIV3W -DOPENSSL_BN_ASM_MONT -DSHA1_ASM -DSHA256_ASM -DAES_ASM   -c -o dso_err.o dso_err.c
mipsel-uclibc-gcc -I.. -I../.. -I../modes -I../asn1 -I../evp -I../../include  -fPIC -DOPENSSL_PIC -DOPENSSL_THREADS -D_REENTRANT -DDSO_DLFCN -DHAVE_DLFCN_H -ffunction-sections -fdata-sections -mips2 -mabi=32 -O3 -Wall -DBN_DIV3W -DOPENSSL_BN_ASM_MONT -DSHA1_ASM -DSHA256_ASM -DAES_ASM   -c -o dso_lib.o dso_lib.c
mipsel-uclibc-gcc -I.. -I../.. -I../modes -I../asn1 -I../evp -I../../include  -fPIC -DOPENSSL_PIC -DOPENSSL_THREADS -D_REENTRANT -DDSO_DLFCN -DHAVE_DLFCN_H -ffunction-sections -fdata-sections -mips2 -mabi=32 -O3 -Wall -DBN_DIV3W -DOPENSSL_BN_ASM_MONT -DSHA1_ASM -DSHA256_ASM -DAES_ASM   -c -o dso_null.o dso_null.c
mipsel-uclibc-gcc -I.. -I../.. -I../modes -I../asn1 -I../evp -I../../include  -fPIC -DOPENSSL_PIC -DOPENSSL_THREADS -D_REENTRANT -DDSO_DLFCN -DHAVE_DLFCN_H -ffunction-sections -fdata-sections -mips2 -mabi=32 -O3 -Wall -DBN_DIV3W -DOPENSSL_BN_ASM_MONT -DSHA1_ASM -DSHA256_ASM -DAES_ASM   -c -o dso_openssl.o dso_openssl.c
mipsel-uclibc-gcc -I.. -I../.. -I../modes -I../asn1 -I../evp -I../../include  -fPIC -DOPENSSL_PIC -DOPENSSL_THREADS -D_REENTRANT -DDSO_DLFCN -DHAVE_DLFCN_H -ffunction-sections -fdata-sections -mips2 -mabi=32 -O3 -Wall -DBN_DIV3W -DOPENSSL_BN_ASM_MONT -DSHA1_ASM -DSHA256_ASM -DAES_ASM   -c -o dso_win32.o dso_win32.c
mipsel-uclibc-gcc -I.. -I../.. -I../modes -I../asn1 -I../evp -I../../include  -fPIC -DOPENSSL_PIC -DOPENSSL_THREADS -D_REENTRANT -DDSO_DLFCN -DHAVE_DLFCN_H -ffunction-sections -fdata-sections -mips2 -mabi=32 -O3 -Wall -DBN_DIV3W -DOPENSSL_BN_ASM_MONT -DSHA1_ASM -DSHA256_ASM -DAES_ASM   -c -o dso_vms.o dso_vms.c
mipsel-uclibc-gcc -I.. -I../.. -I../modes -I../asn1 -I../evp -I../../include  -fPIC -DOPENSSL_PIC -DOPENSSL_THREADS -D_REENTRANT -DDSO_DLFCN -DHAVE_DLFCN_H -ffunction-sections -fdata-sections -mips2 -mabi=32 -O3 -Wall -DBN_DIV3W -DOPENSSL_BN_ASM_MONT -DSHA1_ASM -DSHA256_ASM -DAES_ASM   -c -o dso_beos.o dso_beos.c
ar  r ../../libcrypto.a dso_dl.o dso_dlfcn.o dso_err.o dso_lib.o dso_null.o dso_openssl.o dso_win32.o dso_vms.o dso_beos.o
ranlib ../../libcrypto.a || echo Never mind.
make[6]: Leaving directory '/home/jamie/asuswrt-merlin/release/src/router/openssl/crypto/dso'
making all in crypto/engine...
make[6]: Entering directory '/home/jamie/asuswrt-merlin/release/src/router/openssl/crypto/engine'
mipsel-uclibc-gcc -I.. -I../.. -I../modes -I../asn1 -I../evp -I../../include  -fPIC -DOPENSSL_PIC -DOPENSSL_THREADS -D_REENTRANT -DDSO_DLFCN -DHAVE_DLFCN_H -ffunction-sections -fdata-sections -mips2 -mabi=32 -O3 -Wall -DBN_DIV3W -DOPENSSL_BN_ASM_MONT -DSHA1_ASM -DSHA256_ASM -DAES_ASM   -c -o eng_err.o eng_err.c
mipsel-uclibc-gcc -I.. -I../.. -I../modes -I../asn1 -I../evp -I../../include  -fPIC -DOPENSSL_PIC -DOPENSSL_THREADS -D_REENTRANT -DDSO_DLFCN -DHAVE_DLFCN_H -ffunction-sections -fdata-sections -mips2 -mabi=32 -O3 -Wall -DBN_DIV3W -DOPENSSL_BN_ASM_MONT -DSHA1_ASM -DSHA256_ASM -DAES_ASM   -c -o eng_lib.o eng_lib.c
mipsel-uclibc-gcc -I.. -I../.. -I../modes -I../asn1 -I../evp -I../../include  -fPIC -DOPENSSL_PIC -DOPENSSL_THREADS -D_REENTRANT -DDSO_DLFCN -DHAVE_DLFCN_H -ffunction-sections -fdata-sections -mips2 -mabi=32 -O3 -Wall -DBN_DIV3W -DOPENSSL_BN_ASM_MONT -DSHA1_ASM -DSHA256_ASM -DAES_ASM   -c -o eng_list.o eng_list.c
mipsel-uclibc-gcc -I.. -I../.. -I../modes -I../asn1 -I../evp -I../../include  -fPIC -DOPENSSL_PIC -DOPENSSL_THREADS -D_REENTRANT -DDSO_DLFCN -DHAVE_DLFCN_H -ffunction-sections -fdata-sections -mips2 -mabi=32 -O3 -Wall -DBN_DIV3W -DOPENSSL_BN_ASM_MONT -DSHA1_ASM -DSHA256_ASM -DAES_ASM   -c -o eng_init.o eng_init.c
mipsel-uclibc-gcc -I.. -I../.. -I../modes -I../asn1 -I../evp -I../../include  -fPIC -DOPENSSL_PIC -DOPENSSL_THREADS -D_REENTRANT -DDSO_DLFCN -DHAVE_DLFCN_H -ffunction-sections -fdata-sections -mips2 -mabi=32 -O3 -Wall -DBN_DIV3W -DOPENSSL_BN_ASM_MONT -DSHA1_ASM -DSHA256_ASM -DAES_ASM   -c -o eng_ctrl.o eng_ctrl.c
mipsel-uclibc-gcc -I.. -I../.. -I../modes -I../asn1 -I../evp -I../../include  -fPIC -DOPENSSL_PIC -DOPENSSL_THREADS -D_REENTRANT -DDSO_DLFCN -DHAVE_DLFCN_H -ffunction-sections -fdata-sections -mips2 -mabi=32 -O3 -Wall -DBN_DIV3W -DOPENSSL_BN_ASM_MONT -DSHA1_ASM -DSHA256_ASM -DAES_ASM   -c -o eng_table.o eng_table.c
mipsel-uclibc-gcc -I.. -I../.. -I../modes -I../asn1 -I../evp -I../../include  -fPIC -DOPENSSL_PIC -DOPENSSL_THREADS -D_REENTRANT -DDSO_DLFCN -DHAVE_DLFCN_H -ffunction-sections -fdata-sections -mips2 -mabi=32 -O3 -Wall -DBN_DIV3W -DOPENSSL_BN_ASM_MONT -DSHA1_ASM -DSHA256_ASM -DAES_ASM   -c -o eng_pkey.o eng_pkey.c
mipsel-uclibc-gcc -I.. -I../.. -I../modes -I../asn1 -I../evp -I../../include  -fPIC -DOPENSSL_PIC -DOPENSSL_THREADS -D_REENTRANT -DDSO_DLFCN -DHAVE_DLFCN_H -ffunction-sections -fdata-sections -mips2 -mabi=32 -O3 -Wall -DBN_DIV3W -DOPENSSL_BN_ASM_MONT -DSHA1_ASM -DSHA256_ASM -DAES_ASM   -c -o eng_fat.o eng_fat.c
mipsel-uclibc-gcc -I.. -I../.. -I../modes -I../asn1 -I../evp -I../../include  -fPIC -DOPENSSL_PIC -DOPENSSL_THREADS -D_REENTRANT -DDSO_DLFCN -DHAVE_DLFCN_H -ffunction-sections -fdata-sections -mips2 -mabi=32 -O3 -Wall -DBN_DIV3W -DOPENSSL_BN_ASM_MONT -DSHA1_ASM -DSHA256_ASM -DAES_ASM   -c -o eng_all.o eng_all.c
mipsel-uclibc-gcc -I.. -I../.. -I../modes -I../asn1 -I../evp -I../../include  -fPIC -DOPENSSL_PIC -DOPENSSL_THREADS -D_REENTRANT -DDSO_DLFCN -DHAVE_DLFCN_H -ffunction-sections -fdata-sections -mips2 -mabi=32 -O3 -Wall -DBN_DIV3W -DOPENSSL_BN_ASM_MONT -DSHA1_ASM -DSHA256_ASM -DAES_ASM   -c -o tb_rsa.o tb_rsa.c
mipsel-uclibc-gcc -I.. -I../.. -I../modes -I../asn1 -I../evp -I../../include  -fPIC -DOPENSSL_PIC -DOPENSSL_THREADS -D_REENTRANT -DDSO_DLFCN -DHAVE_DLFCN_H -ffunction-sections -fdata-sections -mips2 -mabi=32 -O3 -Wall -DBN_DIV3W -DOPENSSL_BN_ASM_MONT -DSHA1_ASM -DSHA256_ASM -DAES_ASM   -c -o tb_dsa.o tb_dsa.c
mipsel-uclibc-gcc -I.. -I../.. -I../modes -I../asn1 -I../evp -I../../include  -fPIC -DOPENSSL_PIC -DOPENSSL_THREADS -D_REENTRANT -DDSO_DLFCN -DHAVE_DLFCN_H -ffunction-sections -fdata-sections -mips2 -mabi=32 -O3 -Wall -DBN_DIV3W -DOPENSSL_BN_ASM_MONT -DSHA1_ASM -DSHA256_ASM -DAES_ASM   -c -o tb_ecdsa.o tb_ecdsa.c
mipsel-uclibc-gcc -I.. -I../.. -I../modes -I../asn1 -I../evp -I../../include  -fPIC -DOPENSSL_PIC -DOPENSSL_THREADS -D_REENTRANT -DDSO_DLFCN -DHAVE_DLFCN_H -ffunction-sections -fdata-sections -mips2 -mabi=32 -O3 -Wall -DBN_DIV3W -DOPENSSL_BN_ASM_MONT -DSHA1_ASM -DSHA256_ASM -DAES_ASM   -c -o tb_dh.o tb_dh.c
mipsel-uclibc-gcc -I.. -I../.. -I../modes -I../asn1 -I../evp -I../../include  -fPIC -DOPENSSL_PIC -DOPENSSL_THREADS -D_REENTRANT -DDSO_DLFCN -DHAVE_DLFCN_H -ffunction-sections -fdata-sections -mips2 -mabi=32 -O3 -Wall -DBN_DIV3W -DOPENSSL_BN_ASM_MONT -DSHA1_ASM -DSHA256_ASM -DAES_ASM   -c -o tb_ecdh.o tb_ecdh.c
mipsel-uclibc-gcc -I.. -I../.. -I../modes -I../asn1 -I../evp -I../../include  -fPIC -DOPENSSL_PIC -DOPENSSL_THREADS -D_REENTRANT -DDSO_DLFCN -DHAVE_DLFCN_H -ffunction-sections -fdata-sections -mips2 -mabi=32 -O3 -Wall -DBN_DIV3W -DOPENSSL_BN_ASM_MONT -DSHA1_ASM -DSHA256_ASM -DAES_ASM   -c -o tb_rand.o tb_rand.c
mipsel-uclibc-gcc -I.. -I../.. -I../modes -I../asn1 -I../evp -I../../include  -fPIC -DOPENSSL_PIC -DOPENSSL_THREADS -D_REENTRANT -DDSO_DLFCN -DHAVE_DLFCN_H -ffunction-sections -fdata-sections -mips2 -mabi=32 -O3 -Wall -DBN_DIV3W -DOPENSSL_BN_ASM_MONT -DSHA1_ASM -DSHA256_ASM -DAES_ASM   -c -o tb_store.o tb_store.c
mipsel-uclibc-gcc -I.. -I../.. -I../modes -I../asn1 -I../evp -I../../include  -fPIC -DOPENSSL_PIC -DOPENSSL_THREADS -D_REENTRANT -DDSO_DLFCN -DHAVE_DLFCN_H -ffunction-sections -fdata-sections -mips2 -mabi=32 -O3 -Wall -DBN_DIV3W -DOPENSSL_BN_ASM_MONT -DSHA1_ASM -DSHA256_ASM -DAES_ASM   -c -o tb_cipher.o tb_cipher.c
mipsel-uclibc-gcc -I.. -I../.. -I../modes -I../asn1 -I../evp -I../../include  -fPIC -DOPENSSL_PIC -DOPENSSL_THREADS -D_REENTRANT -DDSO_DLFCN -DHAVE_DLFCN_H -ffunction-sections -fdata-sections -mips2 -mabi=32 -O3 -Wall -DBN_DIV3W -DOPENSSL_BN_ASM_MONT -DSHA1_ASM -DSHA256_ASM -DAES_ASM   -c -o tb_digest.o tb_digest.c
mipsel-uclibc-gcc -I.. -I../.. -I../modes -I../asn1 -I../evp -I../../include  -fPIC -DOPENSSL_PIC -DOPENSSL_THREADS -D_REENTRANT -DDSO_DLFCN -DHAVE_DLFCN_H -ffunction-sections -fdata-sections -mips2 -mabi=32 -O3 -Wall -DBN_DIV3W -DOPENSSL_BN_ASM_MONT -DSHA1_ASM -DSHA256_ASM -DAES_ASM   -c -o tb_pkmeth.o tb_pkmeth.c
mipsel-uclibc-gcc -I.. -I../.. -I../modes -I../asn1 -I../evp -I../../include  -fPIC -DOPENSSL_PIC -DOPENSSL_THREADS -D_REENTRANT -DDSO_DLFCN -DHAVE_DLFCN_H -ffunction-sections -fdata-sections -mips2 -mabi=32 -O3 -Wall -DBN_DIV3W -DOPENSSL_BN_ASM_MONT -DSHA1_ASM -DSHA256_ASM -DAES_ASM   -c -o tb_asnmth.o tb_asnmth.c
make[6]: *** No rule to make target '../../include/openssl/rc4.h', needed by 'eng_openssl.o'.  Stop.
make[6]: Leaving directory '/home/jamie/asuswrt-merlin/release/src/router/openssl/crypto/engine'
make[5]: *** [Makefile:88: subdirs] Error 1
make[5]: Leaving directory '/home/jamie/asuswrt-merlin/release/src/router/openssl/crypto'
make[4]: *** [Makefile:288: build_crypto] Error 1
make[4]: Leaving directory '/home/jamie/asuswrt-merlin/release/src/router/openssl'
make[3]: *** [Makefile:1616: openssl] Error 2
make[3]: Leaving directory '/home/jamie/asuswrt-merlin/release/src/router'
make[2]: *** [Makefile:207: all] Error 2
make[2]: Leaving directory '/home/jamie/asuswrt-merlin/release/src-rt-6.x'
make[1]: *** [Makefile:2830: bin] Error 2
make[1]: Leaving directory '/home/jamie/asuswrt-merlin/release/src-rt-6.x'
make: *** [Makefile:2893: rt-ac66u] Error 2
